# Blender 5.0.1
# www.blender.org
mtllib well_taller.mtl
o Plane
v -16.761993 0.000000 17.207958
v 16.614105 0.000000 17.207958
v -16.761993 0.000000 -16.168140
v 16.614105 0.000000 -16.168140
vn -0.0000 1.0000 -0.0000
vt 0.000000 0.000000
vt 1.000000 0.000000
vt 1.000000 1.000000
vt 0.000000 1.000000
s 0
usemtl Grass
f 1/1/1 2/2/1 4/3/1 3/4/1
o Cube
v 0.256115 0.285386 -0.220180
v 0.235120 -0.019076 -0.239659
v 0.295409 -0.007772 -0.208072
v 0.402074 0.256084 0.084929
v 0.424207 -0.028480 0.059405
v -0.237131 0.250860 -0.238837
v -0.268669 -0.038470 -0.221498
v -0.436224 0.248602 0.014369
v -0.408088 0.281002 0.064628
v -0.400074 -0.020546 0.073167
v -0.428417 -0.017850 0.016093
v 0.032244 -0.060922 -0.118295
v 0.017995 -0.012991 -0.173150
v -0.138176 0.251906 0.169242
v 0.135039 0.250223 0.174675
v -0.127006 -0.068879 0.122028
v -0.137047 -0.013308 0.166667
v 0.017703 0.296535 -0.127120
v 0.082089 0.248618 -0.183476
v -0.083231 0.250026 -0.187914
v 0.380238 0.296584 0.044668
v 0.302798 0.256533 -0.209847
v -0.257159 0.298644 -0.196892
v 0.251098 -0.062593 -0.199627
v -0.386006 -0.062522 0.039272
v 0.386324 -0.060095 0.053553
v 0.032604 0.302227 0.137652
v 0.424717 0.246291 0.012894
v -0.286659 0.258998 -0.215787
v 0.138807 -0.014749 0.172396
v 0.729812 0.301346 -0.286442
v 0.509580 0.299630 -0.440905
v 0.755056 -0.006307 -0.363200
v 0.735715 -0.064351 -0.310118
v 0.514641 -0.064595 -0.449072
v 0.472547 -0.020444 -0.477989
v 0.432598 0.250188 0.014343
v 0.494617 0.286918 0.000035
v 0.280215 0.253169 -0.243391
v 0.424702 -0.008588 0.019871
v 0.487297 -0.062172 -0.011290
v 0.525451 -0.006914 0.011111
v 0.310029 -0.056195 -0.225247
v 0.278025 -0.023894 -0.247769
v 0.378112 0.251613 -0.337604
v 0.375764 -0.013739 -0.349324
v 0.751874 0.241780 -0.227552
v 0.754993 -0.019652 -0.243546
v 0.766835 0.239093 -0.372507
v 0.483533 0.260894 -0.478056
v 0.319093 0.295564 -0.235940
v 0.827685 0.299400 -0.621209
v 0.871242 0.244298 -0.614551
v 0.558981 0.300064 -0.659372
v 0.826229 -0.006946 -0.664303
v 0.872757 -0.014289 -0.610506
v 0.831168 -0.062640 -0.629097
v 0.532334 -0.048169 -0.671309
v 0.770500 0.250691 -0.379355
v 0.808771 0.280878 -0.403064
v 0.488144 0.253773 -0.500558
v 0.769154 -0.008902 -0.373977
v 0.831090 -0.007926 -0.403835
v 0.503833 -0.048881 -0.493217
v 0.832891 0.239097 -0.671811
v 0.521088 0.259423 -0.672525
v 0.783900 -0.060078 -0.409667
v 0.528977 0.297613 -0.501160
v 0.100601 0.285386 -1.232049
v 0.104739 -0.019076 -1.203709
v 0.077588 -0.007772 -1.266122
v 0.178254 0.256084 -1.561238
v 0.145007 -0.028480 -1.555238
v 0.473099 0.250860 -0.908188
v 0.508538 -0.038470 -0.901916
v 0.786968 0.248602 -0.980559
v 0.796572 0.281002 -1.037352
v 0.795685 -0.020546 -1.049029
v 0.781969 -0.017850 -0.986798
v 0.338873 -0.060922 -1.171013
v 0.315571 -0.012991 -1.119350
v 0.651938 0.251906 -1.288106
v 0.442534 0.250223 -1.463678
v 0.613629 -0.068879 -1.258335
v 0.649444 -0.013308 -1.286808
v 0.344666 0.296535 -1.155020
v 0.259172 0.248618 -1.151501
v 0.385159 0.250026 -1.044368
v 0.170013 0.296584 -1.516184
v 0.070720 0.256534 -1.269373
v 0.515004 0.298644 -0.928301
v 0.117399 -0.062593 -1.244911
v 0.763471 -0.062522 -1.031449
v 0.170844 -0.060095 -1.526922
v 0.499104 0.302227 -1.370600
v 0.115441 0.246291 -1.519329
v 0.526133 0.258998 -0.895082
v 0.438169 -0.014749 -1.464266
v -0.332025 0.301346 -1.468342
v -0.250005 0.299630 -1.212151
v -0.398543 -0.006307 -1.422468
v -0.351042 -0.064351 -1.453052
v -0.258974 -0.064595 -1.208705
v -0.242931 -0.020444 -1.160222
v 0.086572 0.250188 -1.528208
v 0.028523 0.286918 -1.554311
v 0.052109 0.253169 -1.230787
v 0.096203 -0.008588 -1.527837
v 0.027507 -0.062172 -1.540865
v 0.010661 -0.006914 -1.581777
v 0.039332 -0.056195 -1.263265
v 0.051206 -0.023894 -1.225976
v -0.082831 0.251613 -1.214938
v -0.088048 -0.013739 -1.204184
v -0.313990 0.241780 -1.528587
v -0.326145 -0.019652 -1.517734
v -0.413553 0.239093 -1.422176
v -0.251721 0.260894 -1.166811
v 0.025648 0.295564 -1.260228
v 0.799771 0.299400 -0.925492
v 0.842792 0.244298 -0.935020
v 0.535430 0.300064 -0.863992
v 0.782844 -0.006946 -0.965148
v 0.845666 -0.014289 -0.931796
v 0.800169 -0.062640 -0.934105
v 0.506270 -0.048169 -0.865495
v 0.833833 0.250691 -0.679314
v 0.860952 0.280878 -0.715248
v 0.526759 0.253773 -0.690313
v 0.834521 -0.008902 -0.673813
v 0.881485 -0.007926 -0.724032
v 0.544041 -0.048881 -0.689136
v 0.786343 0.239097 -0.974556
v 0.495346 0.259423 -0.862565
v 0.835375 -0.060078 -0.712420
v 0.564616 0.297613 -0.705628
v -0.515678 0.285386 -0.529425
v -0.492854 -0.019076 -0.546724
v -0.534415 -0.007772 -0.492825
v -0.841472 0.256084 -0.438572
v -0.820171 -0.028480 -0.412349
v -0.411791 0.250860 -1.011968
v -0.423400 -0.038470 -1.046034
v -0.626647 0.248602 -1.251943
v -0.681024 0.281002 -1.232947
v -0.690823 -0.020546 -1.226534
v -0.629699 -0.017849 -1.244553
v -0.577208 -0.060922 -0.767570
v -0.520714 -0.012991 -0.772092
v -0.830847 0.251906 -0.985258
v -0.883564 0.250223 -0.717122
v -0.786284 -0.068879 -0.966072
v -0.828507 -0.013308 -0.983700
v -0.565997 0.296535 -0.780360
v -0.521656 0.248618 -0.707180
v -0.488624 0.250026 -0.869227
v -0.798034 0.296584 -0.453097
v -0.533948 0.256533 -0.485241
v -0.449630 0.298644 -1.038964
v -0.535049 -0.062593 -0.537930
v -0.659880 -0.062522 -1.206803
v -0.807840 -0.060095 -0.448643
v -0.829342 0.302227 -0.811587
v -0.774453 0.246291 -0.403783
v -0.425906 0.258998 -1.064742
v -0.881972 -0.014749 -0.713016
v -0.513852 0.301346 -0.036479
v -0.540584 0.242716 -0.005789
v -0.329051 0.299630 -0.231950
v -0.441572 -0.006307 -0.000358
v -0.491284 -0.064351 -0.027201
v -0.321704 -0.064595 -0.225758
v -0.286983 -0.020444 -0.263207
v -0.768297 0.250188 -0.374213
v -0.763146 0.286918 -0.310774
v -0.491171 0.253169 -0.487562
v -0.772621 -0.008589 -0.382828
v -0.750878 -0.062172 -0.316373
v -0.778581 -0.006914 -0.281875
v -0.513451 -0.056195 -0.460698
v -0.486521 -0.023894 -0.489093
v -0.412169 0.251613 -0.377024
v -0.400232 -0.013739 -0.377645
v -0.649904 0.245899 -0.106084
v -0.559949 -0.019652 -0.017792
v -0.434074 0.239093 0.012648
v -0.288511 0.260894 -0.252328
v -0.504187 0.295564 -0.450178
v -0.606260 0.299400 -1.267488
v -0.636581 0.244298 -1.299459
v -0.417415 0.300064 -1.072562
v -0.631537 -0.006946 -1.232556
v -0.635298 -0.014289 -1.303583
v -0.613848 -0.062640 -1.263394
v -0.403687 -0.048169 -1.046792
v -0.412774 0.250691 -1.423459
v -0.457542 0.280878 -1.428201
v -0.264070 0.253773 -1.154567
v -0.408412 -0.008902 -1.426881
v -0.475646 -0.007926 -1.441278
v -0.271961 -0.048881 -1.169987
v -0.641403 0.239097 -1.230711
v -0.395550 0.259423 -1.038935
v -0.441947 -0.060078 -1.407732
v -0.296693 0.297613 -1.179132
vn 0.4742 -0.4954 -0.7278
vn 0.7886 0.5917 0.1675
vn -0.2680 0.5697 -0.7769
vn -0.7631 -0.5411 0.3534
vn 0.1774 -0.7178 -0.6733
vn 0.4668 -0.0190 -0.8842
vn -0.8700 -0.0092 0.4930
vn 0.9547 0.0479 0.2936
vn -0.4230 -0.0082 -0.9061
vn -0.1335 0.8108 0.5699
vn 0.6118 0.7314 -0.3012
vn 0.2965 -0.5053 0.8104
vn -0.2819 0.5477 -0.7877
vn 0.3186 -0.0036 0.9479
vn -0.0199 -0.0089 0.9998
vn 0.0048 -0.9958 -0.0916
vn 0.0264 -0.0459 -0.9986
vn -0.0370 -0.9934 -0.1083
vn -0.0033 -0.9999 0.0116
vn 0.0133 0.9997 -0.0222
vn 0.3653 -0.0549 0.9293
vn -0.8308 -0.0396 -0.5552
vn 0.2425 0.0453 -0.9691
vn 0.9038 0.4193 0.0855
vn 0.9370 -0.3472 -0.0382
vn 0.0854 -0.4244 0.9014
vn -0.4851 -0.7876 0.3799
vn 0.5704 -0.6147 0.5449
vn 0.9988 -0.0481 -0.0048
vn 0.1922 0.0571 0.9797
vn -0.5410 -0.7565 -0.3675
vn 0.7416 -0.0321 0.6701
vn -0.8004 0.0311 -0.5987
vn 0.3451 -0.0521 -0.9371
vn 0.0863 0.0186 0.9961
vn -0.7979 0.0336 -0.6019
vn 0.3770 -0.0149 -0.9261
vn -0.7713 -0.4515 0.4485
vn 0.7018 0.4925 -0.5147
vn 0.6864 -0.3441 -0.6406
vn 0.3942 -0.4466 0.8032
vn 0.0939 -0.5260 -0.8453
vn 0.5052 0.0367 0.8622
vn 0.9598 0.0735 0.2708
vn 0.0003 -0.0305 -0.9995
vn 0.4340 0.0164 0.9008
vn 0.0243 -0.0031 -0.9997
vn -0.8258 -0.4954 0.2695
vn -0.5092 0.5917 -0.6250
vn -0.2785 0.5697 0.7732
vn 0.8160 -0.5411 0.2033
vn -0.5604 -0.7178 0.4132
vn -0.9181 -0.0190 0.3959
vn 0.9868 -0.0092 0.1616
vn -0.5595 0.0479 -0.8274
vn -0.2387 -0.0082 0.9711
vn 0.4614 0.8108 -0.3602
vn -0.6655 0.7314 -0.1490
vn 0.2772 -0.5053 -0.8172
vn -0.2745 0.5477 0.7903
vn 0.3462 -0.0036 -0.9381
vn 0.6425 -0.0089 -0.7662
vn -0.0612 -0.9958 0.0683
vn -0.6468 -0.0459 0.7613
vn -0.0391 -0.9934 0.1075
vn 0.0099 -0.9999 -0.0070
vn -0.0243 0.9997 0.0090
vn 0.2983 -0.0549 -0.9529
vn 0.2990 -0.0396 0.9534
vn -0.7966 0.0453 0.6028
vn -0.6682 0.4193 -0.6146
vn -0.7694 -0.3472 -0.5361
vn 0.4770 -0.4244 -0.7696
vn 0.6161 -0.7876 -0.0093
vn -0.1248 -0.6147 -0.7788
vn -0.7985 -0.0481 -0.6001
vn 0.4393 0.0571 -0.8965
vn 0.2087 -0.7565 0.6198
vn -0.1855 -0.0321 -0.9821
vn 0.2755 0.0311 0.9608
vn -0.8415 -0.0521 0.5377
vn 0.5335 0.0186 -0.8456
vn 0.2716 0.0336 0.9618
vn -0.8603 -0.0149 0.5097
vn 0.8856 -0.4515 0.1091
vn 0.4684 0.4925 -0.7335
vn 0.4086 -0.3441 -0.8454
vn 0.6578 -0.4466 0.6065
vn -0.2178 -0.5260 -0.8221
vn 0.7826 0.0367 0.6215
vn 0.9928 0.0735 -0.0943
vn -0.3609 -0.0305 -0.9321
vn 0.7301 0.0164 0.6831
vn -0.3386 -0.0031 -0.9409
vn 0.6346 -0.4954 0.5932
vn -0.3016 0.5917 0.7476
vn 0.8116 0.5697 -0.1292
vn -0.2157 -0.5411 -0.8128
vn 0.6323 -0.7178 0.2914
vn 0.7898 -0.0190 0.6130
vn -0.3347 -0.0092 -0.9423
vn -0.4547 0.0479 0.8894
vn 0.9657 -0.0082 -0.2595
vn -0.5381 0.8108 -0.2303
vn 0.1906 0.7314 0.6548
vn -0.8495 -0.5053 0.1515
vn 0.8247 0.5477 -0.1410
vn -0.9888 -0.0036 0.1495
vn -0.9812 -0.0089 -0.1930
vn 0.0894 -0.9958 0.0206
vn 0.9789 -0.0459 0.1991
vn 0.1130 -0.9934 -0.0177
vn -0.0109 -0.9999 -0.0053
vn 0.0196 0.9997 0.0170
vn -0.9785 -0.0549 0.1986
vn 0.6908 -0.0396 -0.7220
vn 0.9124 0.0453 0.4068
vn -0.1304 0.5058 0.8527
vn -0.0982 -0.3472 0.9326
vn -0.9043 -0.4244 -0.0464
vn -0.3055 -0.7876 -0.5351
vn -0.6219 -0.6147 0.4852
vn -0.1402 -0.0481 0.9889
vn -0.9972 0.0571 0.0479
vn 0.4422 -0.7565 -0.4819
vn -0.7705 -0.0497 0.6355
vn 0.7086 0.0311 -0.7050
vn -0.6757 0.0162 0.7370
vn 0.8771 -0.0521 0.4775
vn -0.9981 0.0186 -0.0592
vn 0.7114 0.0336 -0.7020
vn 0.8615 -0.0149 0.5075
vn -0.3318 -0.4515 -0.8283
vn -0.8700 0.4925 -0.0238
vn -0.9351 -0.3441 0.0851
vn 0.1812 -0.4466 -0.8762
vn -0.5926 -0.5260 0.6101
vn 0.1297 0.0367 -0.9909
vn -0.5921 0.0735 -0.8025
vn -0.6132 -0.0305 0.7893
vn 0.2096 0.0164 -0.9777
vn -0.6322 -0.0031 0.7748
vn 0.2145 0.6296 -0.7467
vn -0.0540 0.9979 0.0361
vn -0.3598 0.0169 0.9329
vn -0.2437 -0.6440 0.7251
vn 0.0236 0.7748 -0.6318
vn 0.0540 -0.8094 0.5848
vn 0.1837 0.7638 0.6188
vn -0.2290 -0.7363 -0.6367
vn -0.0130 0.5628 0.8265
vn 0.0171 0.9992 -0.0364
vn 0.6700 -0.6479 -0.3624
vn 0.0032 -1.0000 -0.0017
vn -0.5758 0.7570 -0.3088
vn 0.2213 -0.0287 -0.9748
vn 0.5488 0.7839 -0.2903
vn -0.5911 -0.7343 -0.3337
vn -0.8376 -0.0281 -0.5456
vn 0.8876 -0.0540 -0.4574
vn -0.0208 -0.0098 0.9997
vn -0.3347 -0.0106 0.9423
vn -0.6118 0.5322 -0.5852
vn -0.8958 -0.0234 0.4438
vn 0.3963 -0.5193 -0.7571
vn -0.7077 0.0269 -0.7060
vn 0.4683 -0.7903 0.3951
vn -0.0106 0.9995 0.0285
vn -0.5520 -0.6547 -0.5164
vn 0.5481 0.6819 0.4844
vn -0.5532 0.7388 0.3848
vn -0.5630 0.7371 -0.3738
vn 0.6690 0.0980 0.7368
vn 0.9947 0.0056 0.1026
vn -0.8772 0.0370 0.4786
vn -0.8608 -0.0012 0.5089
vn -0.0375 -0.9993 0.0032
vn 0.3296 0.7444 -0.5807
vn -0.7174 0.6863 -0.1199
vn -0.0023 -1.0000 0.0054
vn 0.7941 -0.0220 -0.6074
vn 0.7191 -0.6752 0.1642
vn 0.0173 0.9982 0.0579
vn -0.9838 -0.0459 -0.1735
vn 0.9803 0.0088 0.1974
vn 0.7717 0.6245 0.1199
vn -0.4125 0.0210 0.9107
vn -0.3944 0.0018 0.9189
vn -0.2841 0.5593 0.7788
vn 0.0758 0.5148 -0.8540
vn -0.2504 -0.6013 0.7588
vn -0.0435 -0.9990 -0.0036
vn -0.4033 0.0545 0.9135
vn -0.6354 0.6296 0.4471
vn 0.0648 0.9979 0.0058
vn 0.8653 0.0169 -0.5010
vn 0.6446 -0.6440 -0.4120
vn -0.4146 0.7748 0.4774
vn 0.3246 -0.8094 -0.4894
vn 0.2450 0.7638 -0.5972
vn -0.2209 -0.7363 0.6395
vn 0.5284 0.5628 -0.6356
vn -0.0361 0.9992 0.0176
vn -0.7491 -0.6479 -0.1379
vn -0.0036 -1.0000 -0.0006
vn 0.2549 0.7570 0.6016
vn -0.7837 -0.0287 0.6205
vn -0.6095 0.7839 -0.1180
vn 0.2511 -0.7343 0.6306
vn 0.3103 -0.0281 0.9502
vn -0.9782 -0.0540 -0.2004
vn 0.6432 -0.0098 -0.7657
vn 0.8516 -0.0106 -0.5241
vn 0.1334 0.5322 0.8360
vn 0.9761 -0.0234 0.2161
vn -0.7735 -0.5193 0.3634
vn 0.1368 0.0269 0.9902
vn -0.1341 -0.7903 -0.5978
vn 0.0256 0.9995 -0.0163
vn 0.1274 -0.6547 0.7451
vn -0.1437 0.6819 -0.7172
vn 0.6733 0.7388 0.0280
vn 0.2224 0.7371 0.6381
vn -0.0874 0.0980 -0.9913
vn -0.7303 0.0056 -0.6831
vn 0.9881 0.0370 0.1492
vn -0.2588 0.0545 -0.9644
vn 0.9934 -0.0012 0.1151
vn 0.0318 -0.9993 0.0202
vn -0.6136 0.7444 0.2633
vn -0.7122 0.6863 0.1474
vn 0.0051 -1.0000 -0.0029
vn 0.5210 -0.0220 -0.8533
vn 0.7299 -0.6752 -0.1067
vn 0.0370 0.9982 0.0477
vn -0.9800 -0.0459 0.1936
vn 0.9854 0.0088 -0.1701
vn 0.7629 0.6245 -0.1670
vn -0.0555 0.0210 0.9982
vn -0.0358 0.0018 0.9994
vn 0.0165 0.5593 0.8288
vn -0.2379 0.5148 -0.8237
vn 0.0407 -0.6013 0.7980
vn -0.0419 -0.9990 0.0123
vn 0.9947 0.0545 -0.0876
vn 0.6982 0.6296 0.3407
vn -0.0262 0.9979 -0.0595
vn -0.8564 0.0169 -0.5160
vn -0.6719 -0.6440 -0.3658
vn 0.6182 0.7748 0.1327
vn -0.5853 -0.8094 -0.0482
vn -0.6413 0.7638 0.0736
vn 0.6668 -0.7363 -0.1152
vn -0.8117 0.5628 -0.1561
vn 0.0328 0.9992 0.0231
vn 0.2408 -0.6479 0.7226
vn 0.0011 -1.0000 0.0034
vn 0.4039 0.7570 -0.5136
vn 0.9217 -0.0287 0.3869
vn 0.1908 0.7839 0.5908
vn 0.4311 -0.7343 -0.5243
vn 0.6825 -0.0281 -0.7303
vn 0.2966 -0.0540 0.9535
vn -0.9810 -0.0098 -0.1938
vn -0.8700 -0.0106 -0.4930
vn 0.6679 0.5322 -0.5203
vn -0.2817 -0.0234 -0.9592
vn 0.6916 -0.5193 0.5021
vn 0.8013 0.0269 -0.5977
vn -0.4589 -0.7903 0.4060
vn -0.0266 0.9995 -0.0146
vn 0.5911 -0.6547 -0.4712
vn -0.5218 0.7334 0.4357
vn -0.3004 0.7388 -0.6032
vn 0.4516 0.7371 -0.5027
vn -0.8630 0.0942 0.4963
vn -0.1715 -0.0324 0.9846
vn -0.3462 0.0370 -0.9374
vn -0.5463 0.5702 0.6135
vn -0.3786 -0.0012 -0.9256
vn 0.0023 -0.9993 -0.0376
vn 0.5267 0.7444 0.4104
vn 0.4931 0.6863 0.5346
vn -0.0050 -1.0000 -0.0030
vn -0.9997 -0.0220 -0.0072
vn -0.4673 -0.6752 -0.5707
vn 0.0218 0.9982 -0.0563
vn 0.6707 -0.0459 0.7403
vn -0.6533 0.0088 -0.7571
vn -0.5360 0.6245 -0.5680
vn 0.8843 0.0210 -0.4664
vn 0.8751 0.0018 -0.4840
vn 0.7020 0.5593 -0.4409
vn -0.5836 0.5148 0.6280
vn 0.6631 -0.6013 -0.4458
vn 0.0321 -0.9990 0.0296
vt 0.359389 0.532132
vt 0.398237 0.487405
vt 0.407275 0.535977
vt 0.592973 0.717727
vt 0.637599 0.729523
vt 0.591940 0.765609
vt 0.592090 0.265485
vt 0.591450 0.218060
vt 0.625000 0.249226
vt 0.140607 0.718796
vt 0.140611 0.750000
vt 0.125000 0.717781
vt 0.261723 0.532866
vt 0.134280 0.520514
vt 0.281158 0.493134
vt 0.594193 0.535060
vt 0.606227 0.014093
vt 0.588742 0.032866
vt 0.402196 0.000000
vt 0.402083 0.744068
vt 0.407866 0.240451
vt 0.606227 0.984388
vt 0.592574 0.911465
vt 0.631793 0.845323
vt 0.359465 0.717134
vt 0.312544 0.758399
vt 0.631770 0.397292
vt 0.617236 0.505989
vt 0.592134 0.411421
vt 0.592134 0.838537
vt 0.403679 0.836550
vt 0.213537 0.717134
vt 0.591414 0.338457
vt 0.403578 0.386471
vt 0.740216 0.527839
vt 0.859388 0.534123
vt 0.740026 0.721587
vt 0.407866 0.032219
vt 0.592134 0.479966
vt 0.674803 0.525884
vt 0.592134 0.537811
vt 0.592417 0.717728
vt 0.636606 0.749532
vt 0.587691 0.765542
vt 0.593060 0.032866
vt 0.592134 0.000000
vt 0.625000 0.036035
vt 0.404483 0.000000
vt 0.625000 0.984388
vt 0.592141 0.984072
vt 0.606366 0.259088
vt 0.592134 0.216987
vt 0.363023 0.718100
vt 0.397872 0.762568
vt 0.859388 0.714453
vt 0.655080 0.728467
vt 0.213537 0.532015
vt 0.369742 0.533451
vt 0.407866 0.026995
vt 0.592134 0.484388
vt 0.637599 0.522463
vt 0.592134 0.537780
vt 0.592844 0.717738
vt 0.637599 0.726489
vt 0.590510 0.765586
vt 0.593207 0.032866
vt 0.592681 0.000000
vt 0.625000 0.034976
vt 0.380033 0.738521
vt 0.610676 0.257150
vt 0.592131 0.217616
vt 0.859388 0.715349
vt 0.859388 0.532866
vt 0.362156 0.533145
vt 0.359389 0.532132
vt 0.398237 0.487405
vt 0.407275 0.535977
vt 0.637599 0.729523
vt 0.591940 0.765609
vt 0.591450 0.218060
vt 0.140607 0.718796
vt 0.125000 0.717781
vt 0.261723 0.532866
vt 0.134280 0.520514
vt 0.281158 0.493134
vt 0.606227 0.014093
vt 0.588742 0.032866
vt 0.402083 0.744068
vt 0.407866 0.240451
vt 0.606227 0.984388
vt 0.592574 0.911465
vt 0.359465 0.717134
vt 0.631770 0.397292
vt 0.617236 0.505989
vt 0.403679 0.836550
vt 0.591414 0.338457
vt 0.403578 0.386471
vt 0.740026 0.721587
vt 0.407866 0.032219
vt 0.592134 0.479966
vt 0.674803 0.525884
vt 0.592134 0.537811
vt 0.592417 0.717728
vt 0.636606 0.749532
vt 0.587691 0.765543
vt 0.593061 0.032866
vt 0.625000 0.036035
vt 0.592134 0.216987
vt 0.363023 0.718100
vt 0.397872 0.762568
vt 0.859388 0.714453
vt 0.655080 0.728467
vt 0.213537 0.532015
vt 0.369742 0.533451
vt 0.407866 0.026995
vt 0.637599 0.522463
vt 0.592844 0.717738
vt 0.590510 0.765586
vt 0.593207 0.032866
vt 0.625000 0.034976
vt 0.380033 0.738521
vt 0.610676 0.257150
vt 0.592131 0.217616
vt 0.859388 0.715349
vt 0.362156 0.533145
vt 0.359389 0.532132
vt 0.398237 0.487405
vt 0.407275 0.535977
vt 0.591940 0.765609
vt 0.591450 0.218060
vt 0.125000 0.717781
vt 0.261723 0.532866
vt 0.606227 0.014093
vt 0.402196 0.000000
vt 0.606227 0.984388
vt 0.631770 0.397292
vt 0.407866 0.032219
vt 0.592134 0.479966
vt 0.637599 0.523511
vt 0.592417 0.717728
vt 0.636606 0.749532
vt 0.587691 0.765542
vt 0.593060 0.032866
vt 0.625000 0.036035
vt 0.592134 0.216987
vt 0.363023 0.718100
vt 0.397872 0.762568
vt 0.655080 0.728467
vt 0.785459 0.532942
vt 0.213537 0.532015
vt 0.407866 0.026995
vt 0.637599 0.522463
vt 0.592134 0.537780
vt 0.592844 0.717738
vt 0.590510 0.765586
vt 0.592681 0.000000
vt 0.625000 0.034976
vt 0.380033 0.738521
vt 0.592131 0.217616
vt 0.859388 0.717134
vt 0.402196 0.984389
vt 0.226578 0.754200
vt 0.404748 0.910459
vt 0.140611 0.500000
vt 0.396918 0.487433
vt 0.135213 0.531659
vt 0.134893 0.719284
vt 0.397125 0.487252
vt 0.409284 0.265611
vt 0.635485 0.477750
vt 0.411774 0.217134
vt 0.398534 0.763148
vt 0.404483 0.984388
vt 0.396862 0.487427
vt 0.138012 0.531788
vt 0.592681 0.984388
vt 0.410840 0.265609
vt 0.138589 0.734916
vt 0.407866 0.012868
vt 0.411675 0.217134
vt 0.407866 0.984388
vt 0.402196 0.984388
vt 0.396918 0.487433
vt 0.135213 0.531659
vt 0.134893 0.719284
vt 0.397125 0.487252
vt 0.409284 0.265611
vt 0.635485 0.477749
vt 0.411774 0.217134
vt 0.398534 0.763148
vt 0.396862 0.487427
vt 0.138012 0.531788
vt 0.410840 0.265609
vt 0.411675 0.217134
vt 0.402196 0.984389
vt 0.396918 0.487433
vt 0.134893 0.719284
vt 0.397125 0.487252
vt 0.409284 0.265611
vt 0.629200 0.341644
vt 0.411774 0.217134
vt 0.398534 0.763148
vt 0.404483 0.984389
vt 0.396862 0.487427
vt 0.138012 0.531788
vt 0.592681 0.984388
vt 0.410840 0.265609
vt 0.407866 0.012868
vt 0.411675 0.217134
s 0
usemtl Stone_1
f 28/5/2 6/6/2 7/7/2
f 32/8/3 25/9/3 8/10/3
f 10/11/4 33/12/4 27/13/4
f 29/14/5 14/15/5 15/16/5
f 16/17/6 11/18/6 17/19/6
f 7/7/7 6/6/7 26/20/7
f 13/21/8 12/22/8 14/23/8
f 8/10/9 9/24/9 32/8/9
f 11/25/10 33/12/10 10/11/10
f 13/26/11 18/27/11 31/28/11
f 25/9/12 32/8/12 26/20/12
f 30/29/13 9/24/13 34/30/13
f 22/31/14 5/32/14 23/33/14
f 8/10/15 19/34/15 34/35/15
f 19/34/16 18/27/16 34/35/16
f 30/29/17 20/36/17 29/14/17
f 24/37/18 23/33/18 17/38/18
f 16/17/19 29/14/19 11/18/19
f 16/17/20 28/5/20 30/29/20
f 22/39/21 27/40/21 31/41/21
f 8/10/22 34/35/22 9/24/22
f 15/42/23 33/12/23 11/25/23
f 26/20/24 6/6/24 5/32/24
f 56/64/40 57/65/40 69/66/40
f 59/67/41 60/68/41 61/69/41
f 66/70/42 71/71/42 67/72/42
f 61/69/43 62/73/43 59/67/43
f 64/74/44 63/75/44 67/72/44
f 67/76/45 57/65/45 64/77/45
f 69/66/46 59/67/46 70/78/46
f 67/72/47 63/75/47 66/70/47
f 70/78/48 59/67/48 62/73/48
f 164/130/96 142/131/96 143/132/96
f 168/8/97 161/9/97 144/133/97
f 146/11/98 169/134/98 163/13/98
f 165/85/99 150/15/99 151/135/99
f 152/136/100 147/88/100 153/19/100
f 143/132/101 142/131/101 162/20/101
f 149/137/102 148/91/102 150/138/102
f 144/133/103 145/24/103 168/8/103
f 147/25/104 169/134/104 146/11/104
f 149/139/105 154/95/105 167/28/105
f 161/9/106 168/8/106 162/20/106
f 166/29/107 145/24/107 170/30/107
f 158/140/108 141/32/108 159/33/108
f 144/133/109 155/34/109 170/99/109
f 155/34/110 154/95/110 170/99/110
f 166/29/111 156/36/111 165/85/111
f 160/100/112 159/33/112 153/38/112
f 152/136/113 165/85/113 147/88/113
f 152/136/114 164/130/114 166/29/114
f 158/39/115 163/40/115 167/41/115
f 144/133/116 170/99/116 145/24/116
f 151/141/117 169/134/117 147/25/117
f 162/20/118 142/131/118 141/32/118
f 24/37/144 10/11/144 27/13/144 22/31/144
f 31/41/145 27/40/145 13/164/145
f 18/27/146 13/26/146 14/165/146
f 14/15/147 29/14/147 20/36/147 21/166/147
f 22/31/148 23/33/148 24/37/148
f 34/30/149 21/166/149 20/36/149 30/29/149
f 8/10/150 25/9/150 31/28/150 19/34/150
f 6/6/151 28/5/151 16/17/151 17/19/151
f 31/28/152 18/27/152 19/34/152
f 31/41/153 25/9/153 5/32/153 22/39/153
f 7/7/154 9/24/154 30/29/154 28/5/154
f 16/17/155 30/29/155 29/14/155
f 33/12/156 12/22/156 13/21/156 27/13/156
f 17/38/157 11/25/157 10/11/157 24/37/157
f 5/32/158 25/9/158 26/20/158
f 29/14/159 15/16/159 11/18/159
f 15/42/160 12/22/160 33/12/160
f 32/8/161 9/24/161 7/7/161 26/20/161
f 34/35/162 18/27/162 21/167/162
f 21/167/163 18/27/163 14/165/163
f 14/23/165 12/22/165 15/42/165
f 72/168/180 58/178/180 70/78/180 65/179/180
f 59/67/182 69/66/182 57/65/182 60/68/182
f 61/69/183 60/68/183 67/53/183 71/180/183
f 56/64/184 58/178/184 72/181/184 64/74/184
f 62/73/185 68/182/185 65/179/185 70/78/185
f 60/68/186 57/65/186 67/76/186
f 64/74/187 57/65/187 56/64/187
f 68/183/188 66/70/188 63/75/188
f 68/183/189 63/75/189 65/184/189
f 63/75/190 64/74/190 72/181/190 65/184/190
f 58/178/191 56/64/191 69/66/191 70/78/191
f 68/183/192 71/71/192 66/70/192
f 68/185/193 62/73/193 61/69/193 71/180/193
f 6/6/228 17/38/228 23/33/228 5/32/228
f 142/131/246 153/38/246 159/33/246 141/32/246
f 160/100/247 146/11/247 163/13/247 158/140/247
f 167/41/248 163/40/248 149/164/248
f 154/95/249 149/139/249 150/199/249
f 150/15/250 165/85/250 156/36/250 157/166/250
f 158/140/251 159/33/251 160/100/251
f 170/30/252 157/166/252 156/36/252 166/29/252
f 144/133/253 161/9/253 167/28/253 155/34/253
f 142/131/254 164/130/254 152/136/254 153/19/254
f 167/28/255 154/95/255 155/34/255
f 167/41/256 161/9/256 141/32/256 158/39/256
f 143/132/257 145/24/257 166/29/257 164/130/257
f 152/136/258 166/29/258 165/85/258
f 169/134/259 148/91/259 149/137/259 163/13/259
f 153/38/260 147/25/260 146/11/260 160/100/260
f 141/32/261 161/9/261 162/20/261
f 165/85/262 151/135/262 147/88/262
f 151/141/263 148/91/263 169/134/263
f 168/8/264 145/24/264 143/132/264 162/20/264
f 170/99/265 154/95/265 157/167/265
f 157/167/266 154/95/266 150/199/266
f 150/138/268 148/91/268 151/141/268
usemtl Stone_2
f 35/43/25 51/44/25 53/45/25
f 37/46/26 52/47/26 38/48/26
f 44/49/27 45/50/27 46/51/27
f 45/50/28 44/49/28 47/52/28
f 46/53/29 45/54/29 52/47/29
f 52/47/30 37/46/30 53/45/30
f 42/55/31 41/56/31 46/51/31
f 40/57/32 39/58/32 50/36/32
f 46/59/33 52/60/33 51/44/33
f 40/57/34 49/61/34 54/62/34
f 53/45/35 37/46/35 54/62/35
f 46/51/36 41/56/36 44/49/36
f 40/57/37 50/36/37 49/61/37
f 54/62/38 37/46/38 40/57/38
f 47/52/39 44/49/39 48/63/39
f 103/104/72 119/105/72 121/106/72
f 105/107/73 120/108/73 106/109/73
f 112/110/74 113/50/74 114/111/74
f 113/50/75 112/110/75 115/52/75
f 114/53/76 113/54/76 120/108/76
f 120/108/77 105/107/77 121/106/77
f 110/55/78 109/112/78 114/111/78
f 108/113/79 107/114/79 118/36/79
f 114/115/80 120/116/80 119/105/80
f 108/113/81 117/117/81 122/118/81
f 121/106/82 105/107/82 122/118/82
f 114/111/83 109/112/83 112/110/83
f 108/113/84 118/36/84 117/117/84
f 122/118/85 105/107/85 108/113/85
f 115/52/86 112/110/86 116/119/86
f 171/142/119 172/143/119 190/106/119
f 174/144/120 189/145/120 175/146/120
f 181/147/121 182/50/121 183/148/121
f 182/50/122 181/147/122 184/52/122
f 183/53/123 182/54/123 189/145/123
f 189/145/124 174/144/124 190/106/124
f 179/55/125 178/149/125 183/148/125
f 177/150/126 176/151/126 187/36/126
f 183/59/127 189/152/127 188/153/127
f 177/150/128 186/154/128 191/118/128
f 172/143/129 188/153/129 189/145/129
f 190/106/130 174/144/130 191/118/130
f 183/148/131 178/149/131 181/147/131
f 177/150/132 187/36/132 186/154/132
f 191/118/133 174/144/133 177/150/133
f 184/52/134 181/147/134 185/155/134
f 55/168/164 36/169/164 49/61/164 43/170/164
f 37/46/166 38/48/166 39/58/166 40/57/166
f 50/36/167 48/171/167 43/170/167 49/61/167
f 52/47/168 45/54/168 38/48/168
f 36/172/169 55/173/169 42/55/169 35/43/169
f 47/15/170 48/171/170 50/36/170 39/58/170
f 42/55/171 51/174/171 35/43/171
f 41/56/172 42/55/172 55/173/172 43/175/172
f 54/62/173 49/61/173 36/169/173
f 51/44/174 42/77/174 46/59/174
f 51/44/175 52/47/175 53/45/175
f 48/63/176 44/49/176 41/56/176
f 48/63/177 41/56/177 43/175/177
f 39/176/178 45/54/178 47/177/178
f 36/169/179 35/43/179 53/45/179 54/62/179
f 38/48/181 45/54/181 39/176/181
f 123/168/215 104/187/215 117/117/215 111/188/215
f 105/107/217 106/109/217 107/114/217 108/113/217
f 118/36/218 116/189/218 111/188/218 117/117/218
f 120/108/219 113/54/219 106/109/219
f 104/190/220 123/191/220 110/55/220 103/104/220
f 115/15/221 116/189/221 118/36/221 107/114/221
f 110/55/222 119/192/222 103/104/222
f 109/112/223 110/55/223 123/191/223 111/193/223
f 122/118/224 117/117/224 104/187/224
f 119/105/225 110/77/225 114/115/225
f 119/105/226 120/108/226 121/106/226
f 116/119/227 112/110/227 109/112/227
f 116/119/229 109/112/229 111/193/229
f 107/194/230 113/54/230 115/177/230
f 104/187/231 103/104/231 121/106/231 122/118/231
f 106/109/233 113/54/233 107/194/233
f 192/168/267 173/200/267 186/154/267 180/188/267
f 174/144/269 175/146/269 176/151/269 177/150/269
f 187/36/270 185/201/270 180/188/270 186/154/270
f 189/145/271 182/54/271 175/146/271
f 173/202/272 192/203/272 179/55/272 171/142/272
f 184/15/273 185/201/273 187/36/273 176/151/273
f 179/55/274 188/204/274 171/142/274
f 178/149/275 179/55/275 192/203/275 180/205/275
f 191/118/276 186/154/276 173/200/276
f 188/153/277 179/77/277 183/59/277
f 172/143/278 189/145/278 190/106/278
f 185/155/279 181/147/279 178/149/279
f 188/204/280 172/143/280 171/142/280
f 185/155/281 178/149/281 180/205/281
f 176/206/282 182/54/282 184/207/282
f 173/200/283 171/142/283 190/106/283 191/118/283
f 175/146/285 182/54/285 176/206/285
usemtl Stone_3
f 96/79/49 74/80/49 75/81/49
f 100/8/50 93/82/50 76/83/50
f 78/11/51 101/84/51 95/13/51
f 97/85/52 82/15/52 83/86/52
f 84/87/53 79/88/53 85/89/53
f 75/81/54 74/80/54 94/20/54
f 81/90/55 80/91/55 82/23/55
f 76/83/56 77/92/56 100/8/56
f 79/93/57 101/84/57 78/11/57
f 81/94/58 86/95/58 99/28/58
f 93/82/59 100/8/59 94/20/59
f 98/96/60 77/92/60 102/30/60
f 90/97/61 73/98/61 91/33/61
f 76/83/62 87/34/62 102/99/62
f 87/34/63 86/95/63 102/99/63
f 98/96/64 88/36/64 97/85/64
f 92/100/65 91/33/65 85/101/65
f 84/87/66 97/85/66 79/88/66
f 84/87/67 96/79/67 98/96/67
f 90/39/68 95/40/68 99/102/68
f 76/83/69 102/99/69 77/92/69
f 83/103/70 101/84/70 79/93/70
f 94/20/71 74/80/71 73/98/71
f 124/64/87 125/120/87 137/66/87
f 127/121/88 128/68/88 129/122/88
f 134/123/89 139/71/89 135/124/89
f 129/122/90 130/125/90 127/121/90
f 132/126/91 131/127/91 135/124/91
f 135/128/92 125/120/92 132/77/92
f 137/66/93 127/121/93 138/129/93
f 135/124/94 131/127/94 134/123/94
f 138/129/95 127/121/95 130/125/95
f 193/64/135 194/156/135 206/157/135
f 196/158/136 197/68/136 198/159/136
f 203/70/137 208/160/137 204/161/137
f 198/159/138 199/162/138 196/158/138
f 201/74/139 200/163/139 204/161/139
f 204/128/140 194/156/140 201/77/140
f 206/157/141 196/158/141 207/129/141
f 204/161/142 200/163/142 203/70/142
f 207/129/143 196/158/143 199/162/143
f 74/80/194 85/101/194 91/33/194 73/98/194
f 92/100/195 78/11/195 95/13/195 90/97/195
f 99/102/196 95/40/196 81/164/196
f 86/95/197 81/94/197 82/186/197
f 82/15/198 97/85/198 88/36/198 89/166/198
f 90/97/199 91/33/199 92/100/199
f 102/30/200 89/166/200 88/36/200 98/96/200
f 76/83/201 93/82/201 99/28/201 87/34/201
f 74/80/202 96/79/202 84/87/202 85/89/202
f 99/28/203 86/95/203 87/34/203
f 99/102/204 93/82/204 73/98/204 90/39/204
f 75/81/205 77/92/205 98/96/205 96/79/205
f 84/87/206 98/96/206 97/85/206
f 101/84/207 80/91/207 81/90/207 95/13/207
f 85/101/208 79/93/208 78/11/208 92/100/208
f 73/98/209 93/82/209 94/20/209
f 97/85/210 83/86/210 79/88/210
f 83/103/211 80/91/211 101/84/211
f 100/8/212 77/92/212 75/81/212 94/20/212
f 102/99/213 86/95/213 89/167/213
f 89/167/214 86/95/214 82/186/214
f 82/23/216 80/91/216 83/103/216
f 140/168/232 126/195/232 138/129/232 133/196/232
f 127/121/234 137/66/234 125/120/234 128/68/234
f 129/122/235 128/68/235 135/53/235 139/180/235
f 124/64/236 126/195/236 140/197/236 132/126/236
f 130/125/237 136/182/237 133/196/237 138/129/237
f 128/68/238 125/120/238 135/128/238
f 132/126/239 125/120/239 124/64/239
f 136/183/240 134/123/240 131/127/240
f 136/183/241 131/127/241 133/198/241
f 131/127/242 132/126/242 140/197/242 133/198/242
f 126/195/243 124/64/243 137/66/243 138/129/243
f 136/183/244 139/71/244 134/123/244
f 136/185/245 130/125/245 129/122/245 139/180/245
f 209/168/284 195/208/284 207/129/284 202/209/284
f 196/158/286 206/157/286 194/156/286 197/68/286
f 198/159/287 197/68/287 204/53/287 208/210/287
f 193/64/288 195/208/288 209/211/288 201/74/288
f 199/162/289 205/182/289 202/209/289 207/129/289
f 197/68/290 194/156/290 204/128/290
f 201/74/291 194/156/291 193/64/291
f 205/212/292 203/70/292 200/163/292
f 205/212/293 200/163/293 202/213/293
f 200/163/294 201/74/294 209/211/294 202/213/294
f 195/208/295 193/64/295 206/157/295 207/129/295
f 205/212/296 208/160/296 203/70/296
f 205/185/297 199/162/297 198/159/297 208/210/297
o Cube.001
v 0.404165 0.562158 -0.622440
v 0.382421 0.328072 -0.618964
v 0.430119 0.336763 -0.640488
v 0.658050 0.539630 -0.566178
v 0.653090 0.320842 -0.591675
v 0.159075 0.535613 -0.332691
v 0.154623 0.313161 -0.305380
v 0.217987 0.533877 -0.092149
v 0.261749 0.558788 -0.085359
v 0.270717 0.326942 -0.086163
v 0.222732 0.329015 -0.096058
v 0.359728 0.295899 -0.438624
v 0.319768 0.332751 -0.456000
v 0.453015 0.536418 -0.199168
v 0.585806 0.535124 -0.361987
v 0.429728 0.289781 -0.228309
v 0.451991 0.332507 -0.201071
v 0.347494 0.570731 -0.434004
v 0.343897 0.533890 -0.499694
v 0.262849 0.534972 -0.401719
v 0.623327 0.570768 -0.572044
v 0.432547 0.539975 -0.645802
v 0.174974 0.572352 -0.300685
v 0.414228 0.294614 -0.609661
v 0.256866 0.294669 -0.110745
v 0.631591 0.296535 -0.571516
v 0.514840 0.575107 -0.317525
v 0.625175 0.532100 -0.614030
v 0.149553 0.541870 -0.291783
v 0.586212 0.331399 -0.365348
v 0.588582 0.574430 -0.940606
v 0.390687 0.573110 -0.880501
v 0.554081 0.337890 -0.992271
v 0.577047 0.293262 -0.955402
v 0.388142 0.293075 -0.887435
v 0.350685 0.327020 -0.875660
v 0.629788 0.535097 -0.618114
v 0.650523 0.563336 -0.662440
v 0.401537 0.537388 -0.648031
v 0.629392 0.336136 -0.610714
v 0.640198 0.294937 -0.663376
v 0.671843 0.337423 -0.675856
v 0.426652 0.299533 -0.657480
v 0.397849 0.324368 -0.648780
v 0.390906 0.536192 -0.751951
v 0.382699 0.332176 -0.756085
v 0.634689 0.528632 -0.926048
v 0.626485 0.327629 -0.935518
v 0.554030 0.526566 -1.003813
v 0.355851 0.543328 -0.882342
v 0.424475 0.569984 -0.668035
v 0.432317 0.572934 -1.158533
v 0.456994 0.530568 -1.181744
v 0.281851 0.573444 -1.013958
v 0.405540 0.337398 -1.178077
v 0.460161 0.331753 -1.180744
v 0.429193 0.294578 -1.164380
v 0.261994 0.305704 -1.003485
v 0.551622 0.535483 -1.009277
v 0.555409 0.558693 -1.043683
v 0.344415 0.537853 -0.895799
v 0.554239 0.335894 -1.005914
v 0.565521 0.336645 -1.057560
v 0.356295 0.305156 -0.901817
v 0.404153 0.526569 -1.185669
v 0.255928 0.542197 -0.997254
v 0.539623 0.296548 -1.031757
v 0.363405 0.571559 -0.920804
v -0.282095 0.562158 -1.007917
v -0.262979 0.328072 -0.996989
v -0.313630 0.336763 -1.010136
v -0.444568 0.539630 -1.210959
v -0.456693 0.320842 -1.187989
v 0.090519 0.535613 -1.079906
v 0.111114 0.313161 -1.098387
v 0.195481 0.533877 -1.304214
v 0.165653 0.558788 -1.336947
v 0.158164 0.326942 -1.341945
v 0.189335 0.329015 -1.304144
v -0.132207 0.295899 -1.123228
v -0.111977 0.332751 -1.084633
v -0.054700 0.536418 -1.368247
v -0.260241 0.535124 -1.324701
v -0.054836 0.289781 -1.330945
v -0.055097 0.332507 -1.366122
v -0.119780 0.570731 -1.119154
v -0.158174 0.533890 -1.065731
v -0.033602 0.534972 -1.091219
v -0.421199 0.570768 -1.184615
v -0.318854 0.539975 -1.007520
v 0.098207 0.572352 -1.114807
v -0.281920 0.294614 -1.024183
v 0.153536 0.294669 -1.314111
v -0.427305 0.296535 -1.190208
v -0.177082 0.575107 -1.314829
v -0.448970 0.532100 -1.153070
v 0.123591 0.541870 -1.105798
v -0.262666 0.331399 -1.322338
v -0.630200 0.574430 -0.858023
v -0.436235 0.573110 -0.786242
v -0.633959 0.337890 -0.796012
v -0.629959 0.293262 -0.839264
v -0.438400 0.293075 -0.779179
v -0.401446 0.327020 -0.765910
v -0.468029 0.535097 -1.139802
v -0.511346 0.563336 -1.117034
v -0.304317 0.537388 -0.977964
v -0.463239 0.336136 -1.145457
v -0.503688 0.294937 -1.110046
v -0.536439 0.337423 -1.119240
v -0.330034 0.299533 -0.985624
v -0.301832 0.324368 -0.975137
v -0.358683 0.536192 -0.888764
v -0.354645 0.332176 -0.880509
v -0.658122 0.528632 -0.897497
v -0.657313 0.327629 -0.884994
v -0.640897 0.526566 -0.786787
v -0.409601 0.543328 -0.763712
v -0.334682 0.569984 -0.975900
v 0.234885 0.572934 -1.285863
v 0.249508 0.530568 -1.316422
v 0.146819 0.573444 -1.096690
v 0.202855 0.337398 -1.294412
v 0.252823 0.331753 -1.316634
v 0.229860 0.294578 -1.290186
v 0.132087 0.305704 -1.079750
v 0.400057 0.535483 -1.189796
v 0.391158 0.558693 -1.223245
v 0.247848 0.537853 -1.009118
v 0.403713 0.335895 -1.187605
v 0.395573 0.336645 -1.239838
v 0.256751 0.305156 -1.019022
v 0.198819 0.526569 -1.300990
v 0.128683 0.542197 -1.071748
v 0.380747 0.296548 -1.206421
v 0.256521 0.571559 -1.039294
v -0.148866 0.562158 -0.301806
v -0.148520 0.328072 -0.323822
v -0.135590 0.336764 -0.273115
v -0.248291 0.539629 -0.061519
v -0.222320 0.320842 -0.061984
v -0.391737 0.535613 -0.593417
v -0.417862 0.313161 -0.602537
v -0.638850 0.533877 -0.577098
v -0.653124 0.558788 -0.535176
v -0.653887 0.326942 -0.526205
v -0.635823 0.329015 -0.571748
v -0.322195 0.295899 -0.377437
v -0.298154 0.332751 -0.413780
v -0.574198 0.536418 -0.327076
v -0.436866 0.535124 -0.168069
v -0.541461 0.289781 -0.344959
v -0.572145 0.332507 -0.327754
v -0.324623 0.570731 -0.390286
v -0.259305 0.533890 -0.382442
v -0.341746 0.534972 -0.479247
v -0.236495 0.570768 -0.094699
v -0.130778 0.539975 -0.269803
v -0.426015 0.572352 -0.583307
v -0.163196 0.294614 -0.294110
v -0.627276 0.294669 -0.535585
v -0.238446 0.296535 -0.086652
v -0.468351 0.575107 -0.245668
v -0.195465 0.532100 -0.085600
v -0.430375 0.541870 -0.609887
v -0.433626 0.331399 -0.167086
v 0.150411 0.574430 -0.069258
v 0.156319 0.529352 -0.038528
v 0.119675 0.573110 -0.273782
v 0.206538 0.337890 -0.095892
v 0.166725 0.293262 -0.078522
v 0.126905 0.293075 -0.275294
v 0.120693 0.327020 -0.314064
v -0.174646 0.535097 -0.075310
v -0.133801 0.563336 -0.048359
v -0.111907 0.537388 -0.296798
v -0.181910 0.336136 -0.076776
v -0.131375 0.294937 -0.058439
v -0.123622 0.337423 -0.025317
v -0.106205 0.299533 -0.270578
v -0.110630 0.324368 -0.300339
v -0.007545 0.536192 -0.292229
v -0.002263 0.332176 -0.299749
v 0.043787 0.531799 -0.019889
v 0.139874 0.327629 -0.032495
v 0.217965 0.526566 -0.094266
v 0.126554 0.543328 -0.307982
v -0.095446 0.569984 -0.271199
v -0.638596 0.572934 -0.596808
v -0.672323 0.530568 -0.593606
v -0.431084 0.573444 -0.618734
v -0.629431 0.337398 -0.564949
v -0.674211 0.331753 -0.596338
v -0.639715 0.294578 -0.590274
v -0.408977 0.305704 -0.614829
v -0.641304 0.535483 -0.787867
v -0.665395 0.558693 -0.763013
v -0.408043 0.537853 -0.750434
v -0.641309 0.335895 -0.792129
v -0.681892 0.336645 -0.758253
v -0.421118 0.305156 -0.752966
v -0.632991 0.526569 -0.558102
v -0.400364 0.542197 -0.616032
v -0.645612 0.296548 -0.762752
v -0.438377 0.571559 -0.742328
vn -0.2807 -0.4954 -0.8221
vn 0.6180 0.5917 -0.5177
vn -0.7769 0.5697 -0.2680
vn -0.1922 -0.5411 0.8187
vn -0.4208 -0.7178 -0.5547
vn -0.4084 -0.0190 -0.9126
vn -0.1482 -0.0092 0.9889
vn 0.8197 0.0479 -0.5707
vn -0.9742 -0.0082 -0.2255
vn 0.3664 0.8108 0.4564
vn 0.1400 0.7314 -0.6674
vn 0.8209 -0.5053 0.2661
vn -0.7940 0.5477 -0.2637
vn 0.9428 -0.0036 0.3335
vn 0.7749 -0.0089 0.6320
vn -0.0691 -0.9958 -0.0603
vn -0.7700 -0.0459 -0.6364
vn -0.1081 -0.9934 -0.0376
vn 0.0071 -0.9999 0.0098
vn -0.0093 0.9997 -0.0242
vn 0.9569 -0.0549 0.2853
vn -0.9493 -0.0396 0.3119
vn -0.6135 0.0453 -0.7884
vn 0.6245 0.4193 -0.6589
vn 0.5476 -0.3472 -0.7613
vn 0.7624 -0.4244 0.4885
vn 0.0001 -0.7876 0.6162
vn 0.7806 -0.6147 -0.1132
vn 0.6120 -0.0481 -0.7894
vn 0.8899 0.0571 0.4526
vn -0.6229 -0.7565 0.1994
vn 0.9848 -0.0321 -0.1708
vn -0.9648 0.0311 0.2611
vn -0.5251 -0.0521 -0.8495
vn 0.8375 0.0186 0.5461
vn -0.9658 0.0336 0.2571
vn -0.4967 -0.0149 -0.8678
vn -0.1224 -0.4515 0.8838
vn 0.0273 0.4925 -0.8699
vn -0.0812 -0.3441 -0.9354
vn 0.8755 -0.4466 0.1848
vn -0.6076 -0.5260 -0.5951
vn 0.9903 0.0367 0.1338
vn 0.8050 0.0735 -0.5888
vn -0.7868 -0.0305 -0.6164
vn 0.9768 0.0164 0.2136
vn -0.7722 -0.0031 -0.6354
vn -0.2969 -0.4954 0.8163
vn -0.8060 0.5917 0.0157
vn 0.4371 0.5697 0.6960
vn 0.6631 -0.5411 -0.5172
vn -0.0201 -0.7178 0.6959
vn -0.2542 -0.0190 0.9670
vn 0.7356 -0.0092 -0.6773
vn -0.9964 0.0479 -0.0695
vn 0.6174 -0.0082 0.7866
vn 0.0008 0.8108 -0.5853
vn -0.5276 0.7314 0.4321
vn -0.4725 -0.5053 -0.7221
vn 0.4531 0.5477 0.7033
vn -0.5252 -0.0036 -0.8510
vn -0.2072 -0.0089 -0.9783
vn 0.0161 -0.9958 0.0903
vn 0.2006 -0.0459 0.9786
vn 0.0606 -0.9934 0.0971
vn 0.0006 -0.9999 -0.0121
vn -0.0079 0.9997 0.0247
vn -0.5664 -0.0549 -0.8223
vn 0.9350 -0.0396 0.3524
vn -0.0165 0.0453 0.9988
vn -0.8958 0.4193 0.1472
vn -0.8965 -0.3472 0.2753
vn -0.3119 -0.4244 -0.8501
vn 0.3725 -0.7876 -0.4908
vn -0.6902 -0.6147 -0.3818
vn -0.9647 -0.0481 0.2588
vn -0.4351 0.0571 -0.8986
vn 0.6167 -0.7565 0.2178
vn -0.8877 -0.0321 -0.4594
vn 0.9263 0.0311 0.3754
vn -0.0954 -0.0521 0.9941
vn -0.3368 0.0186 -0.9414
vn 0.9247 0.0336 0.3792
vn -0.1291 -0.0149 0.9915
vn 0.6319 -0.4515 -0.6300
vn -0.2888 0.4925 -0.8210
vn -0.4137 -0.3441 -0.8429
vn 0.8831 -0.4466 -0.1440
vn -0.7816 -0.5260 -0.3353
vn 0.9718 0.0367 -0.2331
vn 0.5379 0.0735 -0.8398
vn -0.9564 -0.0305 -0.2905
vn 0.9880 0.0164 -0.1537
vn -0.9496 -0.0031 -0.3135
vn 0.8583 -0.4954 -0.1339
vn 0.4027 0.5917 0.6984
vn 0.3986 0.5697 -0.7187
vn -0.7730 -0.5411 -0.3312
vn 0.6193 -0.7178 -0.3182
vn 0.9696 -0.0190 -0.2440
vn -0.9482 -0.0092 -0.3174
vn 0.4200 0.0479 0.9063
vn 0.3910 -0.0082 -0.9204
vn -0.5131 0.8108 0.2817
vn 0.6331 0.7314 0.2536
vn -0.4044 -0.5053 0.7623
vn 0.3974 0.5477 -0.7363
vn -0.4919 -0.0036 0.8707
vn -0.7568 -0.0089 0.6536
vn 0.0713 -0.9958 -0.0576
vn 0.7603 -0.0459 -0.6480
vn 0.0558 -0.9934 -0.0999
vn -0.0109 -0.9999 0.0053
vn 0.0254 0.9997 -0.0050
vn -0.4469 -0.0549 0.8929
vn -0.1426 -0.0396 -0.9890
vn 0.8828 0.0453 -0.4676
vn 0.5910 0.5058 0.6284
vn 0.6738 -0.3472 0.6523
vn -0.5940 -0.4244 0.6834
vn -0.6097 -0.7876 -0.0894
vn -0.0014 -0.6147 0.7888
vn 0.6922 -0.0481 0.7201
vn -0.5770 0.0571 0.8147
vn -0.1068 -0.7565 -0.6452
vn 0.0254 -0.0497 0.9984
vn -0.1182 0.0311 -0.9925
vn 0.1637 0.0162 0.9864
vn 0.9167 -0.0521 -0.3962
vn -0.6619 0.0186 0.7493
vn -0.1142 0.0336 -0.9929
vn 0.9307 -0.0149 -0.3655
vn -0.8567 -0.4515 -0.2494
vn -0.5550 0.4925 0.6703
vn -0.5095 -0.3441 0.7887
vn -0.5782 -0.4466 -0.6828
vn 0.1150 -0.5260 0.8427
vn -0.7002 0.0367 -0.7130
vn -0.9969 0.0735 -0.0286
vn 0.2435 -0.0305 0.9694
vn -0.6405 0.0164 -0.7677
vn 0.2203 -0.0031 0.9754
vn -0.4557 0.6296 -0.6293
vn -0.0049 0.9979 0.0648
vn 0.5127 0.0169 0.8584
vn 0.4207 -0.6440 0.6389
vn -0.4829 0.7748 -0.4081
vn 0.4937 -0.8094 0.3180
vn 0.6005 0.7638 0.2369
vn -0.6425 -0.7363 -0.2122
vn 0.6427 0.5628 0.5197
vn -0.0181 0.9992 -0.0359
vn 0.1277 -0.6479 -0.7509
vn 0.0006 -1.0000 -0.0036
vn -0.5981 0.7570 0.2630
vn -0.6311 -0.0287 -0.7752
vn 0.1097 0.7839 -0.6111
vn -0.6272 -0.7343 0.2597
vn -0.9459 -0.0281 0.3231
vn 0.1871 -0.0540 -0.9809
vn 0.7743 -0.0098 0.6327
vn 0.5356 -0.0106 0.8444
vn -0.8379 0.5322 0.1209
vn -0.2029 -0.0234 0.9789
vn -0.3518 -0.5193 -0.7788
vn -0.9922 0.0269 0.1219
vn 0.5997 -0.7903 -0.1252
vn 0.0159 0.9995 0.0259
vn -0.7469 -0.6547 0.1162
vn 0.7193 0.6819 -0.1330
vn -0.0381 0.7388 0.6728
vn -0.6414 0.7371 0.2128
vn 0.9925 0.0980 -0.0725
vn 0.6940 0.0056 -0.7200
vn -0.1639 0.0370 0.9858
vn -0.1300 -0.0012 0.9915
vn -0.0206 -0.9993 0.0315
vn -0.2541 0.7444 -0.6175
vn -0.5367 0.6863 0.4909
vn 0.0028 -1.0000 0.0051
vn 0.0114 -0.0220 -0.9997
vn 0.5727 -0.6752 -0.4650
vn 0.0562 0.9982 0.0221
vn -0.7431 -0.0459 0.6676
vn 0.7597 0.0088 -0.6502
vn 0.5702 0.6245 -0.5337
vn 0.4628 0.0210 0.8862
vn 0.4804 0.0018 0.8771
vn 0.4380 0.5593 0.7038
vn -0.6256 0.5148 -0.5861
vn 0.4431 -0.6013 0.6649
vn -0.0297 -0.9990 0.0320
vn 0.4706 0.0545 0.8807
vn -0.0397 0.6296 0.7759
vn 0.0445 0.9979 -0.0474
vn 0.1389 0.0169 -0.9902
vn 0.0730 -0.6440 -0.7615
vn 0.1203 0.7748 0.6207
vn -0.1852 -0.8094 -0.5573
vn -0.3192 0.7638 -0.5611
vn 0.3674 -0.7363 0.5682
vn -0.1747 0.5628 -0.8079
vn -0.0084 0.9992 0.0393
vn -0.5704 -0.6479 0.5048
vn -0.0027 -1.0000 0.0024
vn 0.6308 0.7570 0.1702
vn 0.0055 -0.0287 0.9996
vn -0.4687 0.7839 0.4072
vn 0.6514 -0.7343 0.1910
vn 0.9395 -0.0281 0.3415
vn -0.7609 -0.0540 0.6467
vn -0.2063 -0.0098 -0.9784
vn 0.1124 -0.0106 -0.9936
vn 0.7405 0.5322 0.4104
vn 0.7719 -0.0234 -0.6353
vn -0.1907 -0.5193 0.8331
vn 0.8640 0.0269 0.5028
vn -0.5534 -0.7903 -0.2629
vn 0.0030 0.9995 -0.0302
vn 0.6652 -0.6547 0.3591
vn -0.6533 0.6819 -0.3290
vn 0.4371 0.7388 -0.5129
vn 0.6395 0.7371 0.2183
vn -0.8344 0.0980 -0.5424
vn -0.9881 0.0056 0.1538
vn 0.7266 0.0370 -0.6860
vn -0.9189 0.0545 -0.3908
vn 0.7030 -0.0012 -0.7112
vn 0.0355 -0.9993 -0.0126
vn -0.1710 0.7444 0.6455
vn -0.3231 0.6863 0.6516
vn 0.0008 -1.0000 -0.0058
vn -0.3506 -0.0220 -0.9363
vn 0.3660 -0.6752 -0.6405
vn 0.0604 0.9982 0.0003
vn -0.4517 -0.0459 0.8910
vn 0.4735 0.0088 -0.8807
vn 0.3389 0.6245 -0.7037
vn 0.7517 0.0210 0.6591
vn 0.7648 0.0018 0.6443
vn 0.6627 0.5593 0.4980
vn -0.7952 0.5148 -0.3205
vn 0.6534 -0.6013 0.4599
vn -0.0161 -0.9990 0.0406
vn 0.5442 0.0545 -0.8372
vn 0.6987 0.6296 -0.3397
vn -0.0630 0.9979 -0.0160
vn -0.9343 0.0169 0.3562
vn -0.7022 -0.6440 0.3035
vn 0.4856 0.7748 -0.4049
vn -0.3987 -0.8094 0.4311
vn -0.3374 0.7638 0.5503
vn 0.3204 -0.7363 -0.5960
vn -0.6233 0.5628 0.5429
vn 0.0385 0.9992 -0.0116
vn 0.7174 -0.6479 0.2559
vn 0.0034 -1.0000 0.0012
vn -0.1554 0.7570 -0.6346
vn 0.8728 -0.0287 -0.4872
vn 0.5828 0.7839 0.2140
vn -0.1470 -0.7343 -0.6627
vn -0.1543 -0.0281 -0.9876
vn 0.9336 -0.0540 0.3543
vn -0.7574 -0.0098 0.6529
vn -0.9245 -0.0106 0.3811
vn 0.0021 0.5322 -0.8466
vn -0.9289 -0.0234 -0.3695
vn 0.8217 -0.5193 -0.2350
vn 0.0234 0.0269 -0.9994
vn 0.0368 -0.7903 0.6116
vn -0.0279 0.9995 0.0120
vn -0.0065 -0.6547 -0.7559
vn 0.0213 0.7334 0.6794
vn -0.6602 0.7388 -0.1353
vn -0.1174 0.7371 -0.6655
vn -0.1413 0.0942 0.9855
vn 0.6695 -0.0324 0.7421
vn -0.9515 0.0370 -0.3053
vn 0.1463 0.5702 0.8084
vn -0.9621 -0.0012 -0.2726
vn -0.0282 -0.9993 -0.0250
vn 0.6479 0.7444 -0.1617
vn 0.7250 0.6863 -0.0586
vn -0.0055 -1.0000 0.0021
vn -0.6220 -0.0220 0.7827
vn -0.7375 -0.6752 0.0161
vn -0.0309 0.9982 -0.0519
vn 0.9964 -0.0459 -0.0716
vn -0.9988 0.0088 0.0477
vn -0.7777 0.6245 0.0719
vn 0.1779 0.0210 -0.9838
vn 0.1584 0.0018 -0.9874
vn 0.0856 0.5593 -0.8245
vn 0.1347 0.5148 0.8467
vn 0.0578 -0.6013 -0.7969
vn 0.0431 -0.9990 -0.0071
vt 0.359389 0.532132
vt 0.398237 0.487405
vt 0.407275 0.535977
vt 0.592973 0.717727
vt 0.637599 0.729523
vt 0.591940 0.765609
vt 0.592090 0.265485
vt 0.591450 0.218060
vt 0.625000 0.249226
vt 0.140607 0.718796
vt 0.140611 0.750000
vt 0.125000 0.717781
vt 0.261723 0.532866
vt 0.134280 0.520514
vt 0.281158 0.493134
vt 0.594193 0.535060
vt 0.606227 0.014093
vt 0.588742 0.032866
vt 0.402196 0.000000
vt 0.402083 0.744068
vt 0.407866 0.240451
vt 0.606227 0.984388
vt 0.592574 0.911465
vt 0.631793 0.845323
vt 0.359465 0.717134
vt 0.312544 0.758399
vt 0.631770 0.397292
vt 0.617236 0.505989
vt 0.592134 0.411421
vt 0.592134 0.838537
vt 0.403679 0.836550
vt 0.213537 0.717134
vt 0.591414 0.338457
vt 0.403578 0.386471
vt 0.740216 0.527839
vt 0.859388 0.534123
vt 0.740026 0.721587
vt 0.407866 0.032219
vt 0.592134 0.479966
vt 0.674803 0.525884
vt 0.592134 0.537811
vt 0.592417 0.717728
vt 0.636606 0.749532
vt 0.587691 0.765542
vt 0.593060 0.032866
vt 0.592134 0.000000
vt 0.625000 0.036035
vt 0.404483 0.000000
vt 0.625000 0.984388
vt 0.592141 0.984072
vt 0.606366 0.259088
vt 0.592134 0.216987
vt 0.363023 0.718100
vt 0.397872 0.762568
vt 0.859388 0.714453
vt 0.655080 0.728467
vt 0.213537 0.532015
vt 0.369742 0.533451
vt 0.407866 0.026995
vt 0.592134 0.484388
vt 0.637599 0.522463
vt 0.592134 0.537780
vt 0.592844 0.717738
vt 0.637599 0.726489
vt 0.590510 0.765586
vt 0.593207 0.032866
vt 0.592681 0.000000
vt 0.625000 0.034976
vt 0.380033 0.738521
vt 0.610676 0.257150
vt 0.592131 0.217616
vt 0.859388 0.715349
vt 0.859388 0.532866
vt 0.362156 0.533145
vt 0.359389 0.532132
vt 0.398237 0.487405
vt 0.407275 0.535977
vt 0.637599 0.729523
vt 0.591940 0.765609
vt 0.591450 0.218060
vt 0.140607 0.718796
vt 0.125000 0.717781
vt 0.261723 0.532866
vt 0.134280 0.520514
vt 0.281158 0.493134
vt 0.606227 0.014093
vt 0.588742 0.032866
vt 0.402083 0.744068
vt 0.407866 0.240451
vt 0.606227 0.984388
vt 0.592574 0.911465
vt 0.359465 0.717134
vt 0.631770 0.397292
vt 0.617236 0.505989
vt 0.403679 0.836550
vt 0.591414 0.338457
vt 0.403578 0.386471
vt 0.740026 0.721587
vt 0.407866 0.032219
vt 0.592134 0.479966
vt 0.674803 0.525884
vt 0.592134 0.537811
vt 0.592417 0.717728
vt 0.636606 0.749532
vt 0.587691 0.765543
vt 0.593061 0.032866
vt 0.625000 0.036035
vt 0.592134 0.216987
vt 0.363023 0.718100
vt 0.397872 0.762568
vt 0.859388 0.714453
vt 0.655080 0.728467
vt 0.213537 0.532015
vt 0.369742 0.533451
vt 0.407866 0.026995
vt 0.637599 0.522463
vt 0.592844 0.717738
vt 0.590510 0.765586
vt 0.593207 0.032866
vt 0.625000 0.034976
vt 0.380033 0.738521
vt 0.610676 0.257150
vt 0.592131 0.217616
vt 0.859388 0.715349
vt 0.362156 0.533145
vt 0.359389 0.532132
vt 0.398237 0.487405
vt 0.407275 0.535977
vt 0.591940 0.765609
vt 0.591450 0.218060
vt 0.125000 0.717781
vt 0.261723 0.532866
vt 0.606227 0.014093
vt 0.402196 0.000000
vt 0.606227 0.984388
vt 0.631770 0.397292
vt 0.407866 0.032219
vt 0.592134 0.479966
vt 0.637599 0.523511
vt 0.592417 0.717728
vt 0.636606 0.749532
vt 0.587691 0.765542
vt 0.593060 0.032866
vt 0.625000 0.036035
vt 0.592134 0.216987
vt 0.363023 0.718100
vt 0.397872 0.762568
vt 0.655080 0.728467
vt 0.785459 0.532942
vt 0.213537 0.532015
vt 0.407866 0.026995
vt 0.637599 0.522463
vt 0.592134 0.537780
vt 0.592844 0.717738
vt 0.590510 0.765586
vt 0.592681 0.000000
vt 0.625000 0.034976
vt 0.380033 0.738521
vt 0.592131 0.217616
vt 0.859388 0.717134
vt 0.402196 0.984389
vt 0.226578 0.754200
vt 0.404748 0.910459
vt 0.140611 0.500000
vt 0.396918 0.487433
vt 0.135213 0.531659
vt 0.134893 0.719284
vt 0.397125 0.487252
vt 0.409284 0.265611
vt 0.635485 0.477750
vt 0.411774 0.217134
vt 0.398534 0.763148
vt 0.404483 0.984388
vt 0.396862 0.487427
vt 0.138012 0.531788
vt 0.592681 0.984388
vt 0.410840 0.265609
vt 0.138589 0.734916
vt 0.407866 0.012868
vt 0.411675 0.217134
vt 0.407866 0.984388
vt 0.402196 0.984388
vt 0.396918 0.487433
vt 0.135213 0.531659
vt 0.134893 0.719284
vt 0.397125 0.487252
vt 0.409284 0.265611
vt 0.635485 0.477749
vt 0.411774 0.217134
vt 0.398534 0.763148
vt 0.396862 0.487427
vt 0.138012 0.531788
vt 0.410840 0.265609
vt 0.411675 0.217134
vt 0.402196 0.984389
vt 0.396918 0.487433
vt 0.134893 0.719284
vt 0.397125 0.487252
vt 0.409284 0.265611
vt 0.629200 0.341644
vt 0.411774 0.217134
vt 0.398534 0.763148
vt 0.404483 0.984389
vt 0.396862 0.487427
vt 0.138012 0.531788
vt 0.592681 0.984388
vt 0.410840 0.265609
vt 0.407866 0.012868
vt 0.411675 0.217134
s 0
usemtl Stone_1
f 240/252/321 256/253/321 258/254/321
f 242/255/322 257/256/322 243/257/322
f 249/258/323 250/259/323 251/260/323
f 250/259/324 249/258/324 252/261/324
f 251/262/325 250/263/325 257/256/325
f 257/256/326 242/255/326 258/254/326
f 247/264/327 246/265/327 251/260/327
f 245/266/328 244/267/328 255/245/328
f 251/268/329 257/269/329 256/253/329
f 245/266/330 254/270/330 259/271/330
f 258/254/331 242/255/331 259/271/331
f 251/260/332 246/265/332 249/258/332
f 245/266/333 255/245/333 254/270/333
f 259/271/334 242/255/334 245/266/334
f 252/261/335 249/258/335 253/272/335
f 261/273/336 262/274/336 274/275/336
f 264/276/337 265/277/337 266/278/337
f 271/279/338 276/280/338 272/281/338
f 266/278/339 267/282/339 264/276/339
f 269/283/340 268/284/340 272/281/340
f 272/285/341 262/274/341 269/286/341
f 274/275/342 264/276/342 275/287/342
f 272/281/343 268/284/343 271/279/343
f 275/287/344 264/276/344 267/282/344
f 369/339/392 347/340/392 348/341/392
f 373/217/393 366/218/393 349/342/393
f 351/220/394 374/343/394 368/222/394
f 370/294/395 355/224/395 356/344/395
f 357/345/396 352/297/396 358/228/396
f 348/341/397 347/340/397 367/229/397
f 354/346/398 353/300/398 355/347/398
f 349/342/399 350/233/399 373/217/399
f 352/234/400 374/343/400 351/220/400
f 354/348/401 359/304/401 372/237/401
f 366/218/402 373/217/402 367/229/402
f 371/238/403 350/233/403 375/239/403
f 363/349/404 346/241/404 364/242/404
f 349/342/405 360/243/405 375/308/405
f 360/243/406 359/304/406 375/308/406
f 371/238/407 361/245/407 370/294/407
f 365/309/408 364/242/408 358/247/408
f 357/345/409 370/294/409 352/297/409
f 357/345/410 369/339/410 371/238/410
f 363/248/411 368/249/411 372/250/411
f 349/342/412 375/308/412 350/233/412
f 356/350/413 374/343/413 352/234/413
f 367/229/414 347/340/414 346/241/414
f 260/377/460 241/378/460 254/270/460 248/379/460
f 242/255/462 243/257/462 244/267/462 245/266/462
f 255/245/463 253/380/463 248/379/463 254/270/463
f 257/256/464 250/263/464 243/257/464
f 241/381/465 260/382/465 247/264/465 240/252/465
f 252/224/466 253/380/466 255/245/466 244/267/466
f 247/264/467 256/383/467 240/252/467
f 246/265/468 247/264/468 260/382/468 248/384/468
f 259/271/469 254/270/469 241/378/469
f 256/253/470 247/286/470 251/268/470
f 256/253/471 257/256/471 258/254/471
f 253/272/472 249/258/472 246/265/472
f 253/272/473 246/265/473 248/384/473
f 244/385/474 250/263/474 252/386/474
f 241/378/475 240/252/475 258/254/475 259/271/475
f 277/377/476 263/387/476 275/287/476 270/388/476
f 243/257/477 250/263/477 244/385/477
f 264/276/478 274/275/478 262/274/478 265/277/478
f 266/278/479 265/277/479 272/262/479 276/389/479
f 261/273/480 263/387/480 277/390/480 269/283/480
f 267/282/481 273/391/481 270/388/481 275/287/481
f 265/277/482 262/274/482 272/285/482
f 269/283/483 262/274/483 261/273/483
f 273/392/484 271/279/484 268/284/484
f 273/392/485 268/284/485 270/393/485
f 268/284/486 269/283/486 277/390/486 270/393/486
f 263/387/487 261/273/487 274/275/487 275/287/487
f 273/392/488 276/280/488 271/279/488
f 273/394/489 267/282/489 266/278/489 276/389/489
f 347/340/542 358/247/542 364/242/542 346/241/542
f 365/309/543 351/220/543 368/222/543 363/349/543
f 372/250/544 368/249/544 354/373/544
f 359/304/545 354/348/545 355/408/545
f 355/224/546 370/294/546 361/245/546 362/375/546
f 363/349/547 364/242/547 365/309/547
f 375/239/548 362/375/548 361/245/548 371/238/548
f 349/342/549 366/218/549 372/237/549 360/243/549
f 347/340/550 369/339/550 357/345/550 358/228/550
f 372/237/551 359/304/551 360/243/551
f 372/250/552 366/218/552 346/241/552 363/248/552
f 348/341/553 350/233/553 371/238/553 369/339/553
f 357/345/554 371/238/554 370/294/554
f 374/343/555 353/300/555 354/346/555 368/222/555
f 358/247/556 352/234/556 351/220/556 365/309/556
f 346/241/557 366/218/557 367/229/557
f 370/294/558 356/344/558 352/297/558
f 356/350/559 353/300/559 374/343/559
f 373/217/560 350/233/560 348/341/560 367/229/560
f 375/308/561 359/304/561 362/376/561
f 362/376/562 359/304/562 355/408/562
f 355/347/564 353/300/564 356/350/564
usemtl Stone_2
f 233/214/298 211/215/298 212/216/298
f 237/217/299 230/218/299 213/219/299
f 215/220/300 238/221/300 232/222/300
f 234/223/301 219/224/301 220/225/301
f 221/226/302 216/227/302 222/228/302
f 212/216/303 211/215/303 231/229/303
f 218/230/304 217/231/304 219/232/304
f 213/219/305 214/233/305 237/217/305
f 216/234/306 238/221/306 215/220/306
f 218/235/307 223/236/307 236/237/307
f 230/218/308 237/217/308 231/229/308
f 235/238/309 214/233/309 239/239/309
f 227/240/310 210/241/310 228/242/310
f 213/219/311 224/243/311 239/244/311
f 224/243/312 223/236/312 239/244/312
f 235/238/313 225/245/313 234/223/313
f 229/246/314 228/242/314 222/247/314
f 221/226/315 234/223/315 216/227/315
f 221/226/316 233/214/316 235/238/316
f 227/248/317 232/249/317 236/250/317
f 213/219/318 239/244/318 214/233/318
f 220/251/319 238/221/319 216/234/319
f 231/229/320 211/215/320 210/241/320
f 301/288/345 279/289/345 280/290/345
f 305/217/346 298/291/346 281/292/346
f 283/220/347 306/293/347 300/222/347
f 302/294/348 287/224/348 288/295/348
f 289/296/349 284/297/349 290/298/349
f 280/290/350 279/289/350 299/229/350
f 286/299/351 285/300/351 287/232/351
f 281/292/352 282/301/352 305/217/352
f 284/302/353 306/293/353 283/220/353
f 286/303/354 291/304/354 304/237/354
f 298/291/355 305/217/355 299/229/355
f 303/305/356 282/301/356 307/239/356
f 295/306/357 278/307/357 296/242/357
f 281/292/358 292/243/358 307/308/358
f 292/243/359 291/304/359 307/308/359
f 303/305/360 293/245/360 302/294/360
f 297/309/361 296/242/361 290/310/361
f 289/296/362 302/294/362 284/297/362
f 289/296/363 301/288/363 303/305/363
f 295/248/364 300/249/364 304/311/364
f 281/292/365 307/308/365 282/301/365
f 288/312/366 306/293/366 284/302/366
f 299/229/367 279/289/367 278/307/367
f 229/246/440 215/220/440 232/222/440 227/240/440
f 236/250/441 232/249/441 218/373/441
f 223/236/442 218/235/442 219/374/442
f 219/224/443 234/223/443 225/245/443 226/375/443
f 227/240/444 228/242/444 229/246/444
f 239/239/445 226/375/445 225/245/445 235/238/445
f 213/219/446 230/218/446 236/237/446 224/243/446
f 211/215/447 233/214/447 221/226/447 222/228/447
f 236/237/448 223/236/448 224/243/448
f 236/250/449 230/218/449 210/241/449 227/248/449
f 212/216/450 214/233/450 235/238/450 233/214/450
f 221/226/451 235/238/451 234/223/451
f 238/221/452 217/231/452 218/230/452 232/222/452
f 222/247/453 216/234/453 215/220/453 229/246/453
f 210/241/454 230/218/454 231/229/454
f 234/223/455 220/225/455 216/227/455
f 220/251/456 217/231/456 238/221/456
f 237/217/457 214/233/457 212/216/457 231/229/457
f 239/244/458 223/236/458 226/376/458
f 226/376/459 223/236/459 219/374/459
f 219/232/461 217/231/461 220/251/461
f 279/289/490 290/310/490 296/242/490 278/307/490
f 297/309/491 283/220/491 300/222/491 295/306/491
f 304/311/492 300/249/492 286/373/492
f 291/304/493 286/303/493 287/395/493
f 287/224/494 302/294/494 293/245/494 294/375/494
f 295/306/495 296/242/495 297/309/495
f 307/239/496 294/375/496 293/245/496 303/305/496
f 281/292/497 298/291/497 304/237/497 292/243/497
f 279/289/498 301/288/498 289/296/498 290/298/498
f 304/237/499 291/304/499 292/243/499
f 304/311/500 298/291/500 278/307/500 295/248/500
f 280/290/501 282/301/501 303/305/501 301/288/501
f 289/296/502 303/305/502 302/294/502
f 306/293/503 285/300/503 286/299/503 300/222/503
f 290/310/504 284/302/504 283/220/504 297/309/504
f 278/307/505 298/291/505 299/229/505
f 302/294/506 288/295/506 284/297/506
f 288/312/507 285/300/507 306/293/507
f 305/217/508 282/301/508 280/290/508 299/229/508
f 307/308/509 291/304/509 294/376/509
f 294/376/510 291/304/510 287/395/510
f 287/232/512 285/300/512 288/312/512
f 211/215/524 222/247/524 228/242/524 210/241/524
usemtl Stone_3
f 308/313/368 324/314/368 326/315/368
f 310/316/369 325/317/369 311/318/369
f 317/319/370 318/259/370 319/320/370
f 318/259/371 317/319/371 320/261/371
f 319/262/372 318/263/372 325/317/372
f 325/317/373 310/316/373 326/315/373
f 315/264/374 314/321/374 319/320/374
f 313/322/375 312/323/375 323/245/375
f 319/324/376 325/325/376 324/314/376
f 313/322/377 322/326/377 327/327/377
f 326/315/378 310/316/378 327/327/378
f 319/320/379 314/321/379 317/319/379
f 313/322/380 323/245/380 322/326/380
f 327/327/381 310/316/381 313/322/381
f 320/261/382 317/319/382 321/328/382
f 329/273/383 330/329/383 342/275/383
f 332/330/384 333/277/384 334/331/384
f 339/332/385 344/280/385 340/333/385
f 334/331/386 335/334/386 332/330/386
f 337/335/387 336/336/387 340/333/387
f 340/337/388 330/329/388 337/286/388
f 342/275/389 332/330/389 343/338/389
f 340/333/390 336/336/390 339/332/390
f 343/338/391 332/330/391 335/334/391
f 376/351/415 377/352/415 395/315/415
f 379/353/416 394/354/416 380/355/416
f 386/356/417 387/259/417 388/357/417
f 387/259/418 386/356/418 389/261/418
f 388/262/419 387/263/419 394/354/419
f 394/354/420 379/353/420 395/315/420
f 384/264/421 383/358/421 388/357/421
f 382/359/422 381/360/422 392/245/422
f 388/268/423 394/361/423 393/362/423
f 382/359/424 391/363/424 396/327/424
f 377/352/425 393/362/425 394/354/425
f 395/315/426 379/353/426 396/327/426
f 388/357/427 383/358/427 386/356/427
f 382/359/428 392/245/428 391/363/428
f 396/327/429 379/353/429 382/359/429
f 389/261/430 386/356/430 390/364/430
f 398/273/431 399/365/431 411/366/431
f 401/367/432 402/277/432 403/368/432
f 408/279/433 413/369/433 409/370/433
f 403/368/434 404/371/434 401/367/434
f 406/283/435 405/372/435 409/370/435
f 409/337/436 399/365/436 406/286/436
f 411/366/437 401/367/437 412/338/437
f 409/370/438 405/372/438 408/279/438
f 412/338/439 401/367/439 404/371/439
f 328/377/511 309/396/511 322/326/511 316/397/511
f 310/316/513 311/318/513 312/323/513 313/322/513
f 323/245/514 321/398/514 316/397/514 322/326/514
f 325/317/515 318/263/515 311/318/515
f 309/399/516 328/400/516 315/264/516 308/313/516
f 320/224/517 321/398/517 323/245/517 312/323/517
f 315/264/518 324/401/518 308/313/518
f 314/321/519 315/264/519 328/400/519 316/402/519
f 327/327/520 322/326/520 309/396/520
f 324/314/521 315/286/521 319/324/521
f 324/314/522 325/317/522 326/315/522
f 321/328/523 317/319/523 314/321/523
f 321/328/525 314/321/525 316/402/525
f 312/403/526 318/263/526 320/386/526
f 309/396/527 308/313/527 326/315/527 327/327/527
f 345/377/528 331/404/528 343/338/528 338/405/528
f 311/318/529 318/263/529 312/403/529
f 332/330/530 342/275/530 330/329/530 333/277/530
f 334/331/531 333/277/531 340/262/531 344/389/531
f 329/273/532 331/404/532 345/406/532 337/335/532
f 335/334/533 341/391/533 338/405/533 343/338/533
f 333/277/534 330/329/534 340/337/534
f 337/335/535 330/329/535 329/273/535
f 341/392/536 339/332/536 336/336/536
f 341/392/537 336/336/537 338/407/537
f 336/336/538 337/335/538 345/406/538 338/407/538
f 331/404/539 329/273/539 342/275/539 343/338/539
f 341/392/540 344/280/540 339/332/540
f 341/394/541 335/334/541 334/331/541 344/389/541
f 397/377/563 378/409/563 391/363/563 385/397/563
f 379/353/565 380/355/565 381/360/565 382/359/565
f 392/245/566 390/410/566 385/397/566 391/363/566
f 394/354/567 387/263/567 380/355/567
f 378/411/568 397/412/568 384/264/568 376/351/568
f 389/224/569 390/410/569 392/245/569 381/360/569
f 384/264/570 393/413/570 376/351/570
f 383/358/571 384/264/571 397/412/571 385/414/571
f 396/327/572 391/363/572 378/409/572
f 393/362/573 384/286/573 388/268/573
f 377/352/574 394/354/574 395/315/574
f 390/364/575 386/356/575 383/358/575
f 393/413/576 377/352/576 376/351/576
f 390/364/577 383/358/577 385/414/577
f 381/415/578 387/263/578 389/416/578
f 378/409/579 376/351/579 395/315/579 396/327/579
f 414/377/580 400/417/580 412/338/580 407/418/580
f 380/355/581 387/263/581 381/415/581
f 401/367/582 411/366/582 399/365/582 402/277/582
f 403/368/583 402/277/583 409/262/583 413/419/583
f 398/273/584 400/417/584 414/420/584 406/283/584
f 404/371/585 410/391/585 407/418/585 412/338/585
f 402/277/586 399/365/586 409/337/586
f 406/283/587 399/365/587 398/273/587
f 410/421/588 408/279/588 405/372/588
f 410/421/589 405/372/589 407/422/589
f 405/372/590 406/283/590 414/420/590 407/422/590
f 400/417/591 398/273/591 411/366/591 412/338/591
f 410/421/592 413/369/592 408/279/592
f 410/394/593 404/371/593 403/368/593 413/419/593
o Cube.002
v 0.107948 0.838217 -1.084644
v 0.109063 0.604130 -1.062653
v 0.092800 0.612822 -1.112392
v 0.191223 0.815688 -1.330995
v 0.165340 0.596900 -1.328809
v 0.369621 0.811671 -0.809779
v 0.396294 0.589219 -0.802412
v 0.615108 0.809936 -0.842446
v 0.626571 0.834846 -0.885223
v 0.626738 0.603000 -0.894225
v 0.611733 0.605073 -0.847584
v 0.285911 0.571957 -1.020673
v 0.264333 0.608809 -0.982816
v 0.534020 0.812476 -1.087632
v 0.386448 0.811182 -1.237183
v 0.502541 0.565840 -1.067618
v 0.532017 0.608565 -1.086819
v 0.289186 0.846789 -1.008012
v 0.223492 0.809948 -1.011509
v 0.312169 0.811030 -0.920383
v 0.181652 0.846826 -1.297106
v 0.087779 0.816033 -1.115378
v 0.403153 0.848410 -0.822139
v 0.121737 0.570673 -1.093273
v 0.600807 0.570727 -0.883101
v 0.183066 0.572593 -1.305265
v 0.423009 0.851165 -1.161842
v 0.140109 0.808158 -1.303465
v 0.409266 0.817928 -0.795907
v 0.383150 0.607457 -1.237949
v -0.188509 0.850488 -1.302250
v -0.150063 0.849168 -1.099034
v -0.243588 0.613948 -1.273514
v -0.204461 0.569320 -1.292376
v -0.157231 0.569133 -1.097250
v -0.149558 0.603078 -1.058743
v 0.136545 0.811155 -1.308490
v 0.094710 0.839394 -1.333878
v 0.082223 0.813446 -1.084788
v 0.143860 0.612194 -1.307299
v 0.092668 0.570996 -1.323713
v 0.083668 0.613481 -1.356519
v 0.075534 0.575592 -1.110775
v 0.081081 0.600426 -1.081202
v -0.022236 0.812250 -1.085409
v -0.027231 0.608234 -1.077695
v -0.169070 0.804690 -1.346522
v -0.179368 0.603687 -1.339385
v -0.255069 0.802624 -1.274706
v -0.155644 0.819386 -1.064599
v 0.064806 0.846042 -1.109746
v -0.421995 0.848992 -1.170361
v -0.442414 0.806626 -1.197394
v -0.294464 0.849502 -1.005201
v -0.444309 0.613456 -1.145844
v -0.441079 0.607811 -1.200435
v -0.428145 0.570636 -1.167885
v -0.286190 0.581762 -0.984332
v -0.260761 0.811541 -1.272900
v -0.294558 0.834751 -1.280370
v -0.170255 0.813911 -1.054678
v -0.257135 0.611953 -1.275140
v -0.307266 0.612703 -1.291918
v -0.174959 0.581215 -1.067137
v -0.452007 0.802627 -1.145283
v -0.280648 0.818255 -0.977631
v -0.284402 0.572606 -1.263391
v -0.193069 0.847617 -1.076250
v -0.349185 0.838217 -0.443884
v -0.336263 0.604130 -0.461713
v -0.354787 0.612822 -0.412772
v -0.568542 0.815688 -0.304221
v -0.547011 0.596900 -0.289692
v -0.380631 0.811671 -0.822084
v -0.396787 0.589219 -0.844549
v -0.592332 0.809936 -0.950590
v -0.628087 0.834846 -0.924459
v -0.633862 0.603000 -0.917552
v -0.592925 0.605073 -0.944471
v -0.447685 0.571957 -0.605318
v -0.407137 0.608809 -0.621274
v -0.682934 0.812476 -0.708758
v -0.661774 0.811182 -0.499723
v -0.645863 0.565840 -0.704606
v -0.680864 0.608565 -0.708135
v -0.442297 0.846789 -0.617234
v -0.393319 0.809948 -0.573311
v -0.405244 0.811030 -0.699903
v -0.539835 0.846826 -0.324616
v -0.352748 0.816033 -0.407297
v -0.414501 0.848410 -0.833485
v -0.365337 0.570673 -0.445810
v -0.606688 0.570727 -0.909954
v -0.546053 0.572593 -0.319148
v -0.643004 0.851165 -0.581336
v -0.511464 0.808158 -0.293610
v -0.402812 0.817928 -0.857752
v -0.659685 0.607457 -0.497059
v -0.237648 0.850488 -0.081663
v -0.145397 0.849168 -0.266770
v -0.176402 0.613948 -0.071248
v -0.218971 0.569320 -0.079882
v -0.138609 0.569133 -0.263857
v -0.121438 0.603078 -0.299167
v -0.500325 0.811155 -0.273233
v -0.482354 0.839394 -0.227717
v -0.321799 0.813446 -0.418566
v -0.505431 0.612194 -0.278604
v -0.474582 0.570996 -0.234578
v -0.487249 0.613481 -0.203007
v -0.332184 0.575592 -0.393824
v -0.318721 0.600426 -0.420733
v -0.238972 0.812250 -0.354911
v -0.230330 0.608234 -0.358036
v -0.279899 0.804690 -0.058154
v -0.267381 0.603687 -0.057611
v -0.167978 0.802624 -0.063357
v -0.120130 0.819386 -0.290823
v -0.323017 0.846042 -0.388156
v -0.569845 0.848992 -0.987789
v -0.598652 0.806626 -1.005617
v -0.391255 0.849502 -0.879863
v -0.581794 0.613456 -0.956865
v -0.598506 0.607811 -1.008935
v -0.574684 0.570636 -0.983258
v -0.376000 0.581762 -0.863394
v -0.456550 0.811541 -1.141655
v -0.490763 0.834751 -1.136410
v -0.293313 0.813911 -0.970875
v -0.453978 0.611953 -1.145054
v -0.506785 0.612703 -1.142586
v -0.302201 0.581215 -0.980793
v -0.588768 0.802627 -0.953561
v -0.368411 0.818255 -0.859147
v -0.475158 0.572606 -1.124248
v -0.322380 0.847617 -0.982747
v 0.367167 0.838217 -0.500303
v 0.345316 0.604130 -0.503018
v 0.397120 0.612822 -0.510412
v 0.595350 0.815688 -0.375581
v 0.597685 0.596900 -0.401451
v 0.051098 0.811671 -0.290245
v 0.039218 0.589219 -0.265254
v 0.040712 0.809936 -0.042812
v 0.080853 0.834846 -0.024107
v 0.089690 0.603000 -0.022382
v 0.046357 0.605073 -0.045246
v 0.273311 0.571957 -0.336126
v 0.239768 0.608809 -0.363940
v 0.296243 0.812476 -0.080165
v 0.469113 0.811182 -0.199576
v 0.281989 0.565840 -0.114637
v 0.295789 0.608565 -0.082279
v 0.260275 0.846789 -0.335095
v 0.275108 0.809948 -0.399189
v 0.169988 0.811030 -0.327652
v 0.563633 0.846826 -0.390882
v 0.400931 0.816033 -0.514839
v 0.057458 0.848410 -0.255078
v 0.373275 0.570673 -0.485227
v 0.083231 0.570727 -0.049849
v 0.571423 0.572593 -0.388075
v 0.388575 0.851165 -0.176630
v 0.577098 0.808158 -0.430693
v 0.030563 0.817928 -0.253605
v 0.470439 0.607457 -0.202692
v 0.630590 0.850488 -0.772798
v 0.661777 0.805410 -0.775362
v 0.423945 0.849168 -0.764264
v 0.610154 0.613948 -0.831466
v 0.623136 0.569320 -0.790015
v 0.423220 0.569133 -0.771616
v 0.384007 0.603078 -0.769614
v 0.589570 0.811155 -0.450283
v 0.620762 0.839394 -0.487989
v 0.376125 0.813446 -0.536508
v 0.587330 0.612194 -0.443219
v 0.611002 0.570996 -0.491485
v 0.644767 0.613481 -0.495627
v 0.402807 0.575592 -0.539353
v 0.372742 0.600426 -0.538158
v 0.391906 0.812250 -0.639771
v 0.384998 0.608234 -0.645832
v 0.668189 0.807857 -0.661478
v 0.666004 0.603687 -0.758363
v 0.613001 0.802624 -0.842652
v 0.390685 0.819386 -0.774786
v 0.403348 0.846042 -0.550117
v 0.021144 0.848992 -0.045187
v 0.020696 0.806626 -0.011312
v 0.021692 0.849502 -0.253853
v 0.053805 0.613456 -0.050868
v 0.017776 0.607811 -0.009728
v 0.027520 0.570636 -0.043371
v 0.027954 0.581762 -0.275411
v -0.169095 0.811542 -0.063068
v -0.146980 0.834751 -0.036441
v -0.106761 0.813911 -0.290942
v -0.173333 0.611953 -0.063523
v -0.144024 0.612704 -0.019527
v -0.110686 0.581215 -0.278216
v 0.060229 0.802627 -0.046592
v 0.027686 0.818255 -0.284104
v -0.144590 0.572606 -0.056081
v -0.101969 0.847617 -0.259912
vn -0.8475 -0.4954 0.1905
vn -0.4481 0.5917 -0.6702
vn -0.3501 0.5697 0.7436
vn 0.7932 -0.5411 0.2792
vn -0.5968 -0.7178 0.3586
vn -0.9513 -0.0190 0.3077
vn 0.9672 -0.0092 0.2539
vn -0.4791 0.0479 -0.8764
vn -0.3291 -0.0082 0.9443
vn 0.4932 0.8108 -0.3151
vn -0.6485 0.7314 -0.2110
vn 0.3530 -0.5053 -0.7874
vn -0.3477 0.5477 0.7610
vn 0.4331 -0.0036 -0.9014
vn 0.7118 -0.0089 -0.7023
vn -0.0674 -0.9958 0.0622
vn -0.7156 -0.0459 0.6970
vn -0.0490 -0.9934 0.1034
vn 0.0105 -0.9999 -0.0060
vn -0.0251 0.9997 0.0066
vn 0.3867 -0.0549 -0.9206
vn 0.2078 -0.0396 0.9774
vn -0.8499 0.0453 0.5251
vn -0.5878 0.4193 -0.6918
vn -0.6979 -0.3472 -0.6264
vn 0.5677 -0.4244 -0.7054
vn 0.6126 -0.7876 0.0663
vn -0.0285 -0.6147 -0.7883
vn -0.7189 -0.0481 -0.6934
vn 0.5458 0.0571 -0.8359
vn 0.1311 -0.7565 0.6407
vn -0.0638 -0.0321 -0.9974
vn 0.1557 0.0311 0.9873
vn -0.9011 -0.0521 0.4305
vn 0.6331 0.0186 -0.7738
vn 0.1516 0.0336 0.9879
vn -0.9162 -0.0149 0.4004
vn 0.8655 -0.4515 0.2168
vn -0.8619 0.4925 -0.1209
vn -0.9387 -0.3441 -0.0200
vn 0.2780 -0.4466 -0.8505
vn -0.6570 -0.5260 0.5400
vn 0.2397 0.0367 -0.9702
vn -0.4987 0.0735 -0.8637
vn -0.6976 -0.0305 0.7159
vn 0.3176 0.0164 -0.9481
vn -0.7149 -0.0031 0.6993
vn 0.7796 -0.4954 0.3831
vn -0.0712 0.5917 0.8030
vn 0.7390 0.5697 -0.3596
vn -0.4427 -0.5411 -0.7150
vn 0.6897 -0.7178 0.0950
vn 0.9340 -0.0190 0.3569
vn -0.5942 -0.0092 -0.8043
vn -0.1764 0.0479 0.9831
vn 0.8485 -0.0082 -0.5291
vn -0.5818 0.8108 -0.0639
vn 0.3728 0.7314 0.5711
vn -0.7688 -0.5053 0.3920
vn 0.7480 0.5477 -0.3747
vn -0.9026 -0.0036 0.4305
vn -0.9949 -0.0089 0.1007
vn 0.0915 -0.9958 -0.0062
vn 0.9945 -0.0459 -0.0941
vn 0.1030 -0.9934 -0.0498
vn -0.0119 -0.9999 -0.0019
vn 0.0237 0.9997 0.0105
vn -0.8785 -0.0549 0.4746
vn 0.4510 -0.0396 -0.8916
vn 0.9913 0.0453 0.1240
vn 0.0499 0.4193 0.9065
vn 0.1772 -0.3472 0.9209
vn -0.8787 -0.4244 0.2186
vn -0.4479 -0.7876 -0.4232
vn -0.4539 -0.6147 0.6451
vn 0.1534 -0.0481 0.9870
vn -0.9402 0.0571 0.3358
vn 0.2830 -0.7565 -0.5896
vn -0.5523 -0.0321 0.8330
vn 0.4730 0.0311 -0.8805
vn 0.9780 -0.0521 0.2019
vn -0.9722 0.0186 0.2335
vn 0.4765 0.0336 -0.8785
vn 0.9719 -0.0149 0.2351
vn -0.5583 -0.4515 -0.6960
vn -0.8473 0.4925 0.1987
vn -0.8825 -0.3441 0.3206
vn -0.0481 -0.4466 -0.8935
vn -0.4175 -0.5260 0.7409
vn -0.1271 0.0367 -0.9912
vn -0.7770 0.0735 -0.6252
vn -0.3918 -0.0305 0.9195
vn -0.0464 0.0164 -0.9988
vn -0.4139 -0.0031 0.9103
vn -0.0407 -0.4954 -0.8677
vn 0.7377 0.5917 -0.3252
vn -0.6716 0.5697 -0.4737
vn -0.4125 -0.5411 0.7328
vn -0.2497 -0.7178 -0.6499
vn -0.1381 -0.0190 -0.9902
vn -0.4177 -0.0092 0.9085
vn 0.9462 0.0479 -0.3199
vn -0.8729 -0.0082 -0.4878
vn 0.2249 0.8108 0.5404
vn 0.3203 0.7314 -0.6021
vn 0.7143 -0.5053 0.4841
vn -0.6892 0.5477 -0.4743
vn 0.8126 -0.0036 0.5828
vn 0.5683 -0.0089 0.8228
vn -0.0496 -0.9958 -0.0771
vn -0.5623 -0.0459 -0.8256
vn -0.0933 -0.9934 -0.0662
vn 0.0041 -0.9999 0.0114
vn -0.0022 0.9997 -0.0258
vn 0.8396 -0.0549 0.5404
vn -0.9986 -0.0396 0.0353
vn -0.3698 0.0453 -0.9280
vn 0.6884 0.5058 -0.5199
vn 0.7211 -0.3472 -0.5996
vn 0.6155 -0.4244 0.6641
vn -0.1545 -0.7876 0.5965
vn 0.7840 -0.6147 0.0863
vn 0.7904 -0.0481 -0.6106
vn 0.7478 0.0571 0.6614
vn -0.6530 -0.7565 0.0367
vn 0.9954 -0.0497 0.0823
vn -0.9995 0.0311 0.0107
vn 0.9983 0.0162 -0.0566
vn -0.2952 -0.0521 -0.9540
vn 0.6737 0.0186 0.7388
vn -0.9994 0.0336 0.0066
vn -0.2631 -0.0149 -0.9646
vn -0.3402 -0.4515 0.8249
vn 0.6067 0.4925 0.6240
vn 0.7292 -0.3441 0.5914
vn -0.7411 -0.4466 0.5013
vn 0.8502 -0.5260 -0.0236
vn -0.7843 0.0367 0.6193
vn -0.1358 0.0735 0.9880
vn 0.9900 -0.0305 -0.1377
vn -0.8323 0.0164 0.5542
vn 0.9935 -0.0031 -0.1139
vn -0.6747 0.6296 0.3853
vn 0.0639 0.9979 0.0118
vn 0.9086 0.0169 -0.4173
vn 0.6805 -0.6440 -0.3494
vn -0.4577 0.7748 0.4362
vn 0.3693 -0.8094 -0.4566
vn 0.3001 0.7638 -0.5715
vn -0.2802 -0.7363 0.6159
vn 0.5859 0.5628 -0.5830
vn -0.0376 0.9992 0.0141
vn -0.7328 -0.6479 -0.2078
vn -0.0035 -1.0000 -0.0010
vn 0.1971 0.7570 0.6229
vn -0.8386 -0.0287 0.5440
vn -0.5957 0.7839 -0.1749
vn 0.1906 -0.7343 0.6515
vn 0.2194 -0.0281 0.9752
vn -0.9550 -0.0540 -0.2916
vn 0.7124 -0.0098 -0.7017
vn 0.8972 -0.0106 -0.4415
vn 0.0300 0.5322 0.8461
vn 0.9514 -0.0234 0.3071
vn -0.8122 -0.5193 0.2659
vn 0.0144 0.0269 0.9995
vn -0.0599 -0.7903 -0.6097
vn 0.0274 0.9995 -0.0130
vn 0.0351 -0.6547 0.7551
vn -0.0547 0.6819 -0.7294
vn 0.6648 0.7388 0.1103
vn 0.1425 0.7371 0.6606
vn 0.0348 0.0980 -0.9946
vn -0.6410 0.0056 -0.7675
vn 0.9624 0.0370 0.2691
vn 0.9718 -0.0012 0.2360
vn 0.0291 -0.9993 0.0239
vn -0.6413 0.7444 0.1861
vn 0.4302 0.6863 0.5864
vn 0.0054 -1.0000 -0.0023
vn -0.9927 -0.0220 -0.1189
vn -0.4006 -0.6752 -0.6194
vn 0.0280 0.9982 -0.0535
vn 0.5837 -0.0459 0.8107
vn -0.5646 0.0088 -0.8253
vn -0.4692 0.6245 -0.6244
vn 0.9309 0.0210 -0.3647
vn 0.9237 0.0018 -0.3831
vn 0.7468 0.5593 -0.3597
vn -0.6501 0.5148 0.5589
vn 0.7088 -0.6013 -0.3689
vn 0.0286 -0.9990 0.0330
vn 0.9262 0.0545 -0.3730
vn 0.7671 0.6296 0.1230
vn -0.0424 0.9979 -0.0493
vn -0.9694 0.0169 -0.2448
vn -0.7492 -0.6440 -0.1546
vn 0.6301 0.7748 -0.0527
vn -0.5740 -0.8094 0.1241
vn -0.5922 0.7638 0.2569
vn 0.6045 -0.7363 -0.3040
vn -0.8220 0.5628 0.0867
vn 0.0381 0.9992 0.0126
vn 0.4405 -0.6479 0.6214
vn 0.0021 -1.0000 0.0029
vn 0.2371 0.7570 -0.6088
vn 0.9943 -0.0287 0.1022
vn 0.3543 0.7839 0.5098
vn 0.2601 -0.7343 -0.6270
vn 0.4407 -0.0281 -0.8972
vn 0.5610 -0.0540 0.8261
vn -0.9950 -0.0098 0.0998
vn -0.9757 -0.0106 -0.2187
vn 0.4877 0.5322 -0.6920
vn -0.5485 -0.0234 -0.8359
vn 0.8077 -0.5193 0.2793
vn 0.5929 0.0269 -0.8048
vn -0.3210 -0.7903 0.5218
vn -0.0297 0.9995 -0.0062
vn 0.4286 -0.6547 -0.6227
vn -0.3974 0.6819 0.6141
vn -0.4629 0.7388 -0.4898
vn 0.2859 0.7371 -0.6123
vn -0.6291 0.0980 0.7712
vn 0.0465 0.0056 0.9989
vn -0.6038 0.0370 -0.7963
vn -0.4875 0.0545 0.8714
vn -0.6313 -0.0012 -0.7755
vn -0.0087 -0.9993 -0.0367
vn 0.6233 0.7444 0.2395
vn 0.6131 0.6863 0.3914
vn -0.0057 -1.0000 -0.0015
vn -0.9686 -0.0220 0.2477
vn -0.5973 -0.6752 -0.4328
vn 0.0068 0.9982 -0.0600
vn 0.8372 -0.0459 0.5450
vn -0.8246 0.0088 -0.5656
vn -0.6631 0.6245 -0.4127
vn 0.7363 0.0210 -0.6764
vn 0.7229 0.0018 -0.6910
vn 0.5664 0.5593 -0.6052
vn -0.4043 0.5148 0.7560
vn 0.5276 -0.6013 -0.6000
vn 0.0386 -0.9990 0.0204
vn -0.7737 0.0545 -0.6312
vn -0.2625 0.6296 -0.7313
vn -0.0227 0.9979 0.0609
vn 0.2535 0.0169 0.9672
vn 0.2261 -0.6440 0.7308
vn -0.3502 0.7748 -0.5264
vn 0.3857 -0.8094 0.4428
vn 0.5108 0.7638 0.3947
vn -0.5580 -0.7363 -0.3827
vn 0.4726 0.5628 0.6781
vn -0.0074 0.9992 -0.0395
vn 0.3317 -0.6479 -0.6857
vn 0.0016 -1.0000 -0.0033
vn -0.6477 0.7570 0.0861
vn -0.3903 -0.0287 -0.9202
vn 0.2755 0.7839 -0.5564
vn -0.6747 -0.7343 0.0748
vn -0.9985 -0.0281 0.0470
vn 0.4528 -0.0540 -0.8900
vn 0.5676 -0.0098 0.8233
vn 0.2793 -0.0106 0.9601
vn -0.8415 0.5322 -0.0932
vn -0.4674 -0.0234 0.8837
vn -0.1452 -0.5193 -0.8422
vn -0.9910 0.0269 -0.1309
vn 0.6120 -0.7903 0.0293
vn 0.0089 0.9995 0.0290
vn -0.7522 -0.6547 -0.0749
vn 0.6778 0.7334 0.0520
vn -0.2056 0.7388 0.6418
vn -0.6743 0.7371 0.0451
vn 0.9645 0.0942 0.2466
vn 0.8099 -0.0324 -0.5857
vn -0.4060 0.0370 0.9131
vn 0.8194 0.5702 -0.0584
vn -0.3746 -0.0012 0.9272
vn -0.0279 -0.9993 0.0253
vn -0.0910 0.7444 -0.6615
vn 0.0198 0.6863 -0.7270
vn 0.0015 -1.0000 0.0057
vn 0.7111 -0.0220 0.7027
vn -0.0634 -0.6752 0.7349
vn -0.0549 0.9982 0.0251
vn 0.0361 -0.0459 -0.9983
vn -0.0602 0.0088 0.9981
vn -0.0123 0.6245 0.7809
vn -0.9589 0.0210 -0.2828
vn -0.9646 0.0018 -0.2638
vn -0.8105 0.5593 -0.1739
vn 0.8562 0.5148 -0.0428
vn -0.7861 -0.6013 -0.1433
vn -0.0024 -0.9990 -0.0436
vt 0.359389 0.532132
vt 0.398237 0.487405
vt 0.407275 0.535977
vt 0.592973 0.717727
vt 0.637599 0.729523
vt 0.591940 0.765609
vt 0.592090 0.265485
vt 0.591450 0.218060
vt 0.625000 0.249226
vt 0.140607 0.718796
vt 0.140611 0.750000
vt 0.125000 0.717781
vt 0.261723 0.532866
vt 0.134280 0.520514
vt 0.281158 0.493134
vt 0.594193 0.535060
vt 0.606227 0.014093
vt 0.588742 0.032866
vt 0.402196 0.000000
vt 0.402083 0.744068
vt 0.407866 0.240451
vt 0.606227 0.984388
vt 0.592574 0.911465
vt 0.631793 0.845323
vt 0.359465 0.717134
vt 0.312544 0.758399
vt 0.631770 0.397292
vt 0.617236 0.505989
vt 0.592134 0.411421
vt 0.592134 0.838537
vt 0.403679 0.836550
vt 0.213537 0.717134
vt 0.591414 0.338457
vt 0.403578 0.386471
vt 0.740216 0.527839
vt 0.859388 0.534123
vt 0.740026 0.721587
vt 0.407866 0.032219
vt 0.592134 0.479966
vt 0.674803 0.525884
vt 0.592134 0.537811
vt 0.592417 0.717728
vt 0.636606 0.749532
vt 0.587691 0.765542
vt 0.593060 0.032866
vt 0.592134 0.000000
vt 0.625000 0.036035
vt 0.404483 0.000000
vt 0.625000 0.984388
vt 0.592141 0.984072
vt 0.606366 0.259088
vt 0.592134 0.216987
vt 0.363023 0.718100
vt 0.397872 0.762568
vt 0.859388 0.714453
vt 0.655080 0.728467
vt 0.213537 0.532015
vt 0.369742 0.533451
vt 0.407866 0.026995
vt 0.592134 0.484388
vt 0.637599 0.522463
vt 0.592134 0.537780
vt 0.592844 0.717738
vt 0.637599 0.726489
vt 0.590510 0.765586
vt 0.593207 0.032866
vt 0.592681 0.000000
vt 0.625000 0.034976
vt 0.380033 0.738521
vt 0.610676 0.257150
vt 0.592131 0.217616
vt 0.859388 0.715349
vt 0.859388 0.532866
vt 0.362156 0.533145
vt 0.359389 0.532132
vt 0.398237 0.487405
vt 0.407275 0.535977
vt 0.637599 0.729523
vt 0.591940 0.765609
vt 0.591450 0.218060
vt 0.140607 0.718796
vt 0.125000 0.717781
vt 0.261723 0.532866
vt 0.134280 0.520514
vt 0.281158 0.493134
vt 0.606227 0.014093
vt 0.588742 0.032866
vt 0.402083 0.744068
vt 0.407866 0.240451
vt 0.606227 0.984388
vt 0.592574 0.911465
vt 0.359465 0.717134
vt 0.631770 0.397292
vt 0.617236 0.505989
vt 0.403679 0.836550
vt 0.591414 0.338457
vt 0.403578 0.386471
vt 0.740026 0.721587
vt 0.407866 0.032219
vt 0.592134 0.479966
vt 0.674803 0.525884
vt 0.592134 0.537811
vt 0.592417 0.717728
vt 0.636606 0.749532
vt 0.587691 0.765543
vt 0.593061 0.032866
vt 0.625000 0.036035
vt 0.592134 0.216987
vt 0.363023 0.718100
vt 0.397872 0.762568
vt 0.859388 0.714453
vt 0.655080 0.728467
vt 0.213537 0.532015
vt 0.369742 0.533451
vt 0.407866 0.026995
vt 0.637599 0.522463
vt 0.592844 0.717738
vt 0.590510 0.765586
vt 0.593207 0.032866
vt 0.625000 0.034976
vt 0.380033 0.738521
vt 0.610676 0.257150
vt 0.592131 0.217616
vt 0.859388 0.715349
vt 0.362156 0.533145
vt 0.359389 0.532132
vt 0.398237 0.487405
vt 0.407275 0.535977
vt 0.591940 0.765609
vt 0.591450 0.218060
vt 0.125000 0.717781
vt 0.261723 0.532866
vt 0.606227 0.014093
vt 0.402196 0.000000
vt 0.606227 0.984388
vt 0.631770 0.397292
vt 0.407866 0.032219
vt 0.592134 0.479966
vt 0.637599 0.523511
vt 0.592417 0.717728
vt 0.636606 0.749532
vt 0.587691 0.765542
vt 0.593060 0.032866
vt 0.625000 0.036035
vt 0.592134 0.216987
vt 0.363023 0.718100
vt 0.397872 0.762568
vt 0.655080 0.728467
vt 0.785459 0.532942
vt 0.213537 0.532015
vt 0.407866 0.026995
vt 0.637599 0.522463
vt 0.592134 0.537780
vt 0.592844 0.717738
vt 0.590510 0.765586
vt 0.592681 0.000000
vt 0.625000 0.034976
vt 0.380033 0.738521
vt 0.592131 0.217616
vt 0.859388 0.717134
vt 0.402196 0.984389
vt 0.226578 0.754200
vt 0.404748 0.910459
vt 0.140611 0.500000
vt 0.396918 0.487433
vt 0.135213 0.531659
vt 0.134893 0.719284
vt 0.397125 0.487252
vt 0.409284 0.265611
vt 0.635485 0.477750
vt 0.411774 0.217134
vt 0.398534 0.763148
vt 0.404483 0.984388
vt 0.396862 0.487427
vt 0.138012 0.531788
vt 0.592681 0.984388
vt 0.410840 0.265609
vt 0.138589 0.734916
vt 0.407866 0.012868
vt 0.411675 0.217134
vt 0.407866 0.984388
vt 0.402196 0.984388
vt 0.396918 0.487433
vt 0.135213 0.531659
vt 0.134893 0.719284
vt 0.397125 0.487252
vt 0.409284 0.265611
vt 0.635485 0.477749
vt 0.411774 0.217134
vt 0.398534 0.763148
vt 0.396862 0.487427
vt 0.138012 0.531788
vt 0.410840 0.265609
vt 0.411675 0.217134
vt 0.402196 0.984389
vt 0.396918 0.487433
vt 0.134893 0.719284
vt 0.397125 0.487252
vt 0.409284 0.265611
vt 0.629200 0.341644
vt 0.411774 0.217134
vt 0.398534 0.763148
vt 0.404483 0.984389
vt 0.396862 0.487427
vt 0.138012 0.531788
vt 0.592681 0.984388
vt 0.410840 0.265609
vt 0.407866 0.012868
vt 0.411675 0.217134
s 0
usemtl Stone_1
f 445/461/617 461/462/617 463/463/617
f 447/464/618 462/465/618 448/466/618
f 454/467/619 455/468/619 456/469/619
f 455/468/620 454/467/620 457/470/620
f 456/471/621 455/472/621 462/465/621
f 462/465/622 447/464/622 463/463/622
f 452/473/623 451/474/623 456/469/623
f 450/475/624 449/476/624 460/454/624
f 456/477/625 462/478/625 461/462/625
f 450/475/626 459/479/626 464/480/626
f 463/463/627 447/464/627 464/480/627
f 456/469/628 451/474/628 454/467/628
f 450/475/629 460/454/629 459/479/629
f 464/480/630 447/464/630 450/475/630
f 457/470/631 454/467/631 458/481/631
f 513/522/664 529/523/664 531/524/664
f 515/525/665 530/526/665 516/527/665
f 522/528/666 523/468/666 524/529/666
f 523/468/667 522/528/667 525/470/667
f 524/471/668 523/472/668 530/526/668
f 530/526/669 515/525/669 531/524/669
f 520/473/670 519/530/670 524/529/670
f 518/531/671 517/532/671 528/454/671
f 524/533/672 530/534/672 529/523/672
f 518/531/673 527/535/673 532/536/673
f 531/524/674 515/525/674 532/536/674
f 524/529/675 519/530/675 522/528/675
f 518/531/676 528/454/676 527/535/676
f 532/536/677 515/525/677 518/531/677
f 525/470/678 522/528/678 526/537/678
f 603/482/727 604/574/727 616/575/727
f 606/576/728 607/486/728 608/577/728
f 613/488/729 618/578/729 614/579/729
f 608/577/730 609/580/730 606/576/730
f 611/492/731 610/581/731 614/579/731
f 614/546/732 604/574/732 611/495/732
f 616/575/733 606/576/733 617/547/733
f 614/579/734 610/581/734 613/488/734
f 617/547/735 606/576/735 609/580/735
f 465/586/756 446/587/756 459/479/756 453/588/756
f 447/464/758 448/466/758 449/476/758 450/475/758
f 460/454/759 458/589/759 453/588/759 459/479/759
f 462/465/760 455/472/760 448/466/760
f 446/590/761 465/591/761 452/473/761 445/461/761
f 457/433/762 458/589/762 460/454/762 449/476/762
f 452/473/763 461/592/763 445/461/763
f 451/474/764 452/473/764 465/591/764 453/593/764
f 464/480/765 459/479/765 446/587/765
f 461/462/766 452/495/766 456/477/766
f 461/462/767 462/465/767 463/463/767
f 458/481/768 454/467/768 451/474/768
f 458/481/769 451/474/769 453/593/769
f 449/594/770 455/472/770 457/595/770
f 446/587/771 445/461/771 463/463/771 464/480/771
f 448/466/773 455/472/773 449/594/773
f 533/586/807 514/605/807 527/535/807 521/606/807
f 515/525/809 516/527/809 517/532/809 518/531/809
f 528/454/810 526/607/810 521/606/810 527/535/810
f 530/526/811 523/472/811 516/527/811
f 514/608/812 533/609/812 520/473/812 513/522/812
f 525/433/813 526/607/813 528/454/813 517/532/813
f 520/473/814 529/610/814 513/522/814
f 519/530/815 520/473/815 533/609/815 521/611/815
f 532/536/816 527/535/816 514/605/816
f 529/523/817 520/495/817 524/533/817
f 529/523/818 530/526/818 531/524/818
f 526/537/819 522/528/819 519/530/819
f 526/537/821 519/530/821 521/611/821
f 517/612/822 523/472/822 525/595/822
f 514/605/823 513/522/823 531/524/823 532/536/823
f 516/527/825 523/472/825 517/612/825
f 619/586/876 605/626/876 617/547/876 612/627/876
f 606/576/878 616/575/878 604/574/878 607/486/878
f 608/577/879 607/486/879 614/471/879 618/628/879
f 603/482/880 605/626/880 619/629/880 611/492/880
f 609/580/881 615/600/881 612/627/881 617/547/881
f 607/486/882 604/574/882 614/546/882
f 611/492/883 604/574/883 603/482/883
f 615/630/884 613/488/884 610/581/884
f 615/630/885 610/581/885 612/631/885
f 610/581/886 611/492/886 619/629/886 612/631/886
f 605/626/887 603/482/887 616/575/887 617/547/887
f 615/630/888 618/578/888 613/488/888
f 615/603/889 609/580/889 608/577/889 618/628/889
usemtl Stone_2
f 466/482/632 467/483/632 479/484/632
f 469/485/633 470/486/633 471/487/633
f 476/488/634 481/489/634 477/490/634
f 471/487/635 472/491/635 469/485/635
f 474/492/636 473/493/636 477/490/636
f 477/494/637 467/483/637 474/495/637
f 479/484/638 469/485/638 480/496/638
f 477/490/639 473/493/639 476/488/639
f 480/496/640 469/485/640 472/491/640
f 534/482/679 535/538/679 547/484/679
f 537/539/680 538/486/680 539/540/680
f 544/541/681 549/489/681 545/542/681
f 539/540/682 540/543/682 537/539/682
f 542/544/683 541/545/683 545/542/683
f 545/546/684 535/538/684 542/495/684
f 547/484/685 537/539/685 548/547/685
f 545/542/686 541/545/686 544/541/686
f 548/547/687 537/539/687 540/543/687
f 581/560/711 582/561/711 600/524/711
f 584/562/712 599/563/712 585/564/712
f 591/565/713 592/468/713 593/566/713
f 592/468/714 591/565/714 594/470/714
f 593/471/715 592/472/715 599/563/715
f 599/563/716 584/562/716 600/524/716
f 589/473/717 588/567/717 593/566/717
f 587/568/718 586/569/718 597/454/718
f 593/477/719 599/570/719 598/571/719
f 587/568/720 596/572/720 601/536/720
f 582/561/721 598/571/721 599/563/721
f 600/524/722 584/562/722 601/536/722
f 593/566/723 588/567/723 591/565/723
f 587/568/724 597/454/724 596/572/724
f 601/536/725 584/562/725 587/568/725
f 594/470/726 591/565/726 595/573/726
f 482/586/772 468/596/772 480/496/772 475/597/772
f 469/485/774 479/484/774 467/483/774 470/486/774
f 471/487/775 470/486/775 477/471/775 481/598/775
f 466/482/776 468/596/776 482/599/776 474/492/776
f 472/491/777 478/600/777 475/597/777 480/496/777
f 470/486/778 467/483/778 477/494/778
f 474/492/779 467/483/779 466/482/779
f 478/601/780 476/488/780 473/493/780
f 478/601/781 473/493/781 475/602/781
f 473/493/782 474/492/782 482/599/782 475/602/782
f 468/596/783 466/482/783 479/484/783 480/496/783
f 478/601/784 481/489/784 476/488/784
f 478/603/785 472/491/785 471/487/785 481/598/785
f 550/586/824 536/613/824 548/547/824 543/614/824
f 537/539/826 547/484/826 535/538/826 538/486/826
f 539/540/827 538/486/827 545/471/827 549/598/827
f 534/482/828 536/613/828 550/615/828 542/544/828
f 540/543/829 546/600/829 543/614/829 548/547/829
f 538/486/830 535/538/830 545/546/830
f 542/544/831 535/538/831 534/482/831
f 546/601/832 544/541/832 541/545/832
f 546/601/833 541/545/833 543/616/833
f 541/545/834 542/544/834 550/615/834 543/616/834
f 536/613/835 534/482/835 547/484/835 548/547/835
f 546/601/836 549/489/836 544/541/836
f 546/603/837 540/543/837 539/540/837 549/598/837
f 602/586/859 583/618/859 596/572/859 590/606/859
f 584/562/861 585/564/861 586/569/861 587/568/861
f 597/454/862 595/619/862 590/606/862 596/572/862
f 599/563/863 592/472/863 585/564/863
f 583/620/864 602/621/864 589/473/864 581/560/864
f 594/433/865 595/619/865 597/454/865 586/569/865
f 589/473/866 598/622/866 581/560/866
f 588/567/867 589/473/867 602/621/867 590/623/867
f 601/536/868 596/572/868 583/618/868
f 598/571/869 589/495/869 593/477/869
f 582/561/870 599/563/870 600/524/870
f 595/573/871 591/565/871 588/567/871
f 598/622/872 582/561/872 581/560/872
f 595/573/873 588/567/873 590/623/873
f 586/624/874 592/472/874 594/625/874
f 583/618/875 581/560/875 600/524/875 601/536/875
f 585/564/877 592/472/877 586/624/877
usemtl Stone_3
f 438/423/594 416/424/594 417/425/594
f 442/426/595 435/427/595 418/428/595
f 420/429/596 443/430/596 437/431/596
f 439/432/597 424/433/597 425/434/597
f 426/435/598 421/436/598 427/437/598
f 417/425/599 416/424/599 436/438/599
f 423/439/600 422/440/600 424/441/600
f 418/428/601 419/442/601 442/426/601
f 421/443/602 443/430/602 420/429/602
f 423/444/603 428/445/603 441/446/603
f 435/427/604 442/426/604 436/438/604
f 440/447/605 419/442/605 444/448/605
f 432/449/606 415/450/606 433/451/606
f 418/428/607 429/452/607 444/453/607
f 429/452/608 428/445/608 444/453/608
f 440/447/609 430/454/609 439/432/609
f 434/455/610 433/451/610 427/456/610
f 426/435/611 439/432/611 421/436/611
f 426/435/612 438/423/612 440/447/612
f 432/457/613 437/458/613 441/459/613
f 418/428/614 444/453/614 419/442/614
f 425/460/615 443/430/615 421/443/615
f 436/438/616 416/424/616 415/450/616
f 506/497/641 484/498/641 485/499/641
f 510/426/642 503/500/642 486/501/642
f 488/429/643 511/502/643 505/431/643
f 507/503/644 492/433/644 493/504/644
f 494/505/645 489/506/645 495/507/645
f 485/499/646 484/498/646 504/438/646
f 491/508/647 490/509/647 492/441/647
f 486/501/648 487/510/648 510/426/648
f 489/511/649 511/502/649 488/429/649
f 491/512/650 496/513/650 509/446/650
f 503/500/651 510/426/651 504/438/651
f 508/514/652 487/510/652 512/448/652
f 500/515/653 483/516/653 501/451/653
f 486/501/654 497/452/654 512/517/654
f 497/452/655 496/513/655 512/517/655
f 508/514/656 498/454/656 507/503/656
f 502/518/657 501/451/657 495/519/657
f 494/505/658 507/503/658 489/506/658
f 494/505/659 506/497/659 508/514/659
f 500/457/660 505/458/660 509/520/660
f 486/501/661 512/517/661 487/510/661
f 493/521/662 511/502/662 489/511/662
f 504/438/663 484/498/663 483/516/663
f 574/548/688 552/549/688 553/550/688
f 578/426/689 571/427/689 554/551/689
f 556/429/690 579/552/690 573/431/690
f 575/503/691 560/433/691 561/553/691
f 562/554/692 557/506/692 563/437/692
f 553/550/693 552/549/693 572/438/693
f 559/555/694 558/509/694 560/556/694
f 554/551/695 555/442/695 578/426/695
f 557/443/696 579/552/696 556/429/696
f 559/557/697 564/513/697 577/446/697
f 571/427/698 578/426/698 572/438/698
f 576/447/699 555/442/699 580/448/699
f 568/558/700 551/450/700 569/451/700
f 554/551/701 565/452/701 580/517/701
f 565/452/702 564/513/702 580/517/702
f 576/447/703 566/454/703 575/503/703
f 570/518/704 569/451/704 563/456/704
f 562/554/705 575/503/705 557/506/705
f 562/554/706 574/548/706 576/447/706
f 568/457/707 573/458/707 577/459/707
f 554/551/708 580/517/708 555/442/708
f 561/559/709 579/552/709 557/443/709
f 572/438/710 552/549/710 551/450/710
f 434/455/736 420/429/736 437/431/736 432/449/736
f 441/459/737 437/458/737 423/582/737
f 428/445/738 423/444/738 424/583/738
f 424/433/739 439/432/739 430/454/739 431/584/739
f 432/449/740 433/451/740 434/455/740
f 444/448/741 431/584/741 430/454/741 440/447/741
f 418/428/742 435/427/742 441/446/742 429/452/742
f 416/424/743 438/423/743 426/435/743 427/437/743
f 441/446/744 428/445/744 429/452/744
f 441/459/745 435/427/745 415/450/745 432/457/745
f 417/425/746 419/442/746 440/447/746 438/423/746
f 426/435/747 440/447/747 439/432/747
f 443/430/748 422/440/748 423/439/748 437/431/748
f 427/456/749 421/443/749 420/429/749 434/455/749
f 415/450/750 435/427/750 436/438/750
f 439/432/751 425/434/751 421/436/751
f 425/460/752 422/440/752 443/430/752
f 442/426/753 419/442/753 417/425/753 436/438/753
f 444/453/754 428/445/754 431/585/754
f 431/585/755 428/445/755 424/583/755
f 424/441/757 422/440/757 425/460/757
f 484/498/786 495/519/786 501/451/786 483/516/786
f 502/518/787 488/429/787 505/431/787 500/515/787
f 509/520/788 505/458/788 491/582/788
f 496/513/789 491/512/789 492/604/789
f 492/433/790 507/503/790 498/454/790 499/584/790
f 500/515/791 501/451/791 502/518/791
f 512/448/792 499/584/792 498/454/792 508/514/792
f 486/501/793 503/500/793 509/446/793 497/452/793
f 484/498/794 506/497/794 494/505/794 495/507/794
f 509/446/795 496/513/795 497/452/795
f 509/520/796 503/500/796 483/516/796 500/457/796
f 485/499/797 487/510/797 508/514/797 506/497/797
f 494/505/798 508/514/798 507/503/798
f 511/502/799 490/509/799 491/508/799 505/431/799
f 495/519/800 489/511/800 488/429/800 502/518/800
f 483/516/801 503/500/801 504/438/801
f 507/503/802 493/504/802 489/506/802
f 493/521/803 490/509/803 511/502/803
f 510/426/804 487/510/804 485/499/804 504/438/804
f 512/517/805 496/513/805 499/585/805
f 499/585/806 496/513/806 492/604/806
f 492/441/808 490/509/808 493/521/808
f 416/424/820 427/456/820 433/451/820 415/450/820
f 552/549/838 563/456/838 569/451/838 551/450/838
f 570/518/839 556/429/839 573/431/839 568/558/839
f 577/459/840 573/458/840 559/582/840
f 564/513/841 559/557/841 560/617/841
f 560/433/842 575/503/842 566/454/842 567/584/842
f 568/558/843 569/451/843 570/518/843
f 580/448/844 567/584/844 566/454/844 576/447/844
f 554/551/845 571/427/845 577/446/845 565/452/845
f 552/549/846 574/548/846 562/554/846 563/437/846
f 577/446/847 564/513/847 565/452/847
f 577/459/848 571/427/848 551/450/848 568/457/848
f 553/550/849 555/442/849 576/447/849 574/548/849
f 562/554/850 576/447/850 575/503/850
f 579/552/851 558/509/851 559/555/851 573/431/851
f 563/456/852 557/443/852 556/429/852 570/518/852
f 551/450/853 571/427/853 572/438/853
f 575/503/854 561/553/854 557/506/854
f 561/559/855 558/509/855 579/552/855
f 578/426/856 555/442/856 553/550/856 572/438/856
f 580/517/857 564/513/857 567/585/857
f 567/585/858 564/513/858 560/617/858
f 560/556/860 558/509/860 561/559/860
o Cube.003
v 0.143779 1.123758 -0.253600
v 0.129062 0.862566 -0.273273
v 0.175076 0.872264 -0.237329
v 0.219961 1.098620 0.026376
v 0.242572 0.854499 0.008245
v -0.269616 1.094139 -0.345324
v -0.298902 0.845929 -0.335549
v -0.476641 1.092202 -0.162302
v -0.460637 1.119997 -0.115552
v -0.455190 0.861305 -0.107111
v -0.470318 0.863618 -0.159644
v -0.060848 0.826667 -0.202100
v -0.064423 0.867786 -0.250589
v -0.248963 1.095037 0.014312
v -0.019224 1.093593 0.060982
v -0.232263 0.819842 -0.023813
v -0.247614 0.867515 0.012313
v -0.071760 1.133323 -0.211787
v -0.008742 1.092216 -0.249431
v -0.147578 1.093424 -0.278642
v 0.207735 1.133364 -0.010966
v 0.181585 1.099006 -0.237689
v -0.292979 1.135132 -0.313010
v 0.136379 0.825234 -0.237028
v -0.438096 0.825295 -0.133549
v 0.211503 0.827377 -0.002530
v -0.099969 1.138206 0.013958
v 0.250167 1.090219 -0.030929
v -0.314965 1.101120 -0.333500
v -0.015693 0.866278 0.059639
v 0.553756 1.137450 -0.236554
v 0.391688 1.135978 -0.400835
v 0.586885 0.873521 -0.297444
v 0.562385 0.823726 -0.255626
v 0.397217 0.823516 -0.406948
v 0.366147 0.861393 -0.437836
v 0.256595 1.093563 -0.028493
v 0.311139 1.125072 -0.031014
v 0.167694 1.096120 -0.269476
v 0.249080 0.871563 -0.025044
v 0.306705 0.825595 -0.041699
v 0.335455 0.873000 -0.016917
v 0.190060 0.830723 -0.249572
v 0.166519 0.858433 -0.273508
v 0.264824 1.094785 -0.333907
v 0.264649 0.867145 -0.344159
v 0.563304 1.086349 -0.183456
v 0.568400 0.862072 -0.196474
v 0.598259 1.084044 -0.303485
v 0.375428 1.102747 -0.436200
v 0.199356 1.132490 -0.257200
v 0.687922 1.135781 -0.504000
v 0.723655 1.088509 -0.491672
v 0.467031 1.136350 -0.577598
v 0.693331 0.872972 -0.540593
v 0.724311 0.866673 -0.488025
v 0.692076 0.825194 -0.510121
v 0.446381 0.837608 -0.591777
v 0.602407 1.093994 -0.308699
v 0.638357 1.119891 -0.322813
v 0.382786 1.096638 -0.454481
v 0.600442 0.871294 -0.304368
v 0.657312 0.872132 -0.320026
v 0.394895 0.836997 -0.445869
v 0.700110 1.084048 -0.545903
v 0.437078 1.101485 -0.594535
v 0.618384 0.827392 -0.332217
v 0.417339 1.134247 -0.448699
v 0.168401 1.123758 -1.131508
v 0.167527 0.862566 -1.106955
v 0.154227 0.872264 -1.163809
v 0.284642 1.098621 -1.397363
v 0.255660 0.854499 -1.397420
v 0.432879 1.094139 -0.800812
v 0.461822 0.845929 -0.790060
v 0.708913 1.092202 -0.813541
v 0.725766 1.119998 -0.859991
v 0.726816 0.861305 -0.869982
v 0.705654 0.863618 -0.819576
v 0.360086 0.826667 -1.043295
v 0.332462 0.867786 -1.003284
v 0.642330 1.095037 -1.093891
v 0.492650 1.093593 -1.274319
v 0.605413 0.819842 -1.074667
v 0.640025 0.867515 -1.093180
v 0.362511 1.133323 -1.028907
v 0.289817 1.092216 -1.039106
v 0.379640 1.093424 -0.929285
v 0.270748 1.133364 -1.360609
v 0.148932 1.099006 -1.167611
v 0.471342 1.135132 -0.811331
v 0.184558 0.825234 -1.139776
v 0.696921 0.825295 -0.860109
v 0.273103 0.827377 -1.369543
v 0.526054 1.138206 -1.187053
v 0.225177 1.090219 -1.371669
v 0.475618 1.101120 -0.781583
v 0.489057 0.866278 -1.275487
v -0.160310 1.137450 -1.397565
v -0.130554 1.135978 -1.168723
v -0.223514 0.873521 -1.369097
v -0.178715 0.823726 -1.387592
v -0.138654 0.823516 -1.167196
v -0.132583 0.861393 -1.123808
v 0.202181 1.093563 -1.383610
v 0.157212 1.125072 -1.414581
v 0.127282 1.096120 -1.137914
v 0.210252 0.871563 -1.381813
v 0.154283 0.825595 -1.403390
v 0.146368 0.873000 -1.440512
v 0.121502 0.830723 -1.167291
v 0.125779 0.858433 -1.133992
v 0.010960 1.094785 -1.145324
v 0.004901 0.867145 -1.137052
v -0.135810 1.086349 -1.445631
v -0.147740 0.862072 -1.438344
v -0.236226 1.084044 -1.371163
v -0.138986 1.102747 -1.130723
v 0.109486 1.132490 -1.166836
v 0.711235 1.135781 -0.765095
v 0.749009 1.088509 -0.766510
v 0.478675 1.136350 -0.753912
v 0.703058 0.872972 -0.801171
v 0.750939 0.866673 -0.763347
v 0.712898 0.825194 -0.772303
v 0.454297 0.837608 -0.759672
v 0.702061 1.093994 -0.552090
v 0.730483 1.119891 -0.578239
v 0.444604 1.096638 -0.608673
v 0.701794 0.871294 -0.547342
v 0.749164 0.872132 -0.582489
v 0.459007 0.836997 -0.605018
v 0.707461 1.084048 -0.808571
v 0.444626 1.101485 -0.758882
v 0.708462 0.827392 -0.579792
v 0.478912 1.134247 -0.615767
v -0.459930 1.123758 -0.633468
v -0.438003 0.862566 -0.644552
v -0.481381 0.872264 -0.605466
v -0.748875 1.098620 -0.606978
v -0.734937 0.854499 -0.581567
v -0.297927 1.094139 -1.024702
v -0.302477 0.845929 -1.055240
v -0.442287 1.092202 -1.260322
v -0.491103 1.119997 -1.252666
v -0.500361 0.861305 -1.248764
v -0.446000 0.863619 -1.254555
v -0.475175 0.826667 -0.843925
v -0.426801 0.867786 -0.839040
v -0.655698 1.095037 -1.066710
v -0.741490 1.093593 -0.848541
v -0.621045 0.819842 -1.043654
v -0.653963 0.867515 -1.065035
v -0.463743 1.133323 -0.852993
v -0.437595 1.092216 -0.784403
v -0.384757 1.093424 -0.916072
v -0.709978 1.133364 -0.612546
v -0.482155 1.099006 -0.598994
v -0.325702 1.135132 -1.053313
v -0.474969 0.825234 -0.643630
v -0.477286 0.825295 -1.227346
v -0.718940 0.827377 -0.610298
v -0.681180 1.138206 -0.919912
v -0.697673 1.090219 -0.567296
v -0.301710 1.101120 -1.071414
v -0.740780 0.866278 -0.844831
v -0.534321 1.137450 -0.217171
v -0.561609 1.087152 -0.195389
v -0.348251 1.135978 -0.353671
v -0.478886 0.873521 -0.175554
v -0.516704 0.823726 -0.205865
v -0.343005 0.823516 -0.347313
v -0.307933 0.861393 -0.373570
v -0.697034 1.093563 -0.541392
v -0.702458 1.125072 -0.487060
v -0.445696 1.096120 -0.594363
v -0.699355 0.871563 -0.549328
v -0.691243 0.825595 -0.489895
v -0.719936 0.873000 -0.465048
v -0.468637 0.830723 -0.575124
v -0.441536 0.858433 -0.594940
v -0.396051 1.094785 -0.488907
v -0.385881 0.867145 -0.487592
v -0.638419 1.089883 -0.296871
v -0.576103 0.862072 -0.208502
v -0.474561 1.084045 -0.163423
v -0.310899 1.102747 -0.364624
v -0.462440 1.132490 -0.564819
v -0.422686 1.135781 -1.270300
v -0.443351 1.088509 -1.301952
v -0.293340 1.136350 -1.076705
v -0.449399 0.872972 -1.244713
v -0.441633 0.866673 -1.305235
v -0.429721 0.825194 -1.268014
v -0.285723 0.837608 -1.052842
v -0.235371 1.093994 -1.372126
v -0.272423 1.119891 -1.383023
v -0.151294 1.096638 -1.122292
v -0.231163 0.871294 -1.374342
v -0.285686 0.872132 -1.396849
v -0.155578 0.836997 -1.136521
v -0.458010 1.084048 -1.244676
v -0.280066 1.101485 -1.044959
v -0.262414 0.827392 -1.363347
v -0.175042 1.134247 -1.148049
vn 0.5972 -0.4954 -0.6308
vn 0.7457 0.5917 0.3063
vn -0.1241 0.5697 -0.8124
vn -0.8142 -0.5411 0.2106
vn 0.2954 -0.7178 -0.6305
vn 0.6180 -0.0190 -0.7860
vn -0.9444 -0.0092 0.3287
vn 0.8865 0.0479 0.4602
vn -0.2535 -0.0082 -0.9673
vn -0.2336 0.8108 0.5367
vn 0.6560 0.7314 -0.1865
vn 0.1462 -0.5053 0.8505
vn -0.1358 0.5477 -0.8255
vn 0.1433 -0.0036 0.9897
vn -0.1991 -0.0089 0.9799
vn 0.0212 -0.9958 -0.0892
vn 0.2053 -0.0459 -0.9776
vn -0.0169 -0.9934 -0.1132
vn -0.0053 -0.9999 0.0108
vn 0.0171 0.9997 -0.0195
vn 0.1925 -0.0549 0.9798
vn -0.7176 -0.0396 -0.6953
vn 0.4126 0.0453 -0.9098
vn 0.8738 0.4193 0.2464
vn 0.9287 -0.3472 0.1306
vn -0.0778 -0.4244 0.9021
vn -0.5454 -0.7876 0.2866
vn 0.4633 -0.6147 0.6384
vn 0.9835 -0.0481 0.1746
vn 0.0132 0.0571 0.9983
vn -0.4662 -0.7565 -0.4587
vn 0.6092 -0.0321 0.7923
vn -0.6799 0.0311 -0.7327
vn 0.5078 -0.0521 -0.8599
vn -0.0940 0.0186 0.9954
vn -0.6768 0.0336 -0.7354
vn 0.5372 -0.0149 -0.8433
vn -0.8393 -0.4515 0.3028
vn 0.7828 0.4925 -0.3804
vn 0.7903 -0.3441 -0.5070
vn 0.2436 -0.4466 0.8609
vn 0.2442 -0.5260 -0.8147
vn 0.3422 0.0367 0.9389
vn 0.8956 0.0735 0.4388
vn 0.1798 -0.0305 -0.9832
vn 0.2652 0.0164 0.9641
vn 0.2034 -0.0031 -0.9791
vn -0.8608 -0.4954 0.1169
vn -0.3888 0.5917 -0.7063
vn -0.4128 0.5697 0.7107
vn 0.7662 -0.5411 0.3465
vn -0.6255 -0.7178 0.3059
vn -0.9743 -0.0190 0.2247
vn 0.9417 -0.0092 0.3362
vn -0.4019 0.0479 -0.9144
vn -0.4092 -0.0082 0.9124
vn 0.5186 0.8108 -0.2715
vn -0.6279 0.7314 -0.2661
vn 0.4195 -0.5053 -0.7541
vn -0.4119 0.5477 0.7282
vn 0.5091 -0.0036 -0.8607
vn 0.7696 -0.0089 -0.6384
vn -0.0725 -0.9958 0.0562
vn -0.7730 -0.0459 0.6327
vn -0.0578 -0.9934 0.0988
vn 0.0110 -0.9999 -0.0051
vn -0.0255 0.9997 0.0045
vn 0.4645 -0.0549 -0.8839
vn 0.1229 -0.0396 0.9916
vn -0.8919 0.0453 0.4499
vn -0.5470 0.4193 -0.7246
vn -0.6607 -0.3472 -0.6656
vn 0.6074 -0.4244 -0.6715
vn 0.6078 -0.7876 0.1015
vn 0.0170 -0.6147 -0.7886
vn -0.6778 -0.0481 -0.7337
vn 0.5931 0.0571 -0.8031
vn 0.0940 -0.7565 0.6472
vn -0.0062 -0.0321 -0.9995
vn 0.0985 0.0311 0.9946
vn -0.9244 -0.0521 0.3779
vn 0.6767 0.0186 -0.7360
vn 0.0944 0.0336 0.9950
vn -0.9378 -0.0149 0.3469
vn 0.8516 -0.4515 0.2664
vn 0.5925 0.4925 -0.6375
vn 0.5537 -0.3441 -0.7583
vn 0.5382 -0.4466 0.7148
vn -0.0667 -0.5260 -0.8479
vn 0.6583 0.0367 0.7519
vn 0.9936 0.0735 0.0855
vn -0.1876 -0.0305 -0.9818
vn 0.5956 0.0164 0.8031
vn -0.1641 -0.0031 -0.9864
vn 0.5177 -0.4954 0.6975
vn -0.4310 0.5917 0.6813
vn 0.8216 0.5697 0.0186
vn -0.0663 -0.5411 -0.8383
vn 0.5697 -0.7178 0.4002
vn 0.6669 -0.0190 0.7449
vn -0.1600 -0.0092 -0.9871
vn -0.6070 0.0479 0.7933
vn 0.9966 -0.0082 -0.0819
vn -0.4880 0.8108 -0.3231
vn 0.0700 0.7314 0.6784
vn -0.8629 -0.5053 -0.0035
vn 0.8366 0.5477 0.0093
vn -0.9995 -0.0036 -0.0305
vn -0.9306 -0.0089 -0.3660
vn 0.0842 -0.9958 0.0363
vn 0.9272 -0.0459 0.3717
vn 0.1144 -0.9934 0.0029
vn -0.0098 -0.9999 -0.0071
vn 0.0162 0.9997 0.0202
vn -0.9983 -0.0549 0.0197
vn 0.8092 -0.0396 -0.5862
vn 0.8245 0.0453 0.5640
vn -0.2814 0.5058 0.8155
vn -0.2641 -0.3472 0.8998
vn -0.8813 -0.4244 -0.2080
vn -0.2044 -0.7876 -0.5813
vn -0.6989 -0.6147 0.3657
vn -0.3155 -0.0481 0.9477
vn -0.9896 0.0571 -0.1319
vn 0.5215 -0.7565 -0.3947
vn -0.8721 -0.0497 0.4868
vn 0.8236 0.0311 -0.5663
vn -0.7970 0.0162 0.6037
vn 0.7771 -0.0521 0.6272
vn -0.9712 0.0186 -0.2375
vn 0.8259 0.0336 -0.5629
vn 0.7564 -0.0149 0.6539
vn -0.1777 -0.4515 -0.8744
vn -0.8516 0.4925 -0.1796
vn -0.9352 -0.3441 -0.0842
vn 0.3355 -0.4466 -0.8295
vn -0.6925 -0.5260 0.4938
vn 0.3055 0.0367 -0.9515
vn -0.4384 0.0735 -0.8958
vn -0.7450 -0.0305 0.6664
vn 0.3817 0.0164 -0.9241
vn -0.7611 -0.0031 0.6487
vn 0.3451 0.6296 -0.6961
vn -0.0597 0.9979 0.0258
vn -0.5214 0.0169 0.8531
vn -0.3700 -0.6440 0.6696
vn 0.1366 0.7748 -0.6173
vn -0.0519 -0.8094 0.5850
vn 0.0696 0.7638 0.6417
vn -0.1110 -0.7363 -0.6675
vn -0.1612 0.5628 0.8107
vn 0.0233 0.9992 -0.0327
vn 0.7241 -0.6479 -0.2362
vn 0.0034 -1.0000 -0.0011
vn -0.5110 0.7570 -0.4071
vn 0.3927 -0.0287 -0.9192
vn 0.5920 0.7839 -0.1871
vn -0.5216 -0.7343 -0.4344
vn -0.7260 -0.0281 -0.6871
vn 0.9553 -0.0540 -0.2906
vn -0.2000 -0.0098 0.9798
vn -0.4984 -0.0106 0.8669
vn -0.4967 0.5322 -0.6856
vn -0.9610 -0.0234 0.2757
vn 0.5258 -0.5193 -0.6737
vn -0.5694 0.0269 -0.8216
vn 0.3897 -0.7903 0.4727
vn -0.0155 0.9995 0.0261
vn -0.4503 -0.6547 -0.6072
vn 0.4523 0.6819 0.5749
vn -0.6133 0.7388 0.2792
vn -0.4867 0.7371 -0.4688
vn 0.5258 0.0980 0.8449
vn 0.9601 0.0056 0.2795
vn -0.9489 0.0370 0.3134
vn -0.9382 -0.0012 0.3461
vn -0.0375 -0.9993 -0.0036
vn 0.4285 0.7444 -0.5121
vn -0.6842 0.6863 -0.2468
vn -0.0032 -1.0000 0.0049
vn 0.8903 -0.0220 -0.4549
vn 0.6780 -0.6752 0.2907
vn 0.0066 0.9982 0.0600
vn -0.9366 -0.0459 -0.3473
vn 0.9289 0.0088 0.3702
vn 0.7377 0.6245 0.2566
vn -0.5693 0.0210 0.8219
vn -0.5530 0.0018 0.8332
vn -0.4193 0.5593 0.7151
vn 0.2279 0.5148 -0.8265
vn -0.3826 -0.6013 0.7015
vn -0.0421 -0.9990 -0.0114
vn -0.5607 0.0545 0.8262
vn -0.7054 0.6296 0.3258
vn 0.0627 0.9979 0.0173
vn 0.9412 0.0169 -0.3375
vn 0.7081 -0.6440 -0.2895
vn -0.4936 0.7748 0.3952
vn 0.4072 -0.8094 -0.4231
vn 0.3482 0.7638 -0.5435
vn -0.3322 -0.7363 0.5895
vn 0.6339 0.5628 -0.5304
vn -0.0387 0.9992 0.0108
vn -0.7122 -0.6479 -0.2701
vn -0.0034 -1.0000 -0.0013
vn 0.1427 0.7570 0.6376
vn -0.8823 -0.0287 0.4697
vn -0.5784 0.7839 -0.2255
vn 0.1338 -0.7343 0.6655
vn 0.1346 -0.0281 0.9905
vn -0.9263 -0.0540 -0.3728
vn 0.7702 -0.0098 -0.6377
vn 0.9319 -0.0106 -0.3627
vn -0.0189 0.5322 0.8464
vn 0.9214 -0.0234 0.3879
vn -0.8262 -0.5193 0.2186
vn -0.0432 0.0269 0.9987
vn -0.0246 -0.7903 -0.6122
vn 0.0281 0.9995 -0.0114
vn -0.0085 -0.6547 0.7559
vn -0.0126 0.6819 -0.7314
vn 0.6574 0.7388 0.1484
vn 0.1042 0.7371 0.6677
vn 0.0921 0.0980 -0.9909
vn -0.5957 0.0056 -0.8032
vn 0.9453 0.0370 0.3242
vn -0.0814 0.0545 -0.9952
vn 0.9565 -0.0012 0.2916
vn 0.0277 -0.9993 0.0255
vn -0.6509 0.7444 0.1488
vn -0.7271 0.6863 0.0171
vn 0.0055 -1.0000 -0.0020
vn 0.6658 -0.0220 -0.7458
vn 0.7372 -0.6752 0.0261
vn 0.0279 0.9982 0.0536
vn -0.9988 -0.0459 0.0145
vn 0.9999 0.0088 0.0095
vn 0.7805 0.6245 -0.0273
vn -0.2339 0.0210 0.9720
vn -0.2146 0.0018 0.9767
vn -0.1326 0.5593 0.8183
vn -0.0861 0.5148 -0.8530
vn -0.1033 -0.6013 0.7923
vn -0.0434 -0.9990 0.0046
vn 0.9942 0.0545 0.0924
vn 0.6257 0.6296 0.4606
vn -0.0151 0.9979 -0.0632
vn -0.7498 0.0169 -0.6614
vn -0.5953 -0.6440 -0.4805
vn 0.5843 0.7748 0.2416
vn -0.5671 -0.8094 -0.1525
vn -0.6441 0.7638 -0.0427
vn 0.6766 -0.7363 0.0064
vn -0.7705 0.5628 -0.2993
vn 0.0281 0.9992 0.0287
vn 0.1071 -0.6479 0.7541
vn 0.0005 -1.0000 0.0036
vn 0.4896 0.7570 -0.4327
vn 0.8372 -0.0287 0.5461
vn 0.0816 0.7839 0.6155
vn 0.5183 -0.7343 -0.4384
vn 0.8026 -0.0281 -0.5959
vn 0.1205 -0.0540 0.9912
vn -0.9302 -0.0098 -0.3668
vn -0.7673 -0.0106 -0.6412
vn 0.7504 0.5322 -0.3919
vn -0.1049 -0.0234 -0.9942
vn 0.5902 -0.5193 0.6181
vn 0.8956 0.0269 -0.4441
vn -0.5243 -0.7903 0.3170
vn -0.0236 0.9995 -0.0191
vn 0.6661 -0.6547 -0.3574
vn -0.5915 0.7334 0.3349
vn -0.1872 0.7388 -0.6474
vn 0.5345 0.7371 -0.4135
vn -0.9381 0.0942 0.3333
vn -0.3456 -0.0324 0.9378
vn -0.1723 0.0370 -0.9844
vn -0.6476 0.5702 0.5055
vn -0.2062 -0.0012 -0.9785
vn 0.0090 -0.9993 -0.0366
vn 0.4445 0.7444 0.4983
vn 0.3891 0.6863 0.6145
vn -0.0044 -1.0000 -0.0039
vn -0.9822 -0.0220 -0.1866
vn -0.3573 -0.6752 -0.6454
vn 0.0316 0.9982 -0.0515
vn 0.5268 -0.0459 0.8487
vn -0.5067 0.0088 -0.8621
vn -0.4253 0.6245 -0.6550
vn 0.9537 0.0210 -0.3001
vn 0.9478 0.0018 -0.3190
vn 0.7697 0.5593 -0.3077
vn -0.6868 0.5148 0.5131
vn 0.7324 -0.6013 -0.3195
vn 0.0263 -0.9990 0.0348
vt 0.359389 0.532132
vt 0.398237 0.487405
vt 0.407275 0.535977
vt 0.592973 0.717727
vt 0.637599 0.729523
vt 0.591940 0.765609
vt 0.592090 0.265485
vt 0.591450 0.218060
vt 0.625000 0.249226
vt 0.140607 0.718796
vt 0.140611 0.750000
vt 0.125000 0.717781
vt 0.261723 0.532866
vt 0.134280 0.520514
vt 0.281158 0.493134
vt 0.594193 0.535060
vt 0.606227 0.014093
vt 0.588742 0.032866
vt 0.402196 0.000000
vt 0.402083 0.744068
vt 0.407866 0.240451
vt 0.606227 0.984388
vt 0.592574 0.911465
vt 0.631793 0.845323
vt 0.359465 0.717134
vt 0.312544 0.758399
vt 0.631770 0.397292
vt 0.617236 0.505989
vt 0.592134 0.411421
vt 0.592134 0.838537
vt 0.403679 0.836550
vt 0.213537 0.717134
vt 0.591414 0.338457
vt 0.403578 0.386471
vt 0.740216 0.527839
vt 0.859388 0.534123
vt 0.740026 0.721587
vt 0.407866 0.032219
vt 0.592134 0.479966
vt 0.674803 0.525884
vt 0.592134 0.537811
vt 0.592417 0.717728
vt 0.636606 0.749532
vt 0.587691 0.765542
vt 0.593060 0.032866
vt 0.592134 0.000000
vt 0.625000 0.036035
vt 0.404483 0.000000
vt 0.625000 0.984388
vt 0.592141 0.984072
vt 0.606366 0.259088
vt 0.592134 0.216987
vt 0.363023 0.718100
vt 0.397872 0.762568
vt 0.859388 0.714453
vt 0.655080 0.728467
vt 0.213537 0.532015
vt 0.369742 0.533451
vt 0.407866 0.026995
vt 0.592134 0.484388
vt 0.637599 0.522463
vt 0.592134 0.537780
vt 0.592844 0.717738
vt 0.637599 0.726489
vt 0.590510 0.765586
vt 0.593207 0.032866
vt 0.592681 0.000000
vt 0.625000 0.034976
vt 0.380033 0.738521
vt 0.610676 0.257150
vt 0.592131 0.217616
vt 0.859388 0.715349
vt 0.859388 0.532866
vt 0.362156 0.533145
vt 0.359389 0.532132
vt 0.398237 0.487405
vt 0.407275 0.535977
vt 0.637599 0.729523
vt 0.591940 0.765609
vt 0.591450 0.218060
vt 0.140607 0.718796
vt 0.125000 0.717781
vt 0.261723 0.532866
vt 0.134280 0.520514
vt 0.281158 0.493134
vt 0.606227 0.014093
vt 0.588742 0.032866
vt 0.402083 0.744068
vt 0.407866 0.240451
vt 0.606227 0.984388
vt 0.592574 0.911465
vt 0.359465 0.717134
vt 0.631770 0.397292
vt 0.617236 0.505989
vt 0.403679 0.836550
vt 0.591414 0.338457
vt 0.403578 0.386471
vt 0.740026 0.721587
vt 0.407866 0.032219
vt 0.592134 0.479966
vt 0.674803 0.525884
vt 0.592134 0.537811
vt 0.592417 0.717728
vt 0.636606 0.749532
vt 0.587691 0.765543
vt 0.593061 0.032866
vt 0.625000 0.036035
vt 0.592134 0.216987
vt 0.363023 0.718100
vt 0.397872 0.762568
vt 0.859388 0.714453
vt 0.655080 0.728467
vt 0.213537 0.532015
vt 0.369742 0.533451
vt 0.407866 0.026995
vt 0.637599 0.522463
vt 0.592844 0.717738
vt 0.590510 0.765586
vt 0.593207 0.032866
vt 0.625000 0.034976
vt 0.380033 0.738521
vt 0.610676 0.257150
vt 0.592131 0.217616
vt 0.859388 0.715349
vt 0.362156 0.533145
vt 0.359389 0.532132
vt 0.398237 0.487405
vt 0.407275 0.535977
vt 0.591940 0.765609
vt 0.591450 0.218060
vt 0.125000 0.717781
vt 0.261723 0.532866
vt 0.606227 0.014093
vt 0.402196 0.000000
vt 0.606227 0.984388
vt 0.631770 0.397292
vt 0.407866 0.032219
vt 0.592134 0.479966
vt 0.637599 0.523511
vt 0.592417 0.717728
vt 0.636606 0.749532
vt 0.587691 0.765542
vt 0.593060 0.032866
vt 0.625000 0.036035
vt 0.592134 0.216987
vt 0.363023 0.718100
vt 0.397872 0.762568
vt 0.655080 0.728467
vt 0.785459 0.532942
vt 0.213537 0.532015
vt 0.407866 0.026995
vt 0.637599 0.522463
vt 0.592134 0.537780
vt 0.592844 0.717738
vt 0.590510 0.765586
vt 0.592681 0.000000
vt 0.625000 0.034976
vt 0.380033 0.738521
vt 0.592131 0.217616
vt 0.859388 0.717134
vt 0.402196 0.984389
vt 0.226578 0.754200
vt 0.404748 0.910459
vt 0.140611 0.500000
vt 0.396918 0.487433
vt 0.135213 0.531659
vt 0.134893 0.719284
vt 0.397125 0.487252
vt 0.409284 0.265611
vt 0.635485 0.477750
vt 0.411774 0.217134
vt 0.398534 0.763148
vt 0.404483 0.984388
vt 0.396862 0.487427
vt 0.138012 0.531788
vt 0.592681 0.984388
vt 0.410840 0.265609
vt 0.138589 0.734916
vt 0.407866 0.012868
vt 0.411675 0.217134
vt 0.407866 0.984388
vt 0.402196 0.984388
vt 0.396918 0.487433
vt 0.135213 0.531659
vt 0.134893 0.719284
vt 0.397125 0.487252
vt 0.409284 0.265611
vt 0.635485 0.477749
vt 0.411774 0.217134
vt 0.398534 0.763148
vt 0.396862 0.487427
vt 0.138012 0.531788
vt 0.410840 0.265609
vt 0.411675 0.217134
vt 0.402196 0.984389
vt 0.396918 0.487433
vt 0.134893 0.719284
vt 0.397125 0.487252
vt 0.409284 0.265611
vt 0.629200 0.341644
vt 0.411774 0.217134
vt 0.398534 0.763148
vt 0.404483 0.984389
vt 0.396862 0.487427
vt 0.138012 0.531788
vt 0.592681 0.984388
vt 0.410840 0.265609
vt 0.407866 0.012868
vt 0.411675 0.217134
s 0
usemtl Stone_1
f 650/670/913 666/671/913 668/672/913
f 652/673/914 667/674/914 653/675/914
f 659/676/915 660/677/915 661/678/915
f 660/677/916 659/676/916 662/679/916
f 661/680/917 660/681/917 667/674/917
f 667/674/918 652/673/918 668/672/918
f 657/682/919 656/683/919 661/678/919
f 655/684/920 654/685/920 665/663/920
f 661/686/921 667/687/921 666/671/921
f 655/684/922 664/688/922 669/689/922
f 668/672/923 652/673/923 669/689/923
f 661/678/924 656/683/924 659/676/924
f 655/684/925 665/663/925 664/688/925
f 669/689/926 652/673/926 655/684/926
f 662/679/927 659/676/927 663/690/927
f 671/691/928 672/692/928 684/693/928
f 674/694/929 675/695/929 676/696/929
f 681/697/930 686/698/930 682/699/930
f 676/696/931 677/700/931 674/694/931
f 679/701/932 678/702/932 682/699/932
f 682/703/933 672/692/933 679/704/933
f 684/693/934 674/694/934 685/705/934
f 682/699/935 678/702/935 681/697/935
f 685/705/936 674/694/936 677/700/936
f 718/731/960 734/732/960 736/733/960
f 720/734/961 735/735/961 721/736/961
f 727/737/962 728/677/962 729/738/962
f 728/677/963 727/737/963 730/679/963
f 729/680/964 728/681/964 735/735/964
f 735/735/965 720/734/965 736/733/965
f 725/682/966 724/739/966 729/738/966
f 723/740/967 722/741/967 733/663/967
f 729/742/968 735/743/968 734/732/968
f 723/740/969 732/744/969 737/745/969
f 736/733/970 720/734/970 737/745/970
f 729/738/971 724/739/971 727/737/971
f 723/740/972 733/663/972 732/744/972
f 737/745/973 720/734/973 723/740/973
f 730/679/974 727/737/974 731/746/974
f 739/691/975 740/747/975 752/693/975
f 742/748/976 743/695/976 744/749/976
f 749/750/977 754/698/977 750/751/977
f 744/749/978 745/752/978 742/748/978
f 747/753/979 746/754/979 750/751/979
f 750/755/980 740/747/980 747/704/980
f 752/693/981 742/748/981 753/756/981
f 750/751/982 746/754/982 749/750/982
f 753/756/983 742/748/983 745/752/983
f 786/769/1007 787/770/1007 805/733/1007
f 789/771/1008 804/772/1008 790/773/1008
f 796/774/1009 797/677/1009 798/775/1009
f 797/677/1010 796/774/1010 799/679/1010
f 798/680/1011 797/681/1011 804/772/1011
f 804/772/1012 789/771/1012 805/733/1012
f 794/682/1013 793/776/1013 798/775/1013
f 792/777/1014 791/778/1014 802/663/1014
f 798/686/1015 804/779/1015 803/780/1015
f 792/777/1016 801/781/1016 806/745/1016
f 787/770/1017 803/780/1017 804/772/1017
f 805/733/1018 789/771/1018 806/745/1018
f 798/775/1019 793/776/1019 796/774/1019
f 792/777/1020 802/663/1020 801/781/1020
f 806/745/1021 789/771/1021 792/777/1021
f 799/679/1022 796/774/1022 800/782/1022
f 808/691/1023 809/783/1023 821/784/1023
f 811/785/1024 812/695/1024 813/786/1024
f 818/697/1025 823/787/1025 819/788/1025
f 813/786/1026 814/789/1026 811/785/1026
f 816/701/1027 815/790/1027 819/788/1027
f 819/755/1028 809/783/1028 816/704/1028
f 821/784/1029 811/785/1029 822/756/1029
f 819/788/1030 815/790/1030 818/697/1030
f 822/756/1031 811/785/1031 814/789/1031
f 670/795/1052 651/796/1052 664/688/1052 658/797/1052
f 652/673/1054 653/675/1054 654/685/1054 655/684/1054
f 665/663/1055 663/798/1055 658/797/1055 664/688/1055
f 667/674/1056 660/681/1056 653/675/1056
f 651/799/1057 670/800/1057 657/682/1057 650/670/1057
f 662/642/1058 663/798/1058 665/663/1058 654/685/1058
f 657/682/1059 666/801/1059 650/670/1059
f 656/683/1060 657/682/1060 670/800/1060 658/802/1060
f 669/689/1061 664/688/1061 651/796/1061
f 666/671/1062 657/704/1062 661/686/1062
f 666/671/1063 667/674/1063 668/672/1063
f 663/690/1064 659/676/1064 656/683/1064
f 663/690/1065 656/683/1065 658/802/1065
f 654/803/1066 660/681/1066 662/804/1066
f 651/796/1067 650/670/1067 668/672/1067 669/689/1067
f 687/795/1068 673/805/1068 685/705/1068 680/806/1068
f 653/675/1069 660/681/1069 654/803/1069
f 674/694/1070 684/693/1070 672/692/1070 675/695/1070
f 676/696/1071 675/695/1071 682/680/1071 686/807/1071
f 671/691/1072 673/805/1072 687/808/1072 679/701/1072
f 677/700/1073 683/809/1073 680/806/1073 685/705/1073
f 675/695/1074 672/692/1074 682/703/1074
f 679/701/1075 672/692/1075 671/691/1075
f 683/810/1076 681/697/1076 678/702/1076
f 683/810/1077 678/702/1077 680/811/1077
f 678/702/1078 679/701/1078 687/808/1078 680/811/1078
f 673/805/1079 671/691/1079 684/693/1079 685/705/1079
f 683/810/1080 686/698/1080 681/697/1080
f 683/812/1081 677/700/1081 676/696/1081 686/807/1081
f 738/795/1103 719/814/1103 732/744/1103 726/815/1103
f 720/734/1105 721/736/1105 722/741/1105 723/740/1105
f 733/663/1106 731/816/1106 726/815/1106 732/744/1106
f 735/735/1107 728/681/1107 721/736/1107
f 719/817/1108 738/818/1108 725/682/1108 718/731/1108
f 730/642/1109 731/816/1109 733/663/1109 722/741/1109
f 725/682/1110 734/819/1110 718/731/1110
f 724/739/1111 725/682/1111 738/818/1111 726/820/1111
f 737/745/1112 732/744/1112 719/814/1112
f 734/732/1113 725/704/1113 729/742/1113
f 734/732/1114 735/735/1114 736/733/1114
f 731/746/1115 727/737/1115 724/739/1115
f 731/746/1117 724/739/1117 726/820/1117
f 722/821/1118 728/681/1118 730/804/1118
f 719/814/1119 718/731/1119 736/733/1119 737/745/1119
f 755/795/1120 741/822/1120 753/756/1120 748/823/1120
f 721/736/1121 728/681/1121 722/821/1121
f 742/748/1122 752/693/1122 740/747/1122 743/695/1122
f 744/749/1123 743/695/1123 750/680/1123 754/807/1123
f 739/691/1124 741/822/1124 755/824/1124 747/753/1124
f 745/752/1125 751/809/1125 748/823/1125 753/756/1125
f 743/695/1126 740/747/1126 750/755/1126
f 747/753/1127 740/747/1127 739/691/1127
f 751/810/1128 749/750/1128 746/754/1128
f 751/810/1129 746/754/1129 748/825/1129
f 746/754/1130 747/753/1130 755/824/1130 748/825/1130
f 741/822/1131 739/691/1131 752/693/1131 753/756/1131
f 751/810/1132 754/698/1132 749/750/1132
f 751/812/1133 745/752/1133 744/749/1133 754/807/1133
f 807/795/1155 788/827/1155 801/781/1155 795/815/1155
f 789/771/1157 790/773/1157 791/778/1157 792/777/1157
f 802/663/1158 800/828/1158 795/815/1158 801/781/1158
f 804/772/1159 797/681/1159 790/773/1159
f 788/829/1160 807/830/1160 794/682/1160 786/769/1160
f 799/642/1161 800/828/1161 802/663/1161 791/778/1161
f 794/682/1162 803/831/1162 786/769/1162
f 793/776/1163 794/682/1163 807/830/1163 795/832/1163
f 806/745/1164 801/781/1164 788/827/1164
f 803/780/1165 794/704/1165 798/686/1165
f 787/770/1166 804/772/1166 805/733/1166
f 800/782/1167 796/774/1167 793/776/1167
f 803/831/1168 787/770/1168 786/769/1168
f 800/782/1169 793/776/1169 795/832/1169
f 791/833/1170 797/681/1170 799/834/1170
f 788/827/1171 786/769/1171 805/733/1171 806/745/1171
f 824/795/1172 810/835/1172 822/756/1172 817/836/1172
f 790/773/1173 797/681/1173 791/833/1173
f 811/785/1174 821/784/1174 809/783/1174 812/695/1174
f 813/786/1175 812/695/1175 819/680/1175 823/837/1175
f 808/691/1176 810/835/1176 824/838/1176 816/701/1176
f 814/789/1177 820/809/1177 817/836/1177 822/756/1177
f 812/695/1178 809/783/1178 819/755/1178
f 816/701/1179 809/783/1179 808/691/1179
f 820/839/1180 818/697/1180 815/790/1180
f 820/839/1181 815/790/1181 817/840/1181
f 815/790/1182 816/701/1182 824/838/1182 817/840/1182
f 810/835/1183 808/691/1183 821/784/1183 822/756/1183
f 820/839/1184 823/787/1184 818/697/1184
f 820/812/1185 814/789/1185 813/786/1185 823/837/1185
usemtl Stone_2
f 643/632/890 621/633/890 622/634/890
f 647/635/891 640/636/891 623/637/891
f 625/638/892 648/639/892 642/640/892
f 644/641/893 629/642/893 630/643/893
f 631/644/894 626/645/894 632/646/894
f 622/634/895 621/633/895 641/647/895
f 628/648/896 627/649/896 629/650/896
f 623/637/897 624/651/897 647/635/897
f 626/652/898 648/639/898 625/638/898
f 628/653/899 633/654/899 646/655/899
f 640/636/900 647/635/900 641/647/900
f 645/656/901 624/651/901 649/657/901
f 637/658/902 620/659/902 638/660/902
f 623/637/903 634/661/903 649/662/903
f 634/661/904 633/654/904 649/662/904
f 645/656/905 635/663/905 644/641/905
f 639/664/906 638/660/906 632/665/906
f 631/644/907 644/641/907 626/645/907
f 631/644/908 643/632/908 645/656/908
f 637/666/909 642/667/909 646/668/909
f 623/637/910 649/662/910 624/651/910
f 630/669/911 648/639/911 626/652/911
f 641/647/912 621/633/912 620/659/912
f 639/664/1032 625/638/1032 642/640/1032 637/658/1032
f 646/668/1033 642/667/1033 628/791/1033
f 633/654/1034 628/653/1034 629/792/1034
f 629/642/1035 644/641/1035 635/663/1035 636/793/1035
f 637/658/1036 638/660/1036 639/664/1036
f 649/657/1037 636/793/1037 635/663/1037 645/656/1037
f 623/637/1038 640/636/1038 646/655/1038 634/661/1038
f 621/633/1039 643/632/1039 631/644/1039 632/646/1039
f 646/655/1040 633/654/1040 634/661/1040
f 646/668/1041 640/636/1041 620/659/1041 637/666/1041
f 622/634/1042 624/651/1042 645/656/1042 643/632/1042
f 631/644/1043 645/656/1043 644/641/1043
f 648/639/1044 627/649/1044 628/648/1044 642/640/1044
f 632/665/1045 626/652/1045 625/638/1045 639/664/1045
f 620/659/1046 640/636/1046 641/647/1046
f 644/641/1047 630/643/1047 626/645/1047
f 630/669/1048 627/649/1048 648/639/1048
f 647/635/1049 624/651/1049 622/634/1049 641/647/1049
f 649/662/1050 633/654/1050 636/794/1050
f 636/794/1051 633/654/1051 629/792/1051
f 629/650/1053 627/649/1053 630/669/1053
f 621/633/1116 632/665/1116 638/660/1116 620/659/1116
usemtl Stone_3
f 711/706/937 689/707/937 690/708/937
f 715/635/938 708/709/938 691/710/938
f 693/638/939 716/711/939 710/640/939
f 712/712/940 697/642/940 698/713/940
f 699/714/941 694/715/941 700/716/941
f 690/708/942 689/707/942 709/647/942
f 696/717/943 695/718/943 697/650/943
f 691/710/944 692/719/944 715/635/944
f 694/720/945 716/711/945 693/638/945
f 696/721/946 701/722/946 714/655/946
f 708/709/947 715/635/947 709/647/947
f 713/723/948 692/719/948 717/657/948
f 705/724/949 688/725/949 706/660/949
f 691/710/950 702/661/950 717/726/950
f 702/661/951 701/722/951 717/726/951
f 713/723/952 703/663/952 712/712/952
f 707/727/953 706/660/953 700/728/953
f 699/714/954 712/712/954 694/715/954
f 699/714/955 711/706/955 713/723/955
f 705/666/956 710/667/956 714/729/956
f 691/710/957 717/726/957 692/719/957
f 698/730/958 716/711/958 694/720/958
f 709/647/959 689/707/959 688/725/959
f 779/757/984 757/758/984 758/759/984
f 783/635/985 776/636/985 759/760/985
f 761/638/986 784/761/986 778/640/986
f 780/712/987 765/642/987 766/762/987
f 767/763/988 762/715/988 768/646/988
f 758/759/989 757/758/989 777/647/989
f 764/764/990 763/718/990 765/765/990
f 759/760/991 760/651/991 783/635/991
f 762/652/992 784/761/992 761/638/992
f 764/766/993 769/722/993 782/655/993
f 776/636/994 783/635/994 777/647/994
f 781/656/995 760/651/995 785/657/995
f 773/767/996 756/659/996 774/660/996
f 759/760/997 770/661/997 785/726/997
f 770/661/998 769/722/998 785/726/998
f 781/656/999 771/663/999 780/712/999
f 775/727/1000 774/660/1000 768/665/1000
f 767/763/1001 780/712/1001 762/715/1001
f 767/763/1002 779/757/1002 781/656/1002
f 773/666/1003 778/667/1003 782/668/1003
f 759/760/1004 785/726/1004 760/651/1004
f 766/768/1005 784/761/1005 762/652/1005
f 777/647/1006 757/758/1006 756/659/1006
f 689/707/1082 700/728/1082 706/660/1082 688/725/1082
f 707/727/1083 693/638/1083 710/640/1083 705/724/1083
f 714/729/1084 710/667/1084 696/791/1084
f 701/722/1085 696/721/1085 697/813/1085
f 697/642/1086 712/712/1086 703/663/1086 704/793/1086
f 705/724/1087 706/660/1087 707/727/1087
f 717/657/1088 704/793/1088 703/663/1088 713/723/1088
f 691/710/1089 708/709/1089 714/655/1089 702/661/1089
f 689/707/1090 711/706/1090 699/714/1090 700/716/1090
f 714/655/1091 701/722/1091 702/661/1091
f 714/729/1092 708/709/1092 688/725/1092 705/666/1092
f 690/708/1093 692/719/1093 713/723/1093 711/706/1093
f 699/714/1094 713/723/1094 712/712/1094
f 716/711/1095 695/718/1095 696/717/1095 710/640/1095
f 700/728/1096 694/720/1096 693/638/1096 707/727/1096
f 688/725/1097 708/709/1097 709/647/1097
f 712/712/1098 698/713/1098 694/715/1098
f 698/730/1099 695/718/1099 716/711/1099
f 715/635/1100 692/719/1100 690/708/1100 709/647/1100
f 717/726/1101 701/722/1101 704/794/1101
f 704/794/1102 701/722/1102 697/813/1102
f 697/650/1104 695/718/1104 698/730/1104
f 757/758/1134 768/665/1134 774/660/1134 756/659/1134
f 775/727/1135 761/638/1135 778/640/1135 773/767/1135
f 782/668/1136 778/667/1136 764/791/1136
f 769/722/1137 764/766/1137 765/826/1137
f 765/642/1138 780/712/1138 771/663/1138 772/793/1138
f 773/767/1139 774/660/1139 775/727/1139
f 785/657/1140 772/793/1140 771/663/1140 781/656/1140
f 759/760/1141 776/636/1141 782/655/1141 770/661/1141
f 757/758/1142 779/757/1142 767/763/1142 768/646/1142
f 782/655/1143 769/722/1143 770/661/1143
f 782/668/1144 776/636/1144 756/659/1144 773/666/1144
f 758/759/1145 760/651/1145 781/656/1145 779/757/1145
f 767/763/1146 781/656/1146 780/712/1146
f 784/761/1147 763/718/1147 764/764/1147 778/640/1147
f 768/665/1148 762/652/1148 761/638/1148 775/727/1148
f 756/659/1149 776/636/1149 777/647/1149
f 780/712/1150 766/762/1150 762/715/1150
f 766/768/1151 763/718/1151 784/761/1151
f 783/635/1152 760/651/1152 758/759/1152 777/647/1152
f 785/726/1153 769/722/1153 772/794/1153
f 772/794/1154 769/722/1154 765/826/1154
f 765/765/1156 763/718/1156 766/768/1156
o Cube.009
v 0.333758 1.134097 -0.181342
v 0.334459 1.182048 -0.124658
v 0.384690 1.131426 -0.128286
v 0.328048 0.818898 -0.138930
v 0.327480 0.863648 -0.184462
v 0.375004 0.872521 -0.130464
v 0.376203 1.127276 0.131959
v 0.331694 1.180802 0.132347
v 0.334060 1.138463 0.182164
v 0.379905 0.866428 0.131586
v 0.334790 0.865977 0.189384
v 0.333194 0.818636 0.133296
v -0.332677 1.133066 -0.180625
v -0.378895 1.133334 -0.131962
v -0.334018 1.178669 -0.136538
v -0.379371 0.861114 -0.128314
v -0.332109 0.863193 -0.174687
v -0.328985 0.820928 -0.131367
v -0.384287 1.135127 0.131221
v -0.336583 1.134174 0.184949
v -0.329656 1.181928 0.129628
v -0.338919 0.812869 0.130821
v -0.333408 0.870099 0.179427
v -0.377692 0.863986 0.133710
v 0.117325 0.821198 -0.125778
v -0.111348 0.820929 -0.132340
v -0.110588 0.867742 -0.180444
v 0.105238 0.871955 -0.177806
v 0.109905 1.183316 0.133555
v -0.107097 1.179614 0.134999
v -0.110888 1.133397 0.180739
v 0.107183 1.132367 0.185053
v -0.107271 0.813265 0.131797
v 0.115964 0.822854 0.128159
v 0.110240 0.864579 0.181974
v -0.109741 0.868836 0.177452
v -0.110285 1.179656 -0.132051
v 0.105797 1.178687 -0.132152
v 0.110393 1.130762 -0.176978
v -0.110860 1.133245 -0.180502
v -0.326980 0.824630 -0.005755
v -0.379917 0.867161 0.000122
v 0.335612 1.173732 0.003821
v 0.386318 1.134481 -0.004560
v -0.326503 1.184796 0.003919
v -0.376820 1.137182 0.000775
v 0.327626 0.819406 -0.002801
v 0.376377 0.872106 0.002171
v -0.110786 0.821924 -0.000096
v 0.117189 0.822506 0.000551
v 0.114288 1.182711 0.005118
v -0.111986 1.187113 -0.002022
v 0.383826 0.994751 -0.128606
v 0.338450 0.999237 -0.179805
v -0.332369 0.999577 0.171835
v -0.380520 1.006000 0.139161
v 0.332824 1.000141 0.181790
v 0.375373 1.000887 0.131344
v -0.332838 1.000084 -0.180648
v -0.381501 0.995402 -0.130100
v 0.110679 0.997097 0.185484
v -0.104987 1.007184 0.177540
v -0.105600 0.998937 -0.180561
v 0.114048 0.993805 -0.180926
v -0.373349 1.002159 0.003078
v 0.375778 0.999260 -0.003363
vn 0.5832 0.6166 -0.5288
vn 0.6831 -0.5166 -0.5163
vn 0.6880 0.5688 0.4507
vn 0.6325 -0.6007 0.4890
vn -0.6075 0.5428 -0.5799
vn -0.5328 -0.6246 -0.5710
vn -0.5537 0.6634 0.5033
vn -0.5940 -0.4868 0.6405
vn -0.7160 -0.6952 -0.0642
vn -0.0033 -0.7163 -0.6978
vn 0.7498 -0.0409 -0.6604
vn -0.6706 -0.0348 0.7410
vn 0.7764 0.0371 0.6292
vn -0.7095 -0.0276 -0.7042
vn 0.0033 0.7322 0.6811
vn 0.6992 0.7140 0.0374
vn -0.0228 -0.7771 0.6289
vn -0.6986 0.7155 -0.0016
vn -0.0060 0.7269 -0.6868
vn 0.7434 -0.6689 -0.0024
vn -0.0074 0.0086 -0.9999
vn 0.9983 -0.0433 0.0378
vn -0.0000 0.9992 0.0394
vn -0.0171 -0.9999 -0.0013
vn -0.0023 -0.0625 0.9980
vn -0.9993 -0.0026 0.0385
vn 0.0147 0.0003 0.9999
vn -0.0285 -0.0116 0.9995
vn -0.0040 -0.9971 -0.0760
vn 0.0223 -0.9992 -0.0322
vn 0.0258 0.9992 -0.0290
vn 0.0012 0.9997 0.0260
vn 0.0005 0.0003 -1.0000
vn 0.0074 0.0150 -0.9999
vn 0.0054 0.7091 -0.7051
vn 0.0111 0.7033 -0.7108
vn 0.0005 -0.6412 0.7673
vn 0.0072 -0.7146 0.6995
vn 0.0003 0.7357 0.6774
vn -0.0090 0.7076 0.7065
vn -0.0494 -0.7169 -0.6954
vn 0.0217 -0.7148 -0.6990
vn 0.0128 0.9990 -0.0432
vn 0.0123 0.9998 0.0157
vn 0.0017 -1.0000 0.0089
vn -0.0064 -0.9998 0.0183
vn -0.9981 -0.0295 -0.0546
vn -0.0125 -0.9999 0.0069
vn -0.0077 0.9987 -0.0500
vn 0.9988 -0.0418 0.0270
vn 0.7251 -0.6874 -0.0415
vn -0.6686 0.7435 -0.0134
vn 0.6655 0.7463 0.0082
vn -0.6228 -0.7816 0.0336
vn 0.9991 -0.0326 0.0264
vn -0.9997 0.0141 -0.0184
vn 0.0052 -0.0131 -0.9999
vn -0.0125 -0.0225 -0.9997
vn -0.0290 -0.0127 0.9995
vn -0.0085 0.0153 0.9998
vn -0.9995 0.0164 0.0283
vn -0.0087 0.0282 0.9996
vn 0.9997 0.0194 -0.0115
vn -0.0123 0.0069 -0.9999
vn -0.7228 0.0027 -0.6911
vn 0.7647 -0.0084 0.6443
vn -0.6468 0.0018 0.7627
vn 0.7348 0.0073 -0.6783
vt 0.592134 0.484388
vt 0.637599 0.523511
vt 0.592134 0.532275
vt 0.359389 0.532866
vt 0.398511 0.487401
vt 0.407275 0.532866
vt 0.592134 0.717725
vt 0.637599 0.726489
vt 0.592134 0.765612
vt 0.407275 0.717134
vt 0.398511 0.762599
vt 0.359388 0.717134
vt 0.592134 0.265485
vt 0.592134 0.217134
vt 0.625000 0.250711
vt 0.125000 0.532866
vt 0.140611 0.500000
vt 0.140611 0.532866
vt 0.592134 0.032866
vt 0.592134 0.000000
vt 0.625000 0.032866
vt 0.140611 0.717134
vt 0.140611 0.750000
vt 0.125000 0.717134
vt 0.140611 0.625000
vt 0.125000 0.625000
vt 0.213537 0.532866
vt 0.226578 0.495800
vt 0.499705 0.532571
vt 0.495322 0.485895
vt 0.500000 0.000000
vt 0.500000 0.032866
vt 0.495322 0.764105
vt 0.499704 0.717429
vt 0.500000 0.265548
vt 0.407866 0.265611
vt 0.407866 0.217134
vt 0.500000 0.217134
vt 0.629200 0.898422
vt 0.625000 0.984388
vt 0.592134 0.984388
vt 0.592134 0.911463
vt 0.637599 0.625000
vt 0.592134 0.625000
vt 0.286463 0.717134
vt 0.312544 0.758399
vt 0.625000 0.141789
vt 0.592134 0.125000
vt 0.633399 0.432578
vt 0.592134 0.411421
vt 0.359388 0.625000
vt 0.407275 0.625000
vt 0.496881 0.412446
vt 0.499705 0.625000
vt 0.785459 0.625000
vt 0.859388 0.625000
vt 0.859388 0.717134
vt 0.785459 0.720252
vt 0.286463 0.625000
vt 0.498441 0.910961
vt 0.500000 0.984388
vt 0.500000 0.125000
vt 0.592134 0.838537
vt 0.496881 0.837533
vt 0.213537 0.625000
vt 0.213537 0.717134
vt 0.711529 0.625000
vt 0.711529 0.723371
vt 0.592134 0.338453
vt 0.498441 0.338997
vt 0.629200 0.341644
vt 0.226578 0.754200
vt 0.633399 0.812456
vt 0.286463 0.532866
vt 0.312544 0.491601
vt 0.711529 0.526629
vt 0.785459 0.529748
vt 0.859388 0.532866
vt 0.407866 0.032866
vt 0.407866 0.125000
vt 0.404748 0.339541
vt 0.401629 0.413471
vt 0.401629 0.836529
vt 0.404748 0.910459
vt 0.407866 0.984388
vt 0.407866 0.000000
s 0
usemtl Stone_1
f 825/841/1186 826/842/1186 827/843/1186
f 828/844/1187 829/845/1187 830/846/1187
f 831/847/1188 832/848/1188 833/849/1188
f 834/850/1189 835/851/1189 836/852/1189
f 837/853/1190 838/854/1190 839/855/1190
f 840/856/1191 841/857/1191 842/858/1191
f 843/859/1192 844/860/1192 845/861/1192
f 846/862/1193 847/863/1193 848/864/1193
f 865/865/1194 846/862/1194 848/864/1194 866/866/1194
f 850/867/1195 842/858/1195 841/857/1195 851/868/1195
f 877/869/1196 830/846/1196 829/845/1196 878/870/1196
f 879/871/1197 844/860/1197 843/859/1197 880/872/1197
f 881/873/1198 835/851/1198 834/850/1198 882/874/1198
f 883/875/1199 841/876/1199 840/877/1199 884/878/1199
f 854/879/1200 845/880/1200 844/881/1200 855/882/1200
f 867/883/1201 832/848/1201 831/847/1201 868/884/1201
f 858/885/1202 836/852/1202 835/851/1202 859/886/1202
f 869/887/1203 839/855/1203 838/854/1203 870/888/1203
f 862/889/1204 826/842/1204 825/841/1204 863/890/1204
f 871/891/1205 828/844/1205 830/846/1205 872/892/1205
f 888/893/1206 863/890/1206 825/841/1206 878/870/1206
f 890/894/1207 868/884/1207 831/847/1207 882/874/1207
f 876/895/1208 869/896/1208 845/897/1208 854/898/1208
f 874/899/1209 871/891/1209 836/852/1209 858/885/1209
f 886/900/1210 855/882/1210 844/881/1210 879/901/1210
f 889/902/1211 870/888/1211 838/854/1211 884/878/1211
f 881/873/1212 833/849/1212 856/903/1212 885/904/1212
f 885/904/1213 856/903/1213 855/882/1213 886/900/1213
f 865/865/1214 873/905/1214 857/906/1214 846/862/1214
f 873/905/1215 874/899/1215 858/885/1215 857/906/1215
f 867/883/1216 875/907/1216 853/908/1216 832/848/1216
f 875/907/1217 876/895/1217 854/898/1217 853/908/1217
f 883/875/1218 837/853/1218 864/909/1218 887/910/1218
f 887/910/1219 864/909/1219 863/890/1219 888/893/1219
f 839/855/1220 861/911/1220 864/909/1220 837/853/1220
f 861/911/1221 862/889/1221 863/890/1221 864/909/1221
f 846/862/1222 857/906/1222 860/912/1222 847/863/1222
f 857/906/1223 858/885/1223 859/886/1223 860/912/1223
f 832/848/1224 853/913/1224 856/903/1224 833/849/1224
f 853/913/1225 854/879/1225 855/882/1225 856/903/1225
f 828/844/1226 849/914/1226 852/915/1226 829/845/1226
f 849/914/1227 850/867/1227 851/868/1227 852/915/1227
f 862/916/1228 861/917/1228 876/895/1228 875/907/1228
f 826/842/1229 862/916/1229 875/907/1229 867/883/1229
f 850/867/1230 849/914/1230 874/899/1230 873/905/1230
f 842/858/1231 850/867/1231 873/905/1231 865/865/1231
f 880/872/1232 843/859/1232 870/888/1232 889/902/1232
f 849/914/1233 828/844/1233 871/891/1233 874/899/1233
f 861/917/1234 839/918/1234 869/896/1234 876/895/1234
f 877/869/1235 827/843/1235 868/884/1235 890/894/1235
f 836/852/1236 871/891/1236 872/892/1236 834/850/1236
f 845/861/1237 869/887/1237 870/888/1237 843/859/1237
f 826/842/1238 867/883/1238 868/884/1238 827/843/1238
f 842/858/1239 865/865/1239 866/866/1239 840/856/1239
f 830/846/1240 877/869/1240 890/894/1240 872/892/1240
f 848/919/1241 880/872/1241 889/902/1241 866/920/1241
f 851/921/1242 887/910/1242 888/893/1242 852/922/1242
f 841/876/1243 883/875/1243 887/910/1243 851/921/1243
f 859/923/1244 885/904/1244 886/900/1244 860/924/1244
f 835/851/1245 881/873/1245 885/904/1245 859/923/1245
f 866/920/1246 889/902/1246 884/878/1246 840/877/1246
f 860/924/1247 886/900/1247 879/901/1247 847/925/1247
f 872/892/1248 890/894/1248 882/874/1248 834/850/1248
f 852/922/1249 888/893/1249 878/870/1249 829/845/1249
f 837/853/1250 883/875/1250 884/878/1250 838/854/1250
f 833/849/1251 881/873/1251 882/874/1251 831/847/1251
f 847/926/1252 879/871/1252 880/872/1252 848/919/1252
f 827/843/1253 877/869/1253 878/870/1253 825/841/1253
o Cube.010
v 0.762691 1.181544 0.132602
v 0.756357 1.124860 0.180138
v 0.833351 1.128488 0.131224
v 0.803243 1.139132 -0.180029
v 0.796121 1.184664 -0.135846
v 0.823664 1.130666 -0.127681
v 0.824863 0.868243 0.127073
v 0.753805 0.867855 0.178500
v 0.762350 0.818038 0.136966
v 0.828566 0.868616 -0.133774
v 0.803012 0.810818 -0.132471
v 0.808372 0.866906 -0.179535
v 0.460575 1.181733 0.130559
v 0.397023 1.132164 0.133132
v 0.462931 1.138011 0.176471
v 0.396547 1.128516 -0.139088
v 0.433599 1.173869 -0.137914
v 0.431487 1.130191 -0.179873
v 0.391631 0.868982 0.134925
v 0.448983 0.816353 0.135462
v 0.461907 0.871844 0.181750
v 0.415179 0.868239 -0.184441
v 0.425434 0.819929 -0.127614
v 0.398226 0.866492 -0.136216
v 0.591070 1.132542 -0.177482
v 0.597900 1.180646 -0.131163
v 0.641847 0.865203 0.177616
v 0.632089 0.819464 0.132283
v 0.594117 0.868405 -0.185610
v 0.598882 0.822750 -0.130189
v 0.638692 1.132253 0.178072
v 0.632096 1.180704 0.132129
v 0.431170 1.004596 -0.175223
v 0.396001 1.000080 -0.133041
v 0.758716 0.996381 0.172081
v 0.834979 1.004762 0.134279
v 0.468023 0.997469 0.183113
v 0.399099 0.999427 0.136980
v 0.802751 1.003003 -0.179589
v 0.825038 0.998031 -0.128096
v 0.591756 1.000298 -0.176568
v 0.637973 1.002224 0.185686
v 0.832486 1.128808 -0.005451
v 0.787100 1.180007 -0.000113
v 0.439782 0.828415 0.001015
v 0.395398 0.861041 0.005798
v 0.781402 0.818412 -0.000044
v 0.824033 0.868858 0.000685
v 0.446907 1.180816 -0.001717
v 0.394417 1.130302 -0.004800
v 0.621555 0.822662 0.006371
v 0.619877 1.180763 -0.001726
v 0.402570 0.997124 0.001956
v 0.824438 1.003565 -0.000942
vn 0.4284 0.5520 0.7153
vn 0.8726 0.4035 -0.2752
vn 0.5104 -0.4973 0.7015
vn 0.8500 -0.3839 -0.3607
vn -0.4653 0.6289 0.6228
vn -0.6484 0.5435 -0.5331
vn -0.4659 -0.5003 0.7298
vn -0.7986 -0.5220 -0.2996
vn -0.8664 0.0669 -0.4949
vn 0.0008 0.6932 -0.7208
vn 0.8215 0.5699 0.0150
vn -0.6423 -0.7665 0.0013
vn 0.8423 -0.5300 0.0981
vn -0.7310 0.6824 0.0082
vn 0.0084 -0.6720 0.7405
vn 0.5192 -0.0320 0.8541
vn -0.0136 -0.6725 0.7400
vn -0.5532 0.0175 0.8329
vn -0.0164 -0.7095 -0.7045
vn 0.9250 0.0030 -0.3800
vn 0.9983 -0.0378 -0.0433
vn 0.0043 -0.0359 0.9993
vn 0.0545 -0.0064 0.9985
vn -0.0069 -0.9983 -0.0580
vn -0.9993 -0.0385 -0.0026
vn -0.0002 1.0000 -0.0056
vn -0.0066 0.0682 -0.9976
vn -0.0088 0.9998 0.0176
vn 0.0032 1.0000 -0.0035
vn 0.0073 0.7062 0.7079
vn -0.0003 -0.7668 -0.6419
vn -0.0306 0.6946 -0.7187
vn -0.0130 -0.0051 -0.9999
vn -0.0196 -0.9997 -0.0142
vn 0.0483 -0.0014 0.9988
vn 0.0031 -0.0216 -0.9998
vn -0.9981 0.0546 -0.0295
vn -0.0119 0.0524 0.9986
vn 0.9988 -0.0270 -0.0418
vn 0.9161 0.0400 -0.3988
vn -0.5553 0.0184 0.8314
vn 0.4930 -0.0095 0.8700
vn -0.7627 -0.0246 -0.6463
vn 0.9991 -0.0264 -0.0326
vn -0.9997 0.0184 0.0141
vn 0.0099 0.6644 0.7473
vn -0.0195 0.9995 -0.0240
vn 0.0071 0.0337 -0.9994
vn -0.9995 -0.0283 0.0164
vn -0.0085 -0.9994 0.0328
vn 0.9997 0.0115 0.0194
vn -0.6529 0.7568 0.0315
vn 0.6928 -0.7197 0.0452
vn -0.7422 -0.6691 0.0391
vn 0.6691 0.7412 0.0551
vn -0.0437 -0.9986 0.0280
vt 0.592134 0.484388
vt 0.637599 0.523511
vt 0.592134 0.532275
vt 0.359389 0.532866
vt 0.398511 0.487401
vt 0.407275 0.532866
vt 0.592134 0.717725
vt 0.637599 0.726489
vt 0.592134 0.765612
vt 0.407275 0.717134
vt 0.398511 0.762599
vt 0.359388 0.717134
vt 0.592134 0.265485
vt 0.592134 0.217134
vt 0.625000 0.250711
vt 0.125000 0.532866
vt 0.140611 0.500000
vt 0.140611 0.532866
vt 0.592134 0.032866
vt 0.592134 0.000000
vt 0.625000 0.032866
vt 0.140611 0.717134
vt 0.140611 0.750000
vt 0.125000 0.717134
vt 0.140611 0.625000
vt 0.125000 0.625000
vt 0.213537 0.532866
vt 0.226578 0.495800
vt 0.499705 0.532571
vt 0.495322 0.485895
vt 0.500000 0.000000
vt 0.500000 0.032866
vt 0.495322 0.764105
vt 0.499704 0.717429
vt 0.500000 0.265548
vt 0.407866 0.265611
vt 0.407866 0.217134
vt 0.500000 0.217134
vt 0.629200 0.898422
vt 0.625000 0.984388
vt 0.592134 0.984388
vt 0.592134 0.911463
vt 0.637599 0.625000
vt 0.592134 0.625000
vt 0.625000 0.141789
vt 0.592134 0.125000
vt 0.213537 0.717134
vt 0.226578 0.754200
vt 0.359388 0.625000
vt 0.407275 0.625000
vt 0.499705 0.625000
vt 0.785459 0.625000
vt 0.859388 0.625000
vt 0.859388 0.717134
vt 0.785459 0.720252
vt 0.498441 0.910961
vt 0.500000 0.984388
vt 0.500000 0.125000
vt 0.498441 0.338997
vt 0.592134 0.338453
vt 0.213537 0.625000
vt 0.404748 0.339541
vt 0.629200 0.341644
vt 0.785459 0.529748
vt 0.859388 0.532866
vt 0.407866 0.032866
vt 0.407866 0.125000
vt 0.404748 0.910459
vt 0.407866 0.984388
vt 0.407866 0.000000
s 0
usemtl Stone_1
f 891/927/1254 892/928/1254 893/929/1254
f 894/930/1255 895/931/1255 896/932/1255
f 897/933/1256 898/934/1256 899/935/1256
f 900/936/1257 901/937/1257 902/938/1257
f 903/939/1258 904/940/1258 905/941/1258
f 906/942/1259 907/943/1259 908/944/1259
f 909/945/1260 910/946/1260 911/947/1260
f 912/948/1261 913/949/1261 914/950/1261
f 923/951/1262 912/948/1262 914/950/1262 924/952/1262
f 915/953/1263 908/944/1263 907/943/1263 916/954/1263
f 933/955/1264 896/932/1264 895/931/1264 934/956/1264
f 935/957/1265 910/946/1265 909/945/1265 936/958/1265
f 937/959/1266 901/937/1266 900/936/1266 938/960/1266
f 939/961/1267 907/962/1267 906/963/1267 940/964/1267
f 917/965/1268 911/966/1268 910/967/1268 918/968/1268
f 925/969/1269 898/934/1269 897/933/1269 926/970/1269
f 898/934/1270 917/965/1270 918/968/1270 899/935/1270
f 927/971/1271 905/941/1271 904/940/1271 928/972/1271
f 919/973/1272 902/938/1272 901/937/1272 920/974/1272
f 929/975/1273 894/930/1273 896/932/1273 930/976/1273
f 944/977/1274 926/970/1274 897/933/1274 938/960/1274
f 932/978/1275 927/979/1275 911/980/1275 917/981/1275
f 932/978/1276 917/981/1276 898/934/1276 925/969/1276
f 941/982/1277 918/968/1277 910/967/1277 935/983/1277
f 943/984/1278 928/972/1278 904/940/1278 940/964/1278
f 942/985/1279 922/986/1279 891/927/1279 934/956/1279
f 923/951/1280 931/987/1280 919/973/1280 912/948/1280
f 942/985/1281 934/956/1281 895/931/1281 916/988/1281
f 939/961/1282 903/939/1282 922/986/1282 942/985/1282
f 905/941/1283 921/989/1283 922/986/1283 903/939/1283
f 912/948/1284 919/973/1284 920/974/1284 913/949/1284
f 894/930/1285 915/953/1285 916/954/1285 895/931/1285
f 894/930/1286 929/975/1286 931/987/1286 915/953/1286
f 899/935/1287 918/968/1287 941/982/1287 937/959/1287
f 892/928/1288 921/990/1288 932/978/1288 925/969/1288
f 908/944/1289 915/953/1289 931/987/1289 923/951/1289
f 936/958/1290 909/945/1290 928/972/1290 943/984/1290
f 921/990/1291 905/991/1291 927/979/1291 932/978/1291
f 933/955/1292 893/929/1292 926/970/1292 944/977/1292
f 902/938/1293 929/975/1293 930/976/1293 900/936/1293
f 911/947/1294 927/971/1294 928/972/1294 909/945/1294
f 892/928/1295 925/969/1295 926/970/1295 893/929/1295
f 908/944/1296 923/951/1296 924/952/1296 906/942/1296
f 896/932/1297 933/955/1297 944/977/1297 930/976/1297
f 914/992/1298 936/958/1298 943/984/1298 924/993/1298
f 921/989/1299 892/928/1299 891/927/1299 922/986/1299
f 907/962/1300 939/961/1300 942/985/1300 916/988/1300
f 931/987/1301 929/975/1301 902/938/1301 919/973/1301
f 924/993/1302 943/984/1302 940/964/1302 906/963/1302
f 920/994/1303 941/982/1303 935/983/1303 913/995/1303
f 930/976/1304 944/977/1304 938/960/1304 900/936/1304
f 903/939/1305 939/961/1305 940/964/1305 904/940/1305
f 899/935/1306 937/959/1306 938/960/1306 897/933/1306
f 913/996/1307 935/957/1307 936/958/1307 914/992/1307
f 893/929/1308 933/955/1308 934/956/1308 891/927/1308
f 901/937/1309 937/959/1309 941/982/1309 920/994/1309
o Cube.011
v 1.060252 1.181544 0.132602
v 1.056587 1.124860 0.180138
v 1.101135 1.128488 0.131224
v 1.083715 1.139132 -0.180029
v 1.079595 1.184664 -0.135846
v 1.095531 1.130666 -0.127681
v 1.096225 0.868243 0.127073
v 1.055110 0.867855 0.178500
v 1.060055 0.818038 0.136966
v 1.098367 0.868616 -0.133774
v 1.083581 0.810818 -0.132471
v 1.086683 0.866906 -0.179535
v 0.885449 1.181733 0.130559
v 0.848679 1.132164 0.133132
v 0.886813 1.138011 0.176471
v 0.848403 1.128516 -0.139088
v 0.869841 1.173869 -0.137914
v 0.868619 1.130191 -0.179873
v 0.845559 0.868982 0.134925
v 0.878742 0.816353 0.135462
v 0.886220 0.871844 0.181750
v 0.859184 0.868239 -0.184441
v 0.865117 0.819929 -0.127614
v 0.849375 0.866492 -0.136216
v 0.868436 1.004596 -0.175223
v 0.848088 1.000080 -0.133041
v 1.057952 0.996381 0.172081
v 1.102077 1.004762 0.134279
v 0.889759 0.997469 0.183113
v 0.849880 0.999427 0.136980
v 1.083431 1.003003 -0.179589
v 1.096326 0.998031 -0.128096
v 1.100635 1.128808 -0.005451
v 1.074375 1.180007 -0.000113
v 0.873419 0.828415 0.001015
v 0.847739 0.861041 0.005798
v 1.071078 0.818412 -0.000044
v 1.095744 0.868858 0.000685
v 0.877541 1.180816 -0.001717
v 0.847171 1.130302 -0.004800
v 0.851888 0.997124 0.001956
v 1.095979 1.003565 -0.000942
vn 0.6339 0.4725 0.6123
vn 0.9514 0.2545 -0.1736
vn 0.7161 -0.4037 0.5694
vn 0.9413 -0.2460 -0.2311
vn -0.6725 0.5259 0.5208
vn -0.8272 0.4012 -0.3935
vn -0.6731 -0.4181 0.6100
vn -0.9166 -0.3467 -0.1990
vn -0.9486 0.0424 -0.3135
vn -0.0102 -0.0194 -0.9998
vn 0.9280 0.3725 0.0098
vn -0.8229 -0.5682 0.0009
vn 0.9378 -0.3415 0.0632
vn -0.8798 0.4752 0.0057
vn -0.0290 0.6939 -0.7195
vn 0.7241 -0.0258 0.6892
vn -0.7539 0.0138 0.6568
vn -0.0004 -0.6405 0.7680
vn 0.9729 0.0018 -0.2313
vn 0.9994 -0.0219 -0.0251
vn -0.0245 0.9997 -0.0082
vn 0.0028 1.0000 -0.0092
vn -0.9998 -0.0223 -0.0015
vn 0.0426 0.0188 0.9989
vn 0.0142 0.6810 0.7321
vn -0.0164 -0.7055 -0.7085
vn 0.0216 -0.0049 0.9998
vn -0.0219 -0.9987 -0.0462
vn -0.9994 0.0316 -0.0171
vn 0.9996 -0.0156 -0.0242
vn 0.9694 0.0245 -0.2442
vn -0.7558 0.0145 0.6547
vn 0.6997 -0.0078 0.7144
vn -0.8978 -0.0168 -0.4402
vn 0.9997 -0.0153 -0.0188
vn -0.9999 0.0106 0.0081
vn -0.9998 -0.0164 0.0095
vn 0.0014 0.0336 -0.9994
vn 0.9999 0.0067 0.0112
vn -0.8303 0.5569 0.0232
vn 0.8567 -0.5148 0.0324
vn -0.8863 -0.4623 0.0270
vn 0.8412 0.5392 0.0401
vn -0.0449 -0.9971 0.0607
vt 0.592134 0.484388
vt 0.637599 0.523511
vt 0.592134 0.532275
vt 0.359389 0.532866
vt 0.398511 0.487401
vt 0.407275 0.532866
vt 0.592134 0.717725
vt 0.637599 0.726489
vt 0.592134 0.765612
vt 0.407275 0.717134
vt 0.398511 0.762599
vt 0.359388 0.717134
vt 0.592134 0.265485
vt 0.592134 0.217134
vt 0.625000 0.250711
vt 0.125000 0.532866
vt 0.140611 0.500000
vt 0.140611 0.532866
vt 0.592134 0.032866
vt 0.592134 0.000000
vt 0.625000 0.032866
vt 0.140611 0.717134
vt 0.140611 0.750000
vt 0.125000 0.717134
vt 0.140611 0.625000
vt 0.125000 0.625000
vt 0.359388 0.625000
vt 0.499705 0.532571
vt 0.495322 0.485895
vt 0.500000 0.000000
vt 0.500000 0.032866
vt 0.495322 0.764105
vt 0.499704 0.717429
vt 0.500000 0.265548
vt 0.407866 0.265611
vt 0.407866 0.217134
vt 0.500000 0.217134
vt 0.637599 0.625000
vt 0.592134 0.625000
vt 0.625000 0.141789
vt 0.592134 0.125000
vt 0.625000 0.984388
vt 0.592134 0.984388
vt 0.407275 0.625000
vt 0.499705 0.625000
vt 0.500000 0.125000
vt 0.859388 0.717134
vt 0.859388 0.625000
vt 0.859388 0.532866
vt 0.500000 0.984388
vt 0.407866 0.032866
vt 0.407866 0.125000
vt 0.407866 0.000000
vt 0.407866 0.984388
s 0
usemtl Stone_1
f 945/997/1310 946/998/1310 947/999/1310
f 948/1000/1311 949/1001/1311 950/1002/1311
f 951/1003/1312 952/1004/1312 953/1005/1312
f 954/1006/1313 955/1007/1313 956/1008/1313
f 957/1009/1314 958/1010/1314 959/1011/1314
f 960/1012/1315 961/1013/1315 962/1014/1315
f 963/1015/1316 964/1016/1316 965/1017/1316
f 966/1018/1317 967/1019/1317 968/1020/1317
f 969/1021/1318 966/1018/1318 968/1020/1318 970/1022/1318
f 962/1014/1319 948/1000/1319 975/1023/1319 969/1021/1319
f 977/1024/1320 950/1002/1320 949/1001/1320 978/1025/1320
f 979/1026/1321 964/1016/1321 963/1015/1321 980/1027/1321
f 981/1028/1322 955/1007/1322 954/1006/1322 982/1029/1322
f 983/1030/1323 961/1031/1323 960/1032/1323 984/1033/1323
f 948/1000/1324 962/1014/1324 961/1013/1324 949/1001/1324
f 971/1034/1325 952/1004/1325 951/1003/1325 972/1035/1325
f 973/1036/1326 959/1011/1326 958/1010/1326 974/1037/1326
f 952/1004/1327 965/1038/1327 964/1039/1327 953/1005/1327
f 975/1023/1328 948/1000/1328 950/1002/1328 976/1040/1328
f 986/1041/1329 972/1035/1329 951/1003/1329 982/1029/1329
f 961/1031/1330 983/1030/1330 978/1025/1330 949/1001/1330
f 983/1030/1331 957/1009/1331 945/997/1331 978/1025/1331
f 985/1042/1332 974/1037/1332 958/1010/1332 984/1033/1332
f 965/1043/1333 952/1004/1333 971/1034/1333 973/1044/1333
f 959/1011/1334 946/998/1334 945/997/1334 957/1009/1334
f 966/1018/1335 956/1008/1335 955/1007/1335 967/1019/1335
f 959/1045/1336 973/1044/1336 971/1034/1336 946/998/1336
f 953/1005/1337 964/1039/1337 979/1046/1337 981/1028/1337
f 980/1027/1338 963/1015/1338 974/1037/1338 985/1042/1338
f 977/1024/1339 947/999/1339 972/1035/1339 986/1041/1339
f 956/1008/1340 975/1023/1340 976/1040/1340 954/1006/1340
f 965/1017/1341 973/1036/1341 974/1037/1341 963/1015/1341
f 946/998/1342 971/1034/1342 972/1035/1342 947/999/1342
f 962/1014/1343 969/1021/1343 970/1022/1343 960/1012/1343
f 950/1002/1344 977/1024/1344 986/1041/1344 976/1040/1344
f 968/1047/1345 980/1027/1345 985/1042/1345 970/1048/1345
f 970/1048/1346 985/1042/1346 984/1033/1346 960/1032/1346
f 969/1021/1347 975/1023/1347 956/1008/1347 966/1018/1347
f 976/1040/1348 986/1041/1348 982/1029/1348 954/1006/1348
f 957/1009/1349 983/1030/1349 984/1033/1349 958/1010/1349
f 953/1005/1350 981/1028/1350 982/1029/1350 951/1003/1350
f 967/1049/1351 979/1026/1351 980/1027/1351 968/1047/1351
f 947/999/1352 977/1024/1352 978/1025/1352 945/997/1352
f 955/1007/1353 981/1028/1353 979/1046/1353 967/1050/1353
o Cube.012
v 2.083135 1.134097 -0.181342
v 2.083836 1.182048 -0.124658
v 2.134068 1.131426 -0.128286
v 2.077425 0.818898 -0.138930
v 2.076857 0.863648 -0.184462
v 2.124381 0.872521 -0.130464
v 2.125580 1.127276 0.131959
v 2.081071 1.180802 0.132347
v 2.083437 1.138463 0.182164
v 2.129282 0.866428 0.131586
v 2.084167 0.865977 0.189384
v 2.082571 0.818636 0.133296
v 1.416700 1.133066 -0.180625
v 1.370482 1.133334 -0.131962
v 1.415359 1.178669 -0.136538
v 1.370006 0.861114 -0.128314
v 1.417268 0.863193 -0.174687
v 1.420392 0.820928 -0.131367
v 1.365090 1.135127 0.131221
v 1.412794 1.134174 0.184949
v 1.419722 1.181928 0.129628
v 1.410458 0.812869 0.130821
v 1.415969 0.870099 0.179427
v 1.371685 0.863986 0.133710
v 1.866702 0.821198 -0.125778
v 1.638029 0.820929 -0.132340
v 1.638789 0.867742 -0.180444
v 1.854615 0.871955 -0.177806
v 1.859282 1.183316 0.133555
v 1.642280 1.179614 0.134999
v 1.638489 1.133397 0.180739
v 1.856560 1.132367 0.185053
v 1.642106 0.813265 0.131797
v 1.865341 0.822854 0.128159
v 1.859618 0.864579 0.181974
v 1.639636 0.868836 0.177452
v 1.639093 1.179656 -0.132051
v 1.855174 1.178687 -0.132152
v 1.859770 1.130762 -0.176978
v 1.638517 1.133245 -0.180502
v 1.422397 0.824630 -0.005755
v 1.369460 0.867161 0.000122
v 2.084989 1.173732 0.003821
v 2.135695 1.134481 -0.004560
v 1.422874 1.184796 0.003919
v 1.372557 1.137182 0.000775
v 2.077003 0.819406 -0.002801
v 2.125754 0.872106 0.002171
v 1.638592 0.821924 -0.000096
v 1.866566 0.822506 0.000551
v 1.863665 1.182711 0.005118
v 1.637391 1.187113 -0.002022
v 2.133203 0.994751 -0.128606
v 2.087827 0.999237 -0.179805
v 1.417008 0.999577 0.171835
v 1.368857 1.006000 0.139161
v 2.082201 1.000141 0.181790
v 2.124750 1.000887 0.131344
v 1.416539 1.000084 -0.180648
v 1.367876 0.995402 -0.130100
v 1.860056 0.997097 0.185484
v 1.644390 1.007184 0.177540
v 1.643777 0.998937 -0.180561
v 1.863426 0.993805 -0.180926
v 1.376028 1.002159 0.003078
v 2.125155 0.999260 -0.003363
vn 0.5832 0.6166 -0.5288
vn 0.6831 -0.5166 -0.5163
vn 0.6880 0.5688 0.4507
vn 0.6325 -0.6007 0.4890
vn -0.6075 0.5428 -0.5799
vn -0.5328 -0.6246 -0.5710
vn -0.5537 0.6634 0.5033
vn -0.5940 -0.4868 0.6405
vn -0.7160 -0.6952 -0.0642
vn -0.0033 -0.7163 -0.6978
vn 0.7498 -0.0409 -0.6604
vn -0.6706 -0.0348 0.7410
vn 0.7764 0.0371 0.6292
vn -0.7095 -0.0276 -0.7042
vn 0.0033 0.7322 0.6811
vn 0.6992 0.7140 0.0374
vn -0.0228 -0.7771 0.6289
vn -0.6986 0.7155 -0.0016
vn -0.0060 0.7269 -0.6868
vn 0.7434 -0.6689 -0.0024
vn -0.0074 0.0086 -0.9999
vn 0.9983 -0.0433 0.0378
vn -0.0000 0.9992 0.0394
vn -0.0171 -0.9999 -0.0013
vn -0.0023 -0.0625 0.9980
vn -0.9993 -0.0026 0.0385
vn 0.0147 0.0003 0.9999
vn -0.0285 -0.0116 0.9995
vn -0.0040 -0.9971 -0.0760
vn 0.0223 -0.9992 -0.0322
vn 0.0258 0.9992 -0.0290
vn 0.0012 0.9997 0.0260
vn 0.0005 0.0003 -1.0000
vn 0.0074 0.0150 -0.9999
vn 0.0054 0.7091 -0.7051
vn 0.0111 0.7033 -0.7108
vn 0.0005 -0.6412 0.7673
vn 0.0072 -0.7146 0.6995
vn 0.0003 0.7357 0.6774
vn -0.0090 0.7076 0.7065
vn -0.0494 -0.7169 -0.6954
vn 0.0217 -0.7148 -0.6990
vn 0.0128 0.9990 -0.0432
vn 0.0123 0.9998 0.0157
vn 0.0017 -1.0000 0.0089
vn -0.0064 -0.9998 0.0183
vn -0.9981 -0.0295 -0.0546
vn -0.0125 -0.9999 0.0069
vn -0.0077 0.9987 -0.0500
vn 0.9988 -0.0418 0.0270
vn 0.7251 -0.6874 -0.0415
vn -0.6686 0.7435 -0.0134
vn 0.6655 0.7463 0.0082
vn -0.6228 -0.7816 0.0336
vn 0.9991 -0.0326 0.0264
vn -0.9997 0.0141 -0.0184
vn 0.0052 -0.0131 -0.9999
vn -0.0125 -0.0225 -0.9997
vn -0.0290 -0.0127 0.9995
vn -0.0085 0.0153 0.9998
vn -0.9995 0.0164 0.0283
vn -0.0087 0.0282 0.9996
vn 0.9997 0.0194 -0.0115
vn -0.0123 0.0069 -0.9999
vn -0.7228 0.0027 -0.6911
vn 0.7647 -0.0084 0.6443
vn -0.6468 0.0018 0.7627
vn 0.7348 0.0073 -0.6783
vt 0.592134 0.484388
vt 0.637599 0.523511
vt 0.592134 0.532275
vt 0.359389 0.532866
vt 0.398511 0.487401
vt 0.407275 0.532866
vt 0.592134 0.717725
vt 0.637599 0.726489
vt 0.592134 0.765612
vt 0.407275 0.717134
vt 0.398511 0.762599
vt 0.359388 0.717134
vt 0.592134 0.265485
vt 0.592134 0.217134
vt 0.625000 0.250711
vt 0.125000 0.532866
vt 0.140611 0.500000
vt 0.140611 0.532866
vt 0.592134 0.032866
vt 0.592134 0.000000
vt 0.625000 0.032866
vt 0.140611 0.717134
vt 0.140611 0.750000
vt 0.125000 0.717134
vt 0.140611 0.625000
vt 0.125000 0.625000
vt 0.213537 0.532866
vt 0.226578 0.495800
vt 0.499705 0.532571
vt 0.495322 0.485895
vt 0.500000 0.000000
vt 0.500000 0.032866
vt 0.495322 0.764105
vt 0.499704 0.717429
vt 0.500000 0.265548
vt 0.407866 0.265611
vt 0.407866 0.217134
vt 0.500000 0.217134
vt 0.629200 0.898422
vt 0.625000 0.984388
vt 0.592134 0.984388
vt 0.592134 0.911463
vt 0.637599 0.625000
vt 0.592134 0.625000
vt 0.286463 0.717134
vt 0.312544 0.758399
vt 0.625000 0.141789
vt 0.592134 0.125000
vt 0.633399 0.432578
vt 0.592134 0.411421
vt 0.359388 0.625000
vt 0.407275 0.625000
vt 0.496881 0.412446
vt 0.499705 0.625000
vt 0.785459 0.625000
vt 0.859388 0.625000
vt 0.859388 0.717134
vt 0.785459 0.720252
vt 0.286463 0.625000
vt 0.498441 0.910961
vt 0.500000 0.984388
vt 0.500000 0.125000
vt 0.592134 0.838537
vt 0.496881 0.837533
vt 0.213537 0.625000
vt 0.213537 0.717134
vt 0.711529 0.625000
vt 0.711529 0.723371
vt 0.592134 0.338453
vt 0.498441 0.338997
vt 0.629200 0.341644
vt 0.226578 0.754200
vt 0.633399 0.812456
vt 0.286463 0.532866
vt 0.312544 0.491601
vt 0.711529 0.526629
vt 0.785459 0.529748
vt 0.859388 0.532866
vt 0.407866 0.032866
vt 0.407866 0.125000
vt 0.404748 0.339541
vt 0.401629 0.413471
vt 0.401629 0.836529
vt 0.404748 0.910459
vt 0.407866 0.984388
vt 0.407866 0.000000
s 0
usemtl Stone_1
f 987/1051/1354 988/1052/1354 989/1053/1354
f 990/1054/1355 991/1055/1355 992/1056/1355
f 993/1057/1356 994/1058/1356 995/1059/1356
f 996/1060/1357 997/1061/1357 998/1062/1357
f 999/1063/1358 1000/1064/1358 1001/1065/1358
f 1002/1066/1359 1003/1067/1359 1004/1068/1359
f 1005/1069/1360 1006/1070/1360 1007/1071/1360
f 1008/1072/1361 1009/1073/1361 1010/1074/1361
f 1027/1075/1362 1008/1072/1362 1010/1074/1362 1028/1076/1362
f 1012/1077/1363 1004/1068/1363 1003/1067/1363 1013/1078/1363
f 1039/1079/1364 992/1056/1364 991/1055/1364 1040/1080/1364
f 1041/1081/1365 1006/1070/1365 1005/1069/1365 1042/1082/1365
f 1043/1083/1366 997/1061/1366 996/1060/1366 1044/1084/1366
f 1045/1085/1367 1003/1086/1367 1002/1087/1367 1046/1088/1367
f 1016/1089/1368 1007/1090/1368 1006/1091/1368 1017/1092/1368
f 1029/1093/1369 994/1058/1369 993/1057/1369 1030/1094/1369
f 1020/1095/1370 998/1062/1370 997/1061/1370 1021/1096/1370
f 1031/1097/1371 1001/1065/1371 1000/1064/1371 1032/1098/1371
f 1024/1099/1372 988/1052/1372 987/1051/1372 1025/1100/1372
f 1033/1101/1373 990/1054/1373 992/1056/1373 1034/1102/1373
f 1050/1103/1374 1025/1100/1374 987/1051/1374 1040/1080/1374
f 1052/1104/1375 1030/1094/1375 993/1057/1375 1044/1084/1375
f 1038/1105/1376 1031/1106/1376 1007/1107/1376 1016/1108/1376
f 1036/1109/1377 1033/1101/1377 998/1062/1377 1020/1095/1377
f 1048/1110/1378 1017/1092/1378 1006/1091/1378 1041/1111/1378
f 1051/1112/1379 1032/1098/1379 1000/1064/1379 1046/1088/1379
f 1043/1083/1380 995/1059/1380 1018/1113/1380 1047/1114/1380
f 1047/1114/1381 1018/1113/1381 1017/1092/1381 1048/1110/1381
f 1027/1075/1382 1035/1115/1382 1019/1116/1382 1008/1072/1382
f 1035/1115/1383 1036/1109/1383 1020/1095/1383 1019/1116/1383
f 1029/1093/1384 1037/1117/1384 1015/1118/1384 994/1058/1384
f 1037/1117/1385 1038/1105/1385 1016/1108/1385 1015/1118/1385
f 1045/1085/1386 999/1063/1386 1026/1119/1386 1049/1120/1386
f 1049/1120/1387 1026/1119/1387 1025/1100/1387 1050/1103/1387
f 1001/1065/1388 1023/1121/1388 1026/1119/1388 999/1063/1388
f 1023/1121/1389 1024/1099/1389 1025/1100/1389 1026/1119/1389
f 1008/1072/1390 1019/1116/1390 1022/1122/1390 1009/1073/1390
f 1019/1116/1391 1020/1095/1391 1021/1096/1391 1022/1122/1391
f 994/1058/1392 1015/1123/1392 1018/1113/1392 995/1059/1392
f 1015/1123/1393 1016/1089/1393 1017/1092/1393 1018/1113/1393
f 990/1054/1394 1011/1124/1394 1014/1125/1394 991/1055/1394
f 1011/1124/1395 1012/1077/1395 1013/1078/1395 1014/1125/1395
f 1024/1126/1396 1023/1127/1396 1038/1105/1396 1037/1117/1396
f 988/1052/1397 1024/1126/1397 1037/1117/1397 1029/1093/1397
f 1012/1077/1398 1011/1124/1398 1036/1109/1398 1035/1115/1398
f 1004/1068/1399 1012/1077/1399 1035/1115/1399 1027/1075/1399
f 1042/1082/1400 1005/1069/1400 1032/1098/1400 1051/1112/1400
f 1011/1124/1401 990/1054/1401 1033/1101/1401 1036/1109/1401
f 1023/1127/1402 1001/1128/1402 1031/1106/1402 1038/1105/1402
f 1039/1079/1403 989/1053/1403 1030/1094/1403 1052/1104/1403
f 998/1062/1404 1033/1101/1404 1034/1102/1404 996/1060/1404
f 1007/1071/1405 1031/1097/1405 1032/1098/1405 1005/1069/1405
f 988/1052/1406 1029/1093/1406 1030/1094/1406 989/1053/1406
f 1004/1068/1407 1027/1075/1407 1028/1076/1407 1002/1066/1407
f 992/1056/1408 1039/1079/1408 1052/1104/1408 1034/1102/1408
f 1010/1129/1409 1042/1082/1409 1051/1112/1409 1028/1130/1409
f 1013/1131/1410 1049/1120/1410 1050/1103/1410 1014/1132/1410
f 1003/1086/1411 1045/1085/1411 1049/1120/1411 1013/1131/1411
f 1021/1133/1412 1047/1114/1412 1048/1110/1412 1022/1134/1412
f 997/1061/1413 1043/1083/1413 1047/1114/1413 1021/1133/1413
f 1028/1130/1414 1051/1112/1414 1046/1088/1414 1002/1087/1414
f 1022/1134/1415 1048/1110/1415 1041/1111/1415 1009/1135/1415
f 1034/1102/1416 1052/1104/1416 1044/1084/1416 996/1060/1416
f 1014/1132/1417 1050/1103/1417 1040/1080/1417 991/1055/1417
f 999/1063/1418 1045/1085/1418 1046/1088/1418 1000/1064/1418
f 995/1059/1419 1043/1083/1419 1044/1084/1419 993/1057/1419
f 1009/1136/1420 1041/1081/1420 1042/1082/1420 1010/1129/1420
f 989/1053/1421 1039/1079/1421 1040/1080/1421 987/1051/1421
o Cube.013
v 2.512068 1.181544 0.132602
v 2.505734 1.124860 0.180138
v 2.582728 1.128488 0.131224
v 2.552620 1.139132 -0.180029
v 2.545498 1.184664 -0.135846
v 2.573041 1.130666 -0.127681
v 2.574240 0.868243 0.127073
v 2.503182 0.867855 0.178500
v 2.511727 0.818038 0.136966
v 2.577943 0.868616 -0.133774
v 2.552389 0.810818 -0.132471
v 2.557749 0.866906 -0.179535
v 2.209952 1.181733 0.130559
v 2.146401 1.132164 0.133132
v 2.212308 1.138011 0.176471
v 2.145924 1.128516 -0.139088
v 2.182976 1.173869 -0.137914
v 2.180864 1.130191 -0.179873
v 2.141008 0.868982 0.134925
v 2.198360 0.816353 0.135462
v 2.211284 0.871844 0.181750
v 2.164557 0.868239 -0.184441
v 2.174811 0.819929 -0.127614
v 2.147604 0.866492 -0.136216
v 2.340447 1.132542 -0.177482
v 2.347277 1.180646 -0.131163
v 2.391225 0.865203 0.177616
v 2.381466 0.819464 0.132283
v 2.343494 0.868405 -0.185610
v 2.348259 0.822750 -0.130189
v 2.388069 1.132253 0.178072
v 2.381474 1.180704 0.132129
v 2.180547 1.004596 -0.175223
v 2.145379 1.000080 -0.133041
v 2.508093 0.996381 0.172081
v 2.584356 1.004762 0.134279
v 2.217400 0.997469 0.183113
v 2.148476 0.999427 0.136980
v 2.552128 1.003003 -0.179589
v 2.574415 0.998031 -0.128096
v 2.341133 1.000298 -0.176568
v 2.387350 1.002224 0.185686
v 2.581863 1.128808 -0.005451
v 2.536477 1.180007 -0.000113
v 2.189159 0.828415 0.001015
v 2.144776 0.861041 0.005798
v 2.530779 0.818412 -0.000044
v 2.573410 0.868858 0.000685
v 2.196284 1.180816 -0.001717
v 2.143795 1.130302 -0.004800
v 2.370933 0.822662 0.006371
v 2.369254 1.180763 -0.001726
v 2.151947 0.997124 0.001956
v 2.573815 1.003565 -0.000942
vn 0.4284 0.5520 0.7153
vn 0.8726 0.4035 -0.2752
vn 0.5104 -0.4973 0.7015
vn 0.8500 -0.3839 -0.3607
vn -0.4653 0.6289 0.6228
vn -0.6484 0.5435 -0.5331
vn -0.4659 -0.5003 0.7298
vn -0.7986 -0.5220 -0.2996
vn -0.8664 0.0669 -0.4949
vn 0.0008 0.6932 -0.7208
vn 0.8215 0.5699 0.0150
vn -0.6423 -0.7665 0.0013
vn 0.8423 -0.5300 0.0981
vn -0.7310 0.6824 0.0082
vn 0.0084 -0.6720 0.7405
vn 0.5192 -0.0320 0.8541
vn -0.0136 -0.6725 0.7400
vn -0.5532 0.0175 0.8329
vn -0.0164 -0.7095 -0.7045
vn 0.9250 0.0030 -0.3800
vn 0.9983 -0.0378 -0.0433
vn 0.0043 -0.0359 0.9993
vn 0.0545 -0.0064 0.9985
vn -0.0069 -0.9983 -0.0580
vn -0.9993 -0.0385 -0.0026
vn -0.0002 1.0000 -0.0056
vn -0.0066 0.0682 -0.9976
vn -0.0088 0.9998 0.0176
vn 0.0032 1.0000 -0.0035
vn 0.0073 0.7062 0.7079
vn -0.0003 -0.7668 -0.6419
vn -0.0306 0.6946 -0.7187
vn -0.0130 -0.0051 -0.9999
vn -0.0196 -0.9997 -0.0142
vn 0.0483 -0.0014 0.9988
vn 0.0031 -0.0216 -0.9998
vn -0.9981 0.0546 -0.0295
vn -0.0119 0.0524 0.9986
vn 0.9988 -0.0270 -0.0418
vn 0.9161 0.0400 -0.3988
vn -0.5553 0.0184 0.8314
vn 0.4930 -0.0095 0.8700
vn -0.7627 -0.0246 -0.6463
vn 0.9991 -0.0264 -0.0326
vn -0.9997 0.0184 0.0141
vn 0.0099 0.6644 0.7473
vn -0.0195 0.9995 -0.0240
vn 0.0071 0.0337 -0.9994
vn -0.9995 -0.0283 0.0164
vn -0.0085 -0.9994 0.0328
vn 0.9997 0.0115 0.0194
vn -0.6529 0.7568 0.0315
vn 0.6928 -0.7197 0.0452
vn -0.7422 -0.6691 0.0391
vn 0.6691 0.7412 0.0551
vn -0.0437 -0.9986 0.0280
vt 0.592134 0.484388
vt 0.637599 0.523511
vt 0.592134 0.532275
vt 0.359389 0.532866
vt 0.398511 0.487401
vt 0.407275 0.532866
vt 0.592134 0.717725
vt 0.637599 0.726489
vt 0.592134 0.765612
vt 0.407275 0.717134
vt 0.398511 0.762599
vt 0.359388 0.717134
vt 0.592134 0.265485
vt 0.592134 0.217134
vt 0.625000 0.250711
vt 0.125000 0.532866
vt 0.140611 0.500000
vt 0.140611 0.532866
vt 0.592134 0.032866
vt 0.592134 0.000000
vt 0.625000 0.032866
vt 0.140611 0.717134
vt 0.140611 0.750000
vt 0.125000 0.717134
vt 0.140611 0.625000
vt 0.125000 0.625000
vt 0.213537 0.532866
vt 0.226578 0.495800
vt 0.499705 0.532571
vt 0.495322 0.485895
vt 0.500000 0.000000
vt 0.500000 0.032866
vt 0.495322 0.764105
vt 0.499704 0.717429
vt 0.500000 0.265548
vt 0.407866 0.265611
vt 0.407866 0.217134
vt 0.500000 0.217134
vt 0.629200 0.898422
vt 0.625000 0.984388
vt 0.592134 0.984388
vt 0.592134 0.911463
vt 0.637599 0.625000
vt 0.592134 0.625000
vt 0.625000 0.141789
vt 0.592134 0.125000
vt 0.213537 0.717134
vt 0.226578 0.754200
vt 0.359388 0.625000
vt 0.407275 0.625000
vt 0.499705 0.625000
vt 0.785459 0.625000
vt 0.859388 0.625000
vt 0.859388 0.717134
vt 0.785459 0.720252
vt 0.498441 0.910961
vt 0.500000 0.984388
vt 0.500000 0.125000
vt 0.498441 0.338997
vt 0.592134 0.338453
vt 0.213537 0.625000
vt 0.404748 0.339541
vt 0.629200 0.341644
vt 0.785459 0.529748
vt 0.859388 0.532866
vt 0.407866 0.032866
vt 0.407866 0.125000
vt 0.404748 0.910459
vt 0.407866 0.984388
vt 0.407866 0.000000
s 0
usemtl Stone_1
f 1053/1137/1422 1054/1138/1422 1055/1139/1422
f 1056/1140/1423 1057/1141/1423 1058/1142/1423
f 1059/1143/1424 1060/1144/1424 1061/1145/1424
f 1062/1146/1425 1063/1147/1425 1064/1148/1425
f 1065/1149/1426 1066/1150/1426 1067/1151/1426
f 1068/1152/1427 1069/1153/1427 1070/1154/1427
f 1071/1155/1428 1072/1156/1428 1073/1157/1428
f 1074/1158/1429 1075/1159/1429 1076/1160/1429
f 1085/1161/1430 1074/1158/1430 1076/1160/1430 1086/1162/1430
f 1077/1163/1431 1070/1154/1431 1069/1153/1431 1078/1164/1431
f 1095/1165/1432 1058/1142/1432 1057/1141/1432 1096/1166/1432
f 1097/1167/1433 1072/1156/1433 1071/1155/1433 1098/1168/1433
f 1099/1169/1434 1063/1147/1434 1062/1146/1434 1100/1170/1434
f 1101/1171/1435 1069/1172/1435 1068/1173/1435 1102/1174/1435
f 1079/1175/1436 1073/1176/1436 1072/1177/1436 1080/1178/1436
f 1087/1179/1437 1060/1144/1437 1059/1143/1437 1088/1180/1437
f 1060/1144/1438 1079/1175/1438 1080/1178/1438 1061/1145/1438
f 1089/1181/1439 1067/1151/1439 1066/1150/1439 1090/1182/1439
f 1081/1183/1440 1064/1148/1440 1063/1147/1440 1082/1184/1440
f 1091/1185/1441 1056/1140/1441 1058/1142/1441 1092/1186/1441
f 1106/1187/1442 1088/1180/1442 1059/1143/1442 1100/1170/1442
f 1094/1188/1443 1089/1189/1443 1073/1190/1443 1079/1191/1443
f 1094/1188/1444 1079/1191/1444 1060/1144/1444 1087/1179/1444
f 1103/1192/1445 1080/1178/1445 1072/1177/1445 1097/1193/1445
f 1105/1194/1446 1090/1182/1446 1066/1150/1446 1102/1174/1446
f 1104/1195/1447 1084/1196/1447 1053/1137/1447 1096/1166/1447
f 1085/1161/1448 1093/1197/1448 1081/1183/1448 1074/1158/1448
f 1104/1195/1449 1096/1166/1449 1057/1141/1449 1078/1198/1449
f 1101/1171/1450 1065/1149/1450 1084/1196/1450 1104/1195/1450
f 1067/1151/1451 1083/1199/1451 1084/1196/1451 1065/1149/1451
f 1074/1158/1452 1081/1183/1452 1082/1184/1452 1075/1159/1452
f 1056/1140/1453 1077/1163/1453 1078/1164/1453 1057/1141/1453
f 1056/1140/1454 1091/1185/1454 1093/1197/1454 1077/1163/1454
f 1061/1145/1455 1080/1178/1455 1103/1192/1455 1099/1169/1455
f 1054/1138/1456 1083/1200/1456 1094/1188/1456 1087/1179/1456
f 1070/1154/1457 1077/1163/1457 1093/1197/1457 1085/1161/1457
f 1098/1168/1458 1071/1155/1458 1090/1182/1458 1105/1194/1458
f 1083/1200/1459 1067/1201/1459 1089/1189/1459 1094/1188/1459
f 1095/1165/1460 1055/1139/1460 1088/1180/1460 1106/1187/1460
f 1064/1148/1461 1091/1185/1461 1092/1186/1461 1062/1146/1461
f 1073/1157/1462 1089/1181/1462 1090/1182/1462 1071/1155/1462
f 1054/1138/1463 1087/1179/1463 1088/1180/1463 1055/1139/1463
f 1070/1154/1464 1085/1161/1464 1086/1162/1464 1068/1152/1464
f 1058/1142/1465 1095/1165/1465 1106/1187/1465 1092/1186/1465
f 1076/1202/1466 1098/1168/1466 1105/1194/1466 1086/1203/1466
f 1083/1199/1467 1054/1138/1467 1053/1137/1467 1084/1196/1467
f 1069/1172/1468 1101/1171/1468 1104/1195/1468 1078/1198/1468
f 1093/1197/1469 1091/1185/1469 1064/1148/1469 1081/1183/1469
f 1086/1203/1470 1105/1194/1470 1102/1174/1470 1068/1173/1470
f 1082/1204/1471 1103/1192/1471 1097/1193/1471 1075/1205/1471
f 1092/1186/1472 1106/1187/1472 1100/1170/1472 1062/1146/1472
f 1065/1149/1473 1101/1171/1473 1102/1174/1473 1066/1150/1473
f 1061/1145/1474 1099/1169/1474 1100/1170/1474 1059/1143/1474
f 1075/1206/1475 1097/1167/1475 1098/1168/1475 1076/1202/1475
f 1055/1139/1476 1095/1165/1476 1096/1166/1476 1053/1137/1476
f 1063/1147/1477 1099/1169/1477 1103/1192/1477 1082/1204/1477
o Cube.014
v 1.318540 1.181544 0.132602
v 1.314875 1.124860 0.180138
v 1.359424 1.128488 0.131224
v 1.342003 1.139132 -0.180029
v 1.337883 1.184664 -0.135846
v 1.353819 1.130666 -0.127681
v 1.354513 0.868243 0.127073
v 1.313398 0.867855 0.178500
v 1.318343 0.818038 0.136966
v 1.356655 0.868616 -0.133774
v 1.341869 0.810818 -0.132471
v 1.344971 0.866906 -0.179535
v 1.143737 1.181733 0.130559
v 1.106967 1.132164 0.133132
v 1.145101 1.138011 0.176471
v 1.106691 1.128516 -0.139088
v 1.128129 1.173869 -0.137914
v 1.126907 1.130191 -0.179873
v 1.103847 0.868982 0.134925
v 1.137030 0.816353 0.135462
v 1.144508 0.871844 0.181750
v 1.117472 0.868239 -0.184441
v 1.123405 0.819929 -0.127614
v 1.107663 0.866492 -0.136216
v 1.126724 1.004596 -0.175223
v 1.106376 1.000080 -0.133041
v 1.316240 0.996381 0.172081
v 1.360365 1.004762 0.134279
v 1.148047 0.997469 0.183113
v 1.108168 0.999427 0.136980
v 1.341719 1.003003 -0.179589
v 1.354614 0.998031 -0.128096
v 1.358923 1.128808 -0.005451
v 1.332663 1.180007 -0.000113
v 1.131707 0.828415 0.001015
v 1.106027 0.861041 0.005798
v 1.329366 0.818412 -0.000044
v 1.354032 0.868858 0.000685
v 1.135829 1.180816 -0.001717
v 1.105459 1.130302 -0.004800
v 1.110176 0.997124 0.001956
v 1.354267 1.003565 -0.000942
vn 0.6339 0.4725 0.6123
vn 0.9514 0.2545 -0.1736
vn 0.7161 -0.4037 0.5694
vn 0.9413 -0.2460 -0.2311
vn -0.6725 0.5259 0.5208
vn -0.8272 0.4012 -0.3935
vn -0.6731 -0.4181 0.6100
vn -0.9166 -0.3467 -0.1990
vn -0.9486 0.0424 -0.3135
vn -0.0102 -0.0194 -0.9998
vn 0.9280 0.3725 0.0098
vn -0.8229 -0.5682 0.0009
vn 0.9378 -0.3415 0.0632
vn -0.8798 0.4752 0.0057
vn -0.0290 0.6939 -0.7195
vn 0.7241 -0.0258 0.6892
vn -0.7539 0.0138 0.6568
vn -0.0004 -0.6405 0.7680
vn 0.9729 0.0018 -0.2313
vn 0.9994 -0.0219 -0.0251
vn -0.0245 0.9997 -0.0082
vn 0.0028 1.0000 -0.0092
vn -0.9998 -0.0223 -0.0015
vn 0.0426 0.0188 0.9989
vn 0.0142 0.6810 0.7321
vn -0.0164 -0.7055 -0.7085
vn 0.0216 -0.0049 0.9998
vn -0.0219 -0.9987 -0.0462
vn -0.9994 0.0316 -0.0171
vn 0.9996 -0.0156 -0.0242
vn 0.9694 0.0245 -0.2442
vn -0.7558 0.0145 0.6547
vn 0.6997 -0.0078 0.7144
vn -0.8978 -0.0168 -0.4402
vn 0.9997 -0.0153 -0.0188
vn -0.9999 0.0106 0.0081
vn -0.9998 -0.0164 0.0095
vn 0.0014 0.0336 -0.9994
vn 0.9999 0.0067 0.0112
vn -0.8303 0.5569 0.0232
vn 0.8567 -0.5148 0.0324
vn -0.8863 -0.4623 0.0270
vn 0.8412 0.5392 0.0401
vn -0.0449 -0.9971 0.0607
vt 0.592134 0.484388
vt 0.637599 0.523511
vt 0.592134 0.532275
vt 0.359389 0.532866
vt 0.398511 0.487401
vt 0.407275 0.532866
vt 0.592134 0.717725
vt 0.637599 0.726489
vt 0.592134 0.765612
vt 0.407275 0.717134
vt 0.398511 0.762599
vt 0.359388 0.717134
vt 0.592134 0.265485
vt 0.592134 0.217134
vt 0.625000 0.250711
vt 0.125000 0.532866
vt 0.140611 0.500000
vt 0.140611 0.532866
vt 0.592134 0.032866
vt 0.592134 0.000000
vt 0.625000 0.032866
vt 0.140611 0.717134
vt 0.140611 0.750000
vt 0.125000 0.717134
vt 0.140611 0.625000
vt 0.125000 0.625000
vt 0.359388 0.625000
vt 0.499705 0.532571
vt 0.495322 0.485895
vt 0.500000 0.000000
vt 0.500000 0.032866
vt 0.495322 0.764105
vt 0.499704 0.717429
vt 0.500000 0.265548
vt 0.407866 0.265611
vt 0.407866 0.217134
vt 0.500000 0.217134
vt 0.637599 0.625000
vt 0.592134 0.625000
vt 0.625000 0.141789
vt 0.592134 0.125000
vt 0.625000 0.984388
vt 0.592134 0.984388
vt 0.407275 0.625000
vt 0.499705 0.625000
vt 0.500000 0.125000
vt 0.859388 0.717134
vt 0.859388 0.625000
vt 0.859388 0.532866
vt 0.500000 0.984388
vt 0.407866 0.032866
vt 0.407866 0.125000
vt 0.407866 0.000000
vt 0.407866 0.984388
s 0
usemtl Stone_1
f 1107/1207/1478 1108/1208/1478 1109/1209/1478
f 1110/1210/1479 1111/1211/1479 1112/1212/1479
f 1113/1213/1480 1114/1214/1480 1115/1215/1480
f 1116/1216/1481 1117/1217/1481 1118/1218/1481
f 1119/1219/1482 1120/1220/1482 1121/1221/1482
f 1122/1222/1483 1123/1223/1483 1124/1224/1483
f 1125/1225/1484 1126/1226/1484 1127/1227/1484
f 1128/1228/1485 1129/1229/1485 1130/1230/1485
f 1131/1231/1486 1128/1228/1486 1130/1230/1486 1132/1232/1486
f 1124/1224/1487 1110/1210/1487 1137/1233/1487 1131/1231/1487
f 1139/1234/1488 1112/1212/1488 1111/1211/1488 1140/1235/1488
f 1141/1236/1489 1126/1226/1489 1125/1225/1489 1142/1237/1489
f 1143/1238/1490 1117/1217/1490 1116/1216/1490 1144/1239/1490
f 1145/1240/1491 1123/1241/1491 1122/1242/1491 1146/1243/1491
f 1110/1210/1492 1124/1224/1492 1123/1223/1492 1111/1211/1492
f 1133/1244/1493 1114/1214/1493 1113/1213/1493 1134/1245/1493
f 1135/1246/1494 1121/1221/1494 1120/1220/1494 1136/1247/1494
f 1114/1214/1495 1127/1248/1495 1126/1249/1495 1115/1215/1495
f 1137/1233/1496 1110/1210/1496 1112/1212/1496 1138/1250/1496
f 1148/1251/1497 1134/1245/1497 1113/1213/1497 1144/1239/1497
f 1123/1241/1498 1145/1240/1498 1140/1235/1498 1111/1211/1498
f 1145/1240/1499 1119/1219/1499 1107/1207/1499 1140/1235/1499
f 1147/1252/1500 1136/1247/1500 1120/1220/1500 1146/1243/1500
f 1127/1253/1501 1114/1214/1501 1133/1244/1501 1135/1254/1501
f 1121/1221/1502 1108/1208/1502 1107/1207/1502 1119/1219/1502
f 1128/1228/1503 1118/1218/1503 1117/1217/1503 1129/1229/1503
f 1121/1255/1504 1135/1254/1504 1133/1244/1504 1108/1208/1504
f 1115/1215/1505 1126/1249/1505 1141/1256/1505 1143/1238/1505
f 1142/1237/1506 1125/1225/1506 1136/1247/1506 1147/1252/1506
f 1139/1234/1507 1109/1209/1507 1134/1245/1507 1148/1251/1507
f 1118/1218/1508 1137/1233/1508 1138/1250/1508 1116/1216/1508
f 1127/1227/1509 1135/1246/1509 1136/1247/1509 1125/1225/1509
f 1108/1208/1510 1133/1244/1510 1134/1245/1510 1109/1209/1510
f 1124/1224/1511 1131/1231/1511 1132/1232/1511 1122/1222/1511
f 1112/1212/1512 1139/1234/1512 1148/1251/1512 1138/1250/1512
f 1130/1257/1513 1142/1237/1513 1147/1252/1513 1132/1258/1513
f 1132/1258/1514 1147/1252/1514 1146/1243/1514 1122/1242/1514
f 1131/1231/1515 1137/1233/1515 1118/1218/1515 1128/1228/1515
f 1138/1250/1516 1148/1251/1516 1144/1239/1516 1116/1216/1516
f 1119/1219/1517 1145/1240/1517 1146/1243/1517 1120/1220/1517
f 1115/1215/1518 1143/1238/1518 1144/1239/1518 1113/1213/1518
f 1129/1259/1519 1141/1236/1519 1142/1237/1519 1130/1257/1519
f 1109/1209/1520 1139/1234/1520 1140/1235/1520 1107/1207/1520
f 1117/1217/1521 1143/1238/1521 1141/1256/1521 1129/1260/1521
o Cube.015
v 3.532529 1.134097 -0.181342
v 3.533231 1.182048 -0.124658
v 3.583462 1.131426 -0.128286
v 3.526820 0.818898 -0.138930
v 3.526251 0.863648 -0.184462
v 3.573775 0.872521 -0.130464
v 3.574975 1.127276 0.131959
v 3.530466 1.180802 0.132347
v 3.532831 1.138463 0.182164
v 3.578677 0.866428 0.131586
v 3.533562 0.865977 0.189384
v 3.531966 0.818636 0.133296
v 2.866094 1.133066 -0.180625
v 2.819877 1.133334 -0.131962
v 2.864754 1.178669 -0.136538
v 2.819400 0.861114 -0.128314
v 2.866662 0.863193 -0.174687
v 2.869787 0.820928 -0.131367
v 2.814484 1.135127 0.131221
v 2.862188 1.134174 0.184949
v 2.869116 1.181928 0.129628
v 2.859853 0.812869 0.130821
v 2.865363 0.870099 0.179427
v 2.821079 0.863986 0.133710
v 3.316096 0.821198 -0.125778
v 3.087424 0.820929 -0.132340
v 3.088184 0.867742 -0.180444
v 3.304009 0.871955 -0.177806
v 3.308677 1.183316 0.133555
v 3.091675 1.179614 0.134999
v 3.087884 1.133397 0.180739
v 3.305954 1.132367 0.185053
v 3.091500 0.813265 0.131797
v 3.314736 0.822854 0.128159
v 3.309012 0.864579 0.181974
v 3.089031 0.868836 0.177452
v 3.088487 1.179656 -0.132051
v 3.304569 1.178687 -0.132152
v 3.309165 1.130762 -0.176978
v 3.087911 1.133245 -0.180502
v 2.871792 0.824630 -0.005755
v 2.818855 0.867161 0.000122
v 3.534384 1.173732 0.003821
v 3.585090 1.134481 -0.004560
v 2.872269 1.184796 0.003919
v 2.821952 1.137182 0.000775
v 3.526398 0.819406 -0.002801
v 3.575149 0.872106 0.002171
v 3.087986 0.821924 -0.000096
v 3.315961 0.822506 0.000551
v 3.313060 1.182711 0.005118
v 3.086786 1.187113 -0.002022
v 3.582597 0.994751 -0.128606
v 3.537222 0.999237 -0.179805
v 2.866403 0.999577 0.171835
v 2.818252 1.006000 0.139161
v 3.531595 1.000141 0.181790
v 3.574144 1.000887 0.131344
v 2.865933 1.000084 -0.180648
v 2.817271 0.995402 -0.130100
v 3.309451 0.997097 0.185484
v 3.093785 1.007184 0.177540
v 3.093172 0.998937 -0.180561
v 3.312820 0.993805 -0.180926
v 2.825423 1.002159 0.003078
v 3.574549 0.999260 -0.003363
vn 0.5832 0.6166 -0.5288
vn 0.6831 -0.5166 -0.5163
vn 0.6880 0.5688 0.4507
vn 0.6325 -0.6007 0.4890
vn -0.6075 0.5428 -0.5799
vn -0.5328 -0.6246 -0.5710
vn -0.5537 0.6634 0.5033
vn -0.5940 -0.4868 0.6405
vn -0.7160 -0.6952 -0.0642
vn -0.0033 -0.7163 -0.6978
vn 0.7498 -0.0409 -0.6604
vn -0.6706 -0.0348 0.7410
vn 0.7764 0.0371 0.6292
vn -0.7095 -0.0276 -0.7042
vn 0.0033 0.7322 0.6811
vn 0.6992 0.7140 0.0374
vn -0.0228 -0.7771 0.6289
vn -0.6986 0.7155 -0.0016
vn -0.0060 0.7269 -0.6868
vn 0.7434 -0.6689 -0.0024
vn -0.0074 0.0086 -0.9999
vn 0.9983 -0.0433 0.0378
vn -0.0000 0.9992 0.0394
vn -0.0171 -0.9999 -0.0013
vn -0.0023 -0.0625 0.9980
vn -0.9993 -0.0026 0.0385
vn 0.0147 0.0003 0.9999
vn -0.0285 -0.0116 0.9995
vn -0.0040 -0.9971 -0.0760
vn 0.0223 -0.9992 -0.0322
vn 0.0258 0.9992 -0.0290
vn 0.0012 0.9997 0.0260
vn 0.0005 0.0003 -1.0000
vn 0.0074 0.0150 -0.9999
vn 0.0054 0.7091 -0.7051
vn 0.0111 0.7033 -0.7108
vn 0.0005 -0.6412 0.7673
vn 0.0072 -0.7146 0.6995
vn 0.0003 0.7357 0.6774
vn -0.0090 0.7076 0.7065
vn -0.0494 -0.7169 -0.6954
vn 0.0217 -0.7148 -0.6990
vn 0.0128 0.9990 -0.0432
vn 0.0123 0.9998 0.0157
vn 0.0017 -1.0000 0.0089
vn -0.0064 -0.9998 0.0183
vn -0.9981 -0.0295 -0.0546
vn -0.0125 -0.9999 0.0069
vn -0.0077 0.9987 -0.0500
vn 0.9988 -0.0418 0.0270
vn 0.7251 -0.6874 -0.0415
vn -0.6686 0.7435 -0.0134
vn 0.6655 0.7463 0.0082
vn -0.6228 -0.7816 0.0336
vn 0.9991 -0.0326 0.0264
vn -0.9997 0.0141 -0.0184
vn 0.0052 -0.0131 -0.9999
vn -0.0125 -0.0225 -0.9997
vn -0.0290 -0.0127 0.9995
vn -0.0085 0.0153 0.9998
vn -0.9995 0.0164 0.0283
vn -0.0087 0.0282 0.9996
vn 0.9997 0.0194 -0.0115
vn -0.0123 0.0069 -0.9999
vn -0.7228 0.0027 -0.6911
vn 0.7647 -0.0084 0.6443
vn -0.6468 0.0018 0.7627
vn 0.7348 0.0073 -0.6783
vt 0.592134 0.484388
vt 0.637599 0.523511
vt 0.592134 0.532275
vt 0.359389 0.532866
vt 0.398511 0.487401
vt 0.407275 0.532866
vt 0.592134 0.717725
vt 0.637599 0.726489
vt 0.592134 0.765612
vt 0.407275 0.717134
vt 0.398511 0.762599
vt 0.359388 0.717134
vt 0.592134 0.265485
vt 0.592134 0.217134
vt 0.625000 0.250711
vt 0.125000 0.532866
vt 0.140611 0.500000
vt 0.140611 0.532866
vt 0.592134 0.032866
vt 0.592134 0.000000
vt 0.625000 0.032866
vt 0.140611 0.717134
vt 0.140611 0.750000
vt 0.125000 0.717134
vt 0.140611 0.625000
vt 0.125000 0.625000
vt 0.213537 0.532866
vt 0.226578 0.495800
vt 0.499705 0.532571
vt 0.495322 0.485895
vt 0.500000 0.000000
vt 0.500000 0.032866
vt 0.495322 0.764105
vt 0.499704 0.717429
vt 0.500000 0.265548
vt 0.407866 0.265611
vt 0.407866 0.217134
vt 0.500000 0.217134
vt 0.629200 0.898422
vt 0.625000 0.984388
vt 0.592134 0.984388
vt 0.592134 0.911463
vt 0.637599 0.625000
vt 0.592134 0.625000
vt 0.286463 0.717134
vt 0.312544 0.758399
vt 0.625000 0.141789
vt 0.592134 0.125000
vt 0.633399 0.432578
vt 0.592134 0.411421
vt 0.359388 0.625000
vt 0.407275 0.625000
vt 0.496881 0.412446
vt 0.499705 0.625000
vt 0.785459 0.625000
vt 0.859388 0.625000
vt 0.859388 0.717134
vt 0.785459 0.720252
vt 0.286463 0.625000
vt 0.498441 0.910961
vt 0.500000 0.984388
vt 0.500000 0.125000
vt 0.592134 0.838537
vt 0.496881 0.837533
vt 0.213537 0.625000
vt 0.213537 0.717134
vt 0.711529 0.625000
vt 0.711529 0.723371
vt 0.592134 0.338453
vt 0.498441 0.338997
vt 0.629200 0.341644
vt 0.226578 0.754200
vt 0.633399 0.812456
vt 0.286463 0.532866
vt 0.312544 0.491601
vt 0.711529 0.526629
vt 0.785459 0.529748
vt 0.859388 0.532866
vt 0.407866 0.032866
vt 0.407866 0.125000
vt 0.404748 0.339541
vt 0.401629 0.413471
vt 0.401629 0.836529
vt 0.404748 0.910459
vt 0.407866 0.984388
vt 0.407866 0.000000
s 0
usemtl Stone_1
f 1149/1261/1522 1150/1262/1522 1151/1263/1522
f 1152/1264/1523 1153/1265/1523 1154/1266/1523
f 1155/1267/1524 1156/1268/1524 1157/1269/1524
f 1158/1270/1525 1159/1271/1525 1160/1272/1525
f 1161/1273/1526 1162/1274/1526 1163/1275/1526
f 1164/1276/1527 1165/1277/1527 1166/1278/1527
f 1167/1279/1528 1168/1280/1528 1169/1281/1528
f 1170/1282/1529 1171/1283/1529 1172/1284/1529
f 1189/1285/1530 1170/1282/1530 1172/1284/1530 1190/1286/1530
f 1174/1287/1531 1166/1278/1531 1165/1277/1531 1175/1288/1531
f 1201/1289/1532 1154/1266/1532 1153/1265/1532 1202/1290/1532
f 1203/1291/1533 1168/1280/1533 1167/1279/1533 1204/1292/1533
f 1205/1293/1534 1159/1271/1534 1158/1270/1534 1206/1294/1534
f 1207/1295/1535 1165/1296/1535 1164/1297/1535 1208/1298/1535
f 1178/1299/1536 1169/1300/1536 1168/1301/1536 1179/1302/1536
f 1191/1303/1537 1156/1268/1537 1155/1267/1537 1192/1304/1537
f 1182/1305/1538 1160/1272/1538 1159/1271/1538 1183/1306/1538
f 1193/1307/1539 1163/1275/1539 1162/1274/1539 1194/1308/1539
f 1186/1309/1540 1150/1262/1540 1149/1261/1540 1187/1310/1540
f 1195/1311/1541 1152/1264/1541 1154/1266/1541 1196/1312/1541
f 1212/1313/1542 1187/1310/1542 1149/1261/1542 1202/1290/1542
f 1214/1314/1543 1192/1304/1543 1155/1267/1543 1206/1294/1543
f 1200/1315/1544 1193/1316/1544 1169/1317/1544 1178/1318/1544
f 1198/1319/1545 1195/1311/1545 1160/1272/1545 1182/1305/1545
f 1210/1320/1546 1179/1302/1546 1168/1301/1546 1203/1321/1546
f 1213/1322/1547 1194/1308/1547 1162/1274/1547 1208/1298/1547
f 1205/1293/1548 1157/1269/1548 1180/1323/1548 1209/1324/1548
f 1209/1324/1549 1180/1323/1549 1179/1302/1549 1210/1320/1549
f 1189/1285/1550 1197/1325/1550 1181/1326/1550 1170/1282/1550
f 1197/1325/1551 1198/1319/1551 1182/1305/1551 1181/1326/1551
f 1191/1303/1552 1199/1327/1552 1177/1328/1552 1156/1268/1552
f 1199/1327/1553 1200/1315/1553 1178/1318/1553 1177/1328/1553
f 1207/1295/1554 1161/1273/1554 1188/1329/1554 1211/1330/1554
f 1211/1330/1555 1188/1329/1555 1187/1310/1555 1212/1313/1555
f 1163/1275/1556 1185/1331/1556 1188/1329/1556 1161/1273/1556
f 1185/1331/1557 1186/1309/1557 1187/1310/1557 1188/1329/1557
f 1170/1282/1558 1181/1326/1558 1184/1332/1558 1171/1283/1558
f 1181/1326/1559 1182/1305/1559 1183/1306/1559 1184/1332/1559
f 1156/1268/1560 1177/1333/1560 1180/1323/1560 1157/1269/1560
f 1177/1333/1561 1178/1299/1561 1179/1302/1561 1180/1323/1561
f 1152/1264/1562 1173/1334/1562 1176/1335/1562 1153/1265/1562
f 1173/1334/1563 1174/1287/1563 1175/1288/1563 1176/1335/1563
f 1186/1336/1564 1185/1337/1564 1200/1315/1564 1199/1327/1564
f 1150/1262/1565 1186/1336/1565 1199/1327/1565 1191/1303/1565
f 1174/1287/1566 1173/1334/1566 1198/1319/1566 1197/1325/1566
f 1166/1278/1567 1174/1287/1567 1197/1325/1567 1189/1285/1567
f 1204/1292/1568 1167/1279/1568 1194/1308/1568 1213/1322/1568
f 1173/1334/1569 1152/1264/1569 1195/1311/1569 1198/1319/1569
f 1185/1337/1570 1163/1338/1570 1193/1316/1570 1200/1315/1570
f 1201/1289/1571 1151/1263/1571 1192/1304/1571 1214/1314/1571
f 1160/1272/1572 1195/1311/1572 1196/1312/1572 1158/1270/1572
f 1169/1281/1573 1193/1307/1573 1194/1308/1573 1167/1279/1573
f 1150/1262/1574 1191/1303/1574 1192/1304/1574 1151/1263/1574
f 1166/1278/1575 1189/1285/1575 1190/1286/1575 1164/1276/1575
f 1154/1266/1576 1201/1289/1576 1214/1314/1576 1196/1312/1576
f 1172/1339/1577 1204/1292/1577 1213/1322/1577 1190/1340/1577
f 1175/1341/1578 1211/1330/1578 1212/1313/1578 1176/1342/1578
f 1165/1296/1579 1207/1295/1579 1211/1330/1579 1175/1341/1579
f 1183/1343/1580 1209/1324/1580 1210/1320/1580 1184/1344/1580
f 1159/1271/1581 1205/1293/1581 1209/1324/1581 1183/1343/1581
f 1190/1340/1582 1213/1322/1582 1208/1298/1582 1164/1297/1582
f 1184/1344/1583 1210/1320/1583 1203/1321/1583 1171/1345/1583
f 1196/1312/1584 1214/1314/1584 1206/1294/1584 1158/1270/1584
f 1176/1342/1585 1212/1313/1585 1202/1290/1585 1153/1265/1585
f 1161/1273/1586 1207/1295/1586 1208/1298/1586 1162/1274/1586
f 1157/1269/1587 1205/1293/1587 1206/1294/1587 1155/1267/1587
f 1171/1346/1588 1203/1291/1588 1204/1292/1588 1172/1339/1588
f 1151/1263/1589 1201/1289/1589 1202/1290/1589 1149/1261/1589
o Cube.016
v 3.961463 1.181544 0.132602
v 3.955128 1.124860 0.180138
v 4.032122 1.128488 0.131224
v 4.002014 1.139132 -0.180029
v 3.994893 1.184664 -0.135846
v 4.022436 1.130666 -0.127681
v 4.023635 0.868243 0.127073
v 3.952576 0.867855 0.178500
v 3.961122 0.818038 0.136966
v 4.027337 0.868616 -0.133774
v 4.001783 0.810818 -0.132471
v 4.007143 0.866906 -0.179535
v 3.659346 1.181733 0.130559
v 3.595795 1.132164 0.133132
v 3.661702 1.138011 0.176471
v 3.595319 1.128516 -0.139088
v 3.632371 1.173869 -0.137914
v 3.630258 1.130191 -0.179873
v 3.590403 0.868982 0.134925
v 3.647754 0.816353 0.135462
v 3.660679 0.871844 0.181750
v 3.613951 0.868239 -0.184441
v 3.624206 0.819929 -0.127614
v 3.596998 0.866492 -0.136216
v 3.789841 1.132542 -0.177482
v 3.796671 1.180646 -0.131163
v 3.840619 0.865203 0.177616
v 3.830861 0.819464 0.132283
v 3.792888 0.868405 -0.185610
v 3.797654 0.822750 -0.130189
v 3.837464 1.132253 0.178072
v 3.830868 1.180704 0.132129
v 3.629942 1.004596 -0.175223
v 3.594773 1.000080 -0.133041
v 3.957488 0.996381 0.172081
v 4.033750 1.004762 0.134279
v 3.666795 0.997469 0.183113
v 3.597870 0.999427 0.136980
v 4.001523 1.003003 -0.179589
v 4.023809 0.998031 -0.128096
v 3.790528 1.000298 -0.176568
v 3.836745 1.002224 0.185686
v 4.031258 1.128808 -0.005451
v 3.985871 1.180007 -0.000113
v 3.638554 0.828415 0.001015
v 3.594170 0.861041 0.005798
v 3.980173 0.818412 -0.000044
v 4.022805 0.868858 0.000685
v 3.645679 1.180816 -0.001717
v 3.593189 1.130302 -0.004800
v 3.820327 0.822662 0.006371
v 3.818649 1.180763 -0.001726
v 3.601341 0.997124 0.001956
v 4.023210 1.003565 -0.000942
vn 0.4284 0.5520 0.7153
vn 0.8726 0.4035 -0.2752
vn 0.5104 -0.4973 0.7015
vn 0.8500 -0.3839 -0.3607
vn -0.4653 0.6289 0.6228
vn -0.6484 0.5435 -0.5331
vn -0.4659 -0.5003 0.7298
vn -0.7986 -0.5220 -0.2996
vn -0.8664 0.0669 -0.4949
vn 0.0008 0.6932 -0.7208
vn 0.8215 0.5699 0.0150
vn -0.6423 -0.7665 0.0013
vn 0.8423 -0.5300 0.0981
vn -0.7310 0.6824 0.0082
vn 0.0084 -0.6720 0.7405
vn 0.5192 -0.0320 0.8541
vn -0.0136 -0.6725 0.7400
vn -0.5532 0.0175 0.8329
vn -0.0164 -0.7095 -0.7045
vn 0.9250 0.0030 -0.3800
vn 0.9983 -0.0378 -0.0433
vn 0.0043 -0.0359 0.9993
vn 0.0545 -0.0064 0.9985
vn -0.0069 -0.9983 -0.0580
vn -0.9993 -0.0385 -0.0026
vn -0.0002 1.0000 -0.0056
vn -0.0066 0.0682 -0.9976
vn -0.0088 0.9998 0.0176
vn 0.0032 1.0000 -0.0035
vn 0.0073 0.7062 0.7079
vn -0.0003 -0.7668 -0.6419
vn -0.0306 0.6946 -0.7187
vn -0.0130 -0.0051 -0.9999
vn -0.0196 -0.9997 -0.0142
vn 0.0483 -0.0014 0.9988
vn 0.0031 -0.0216 -0.9998
vn -0.9981 0.0546 -0.0295
vn -0.0119 0.0524 0.9986
vn 0.9988 -0.0270 -0.0418
vn 0.9161 0.0400 -0.3988
vn -0.5553 0.0184 0.8314
vn 0.4930 -0.0095 0.8700
vn -0.7627 -0.0246 -0.6463
vn 0.9991 -0.0264 -0.0326
vn -0.9997 0.0184 0.0141
vn 0.0099 0.6644 0.7473
vn -0.0195 0.9995 -0.0240
vn 0.0071 0.0337 -0.9994
vn -0.9995 -0.0283 0.0164
vn -0.0085 -0.9994 0.0328
vn 0.9997 0.0115 0.0194
vn -0.6529 0.7568 0.0315
vn 0.6928 -0.7197 0.0452
vn -0.7422 -0.6691 0.0391
vn 0.6691 0.7412 0.0551
vn -0.0437 -0.9986 0.0280
vt 0.592134 0.484388
vt 0.637599 0.523511
vt 0.592134 0.532275
vt 0.359389 0.532866
vt 0.398511 0.487401
vt 0.407275 0.532866
vt 0.592134 0.717725
vt 0.637599 0.726489
vt 0.592134 0.765612
vt 0.407275 0.717134
vt 0.398511 0.762599
vt 0.359388 0.717134
vt 0.592134 0.265485
vt 0.592134 0.217134
vt 0.625000 0.250711
vt 0.125000 0.532866
vt 0.140611 0.500000
vt 0.140611 0.532866
vt 0.592134 0.032866
vt 0.592134 0.000000
vt 0.625000 0.032866
vt 0.140611 0.717134
vt 0.140611 0.750000
vt 0.125000 0.717134
vt 0.140611 0.625000
vt 0.125000 0.625000
vt 0.213537 0.532866
vt 0.226578 0.495800
vt 0.499705 0.532571
vt 0.495322 0.485895
vt 0.500000 0.000000
vt 0.500000 0.032866
vt 0.495322 0.764105
vt 0.499704 0.717429
vt 0.500000 0.265548
vt 0.407866 0.265611
vt 0.407866 0.217134
vt 0.500000 0.217134
vt 0.629200 0.898422
vt 0.625000 0.984388
vt 0.592134 0.984388
vt 0.592134 0.911463
vt 0.637599 0.625000
vt 0.592134 0.625000
vt 0.625000 0.141789
vt 0.592134 0.125000
vt 0.213537 0.717134
vt 0.226578 0.754200
vt 0.359388 0.625000
vt 0.407275 0.625000
vt 0.499705 0.625000
vt 0.785459 0.625000
vt 0.859388 0.625000
vt 0.859388 0.717134
vt 0.785459 0.720252
vt 0.498441 0.910961
vt 0.500000 0.984388
vt 0.500000 0.125000
vt 0.498441 0.338997
vt 0.592134 0.338453
vt 0.213537 0.625000
vt 0.404748 0.339541
vt 0.629200 0.341644
vt 0.785459 0.529748
vt 0.859388 0.532866
vt 0.407866 0.032866
vt 0.407866 0.125000
vt 0.404748 0.910459
vt 0.407866 0.984388
vt 0.407866 0.000000
s 0
usemtl Stone_1
f 1215/1347/1590 1216/1348/1590 1217/1349/1590
f 1218/1350/1591 1219/1351/1591 1220/1352/1591
f 1221/1353/1592 1222/1354/1592 1223/1355/1592
f 1224/1356/1593 1225/1357/1593 1226/1358/1593
f 1227/1359/1594 1228/1360/1594 1229/1361/1594
f 1230/1362/1595 1231/1363/1595 1232/1364/1595
f 1233/1365/1596 1234/1366/1596 1235/1367/1596
f 1236/1368/1597 1237/1369/1597 1238/1370/1597
f 1247/1371/1598 1236/1368/1598 1238/1370/1598 1248/1372/1598
f 1239/1373/1599 1232/1364/1599 1231/1363/1599 1240/1374/1599
f 1257/1375/1600 1220/1352/1600 1219/1351/1600 1258/1376/1600
f 1259/1377/1601 1234/1366/1601 1233/1365/1601 1260/1378/1601
f 1261/1379/1602 1225/1357/1602 1224/1356/1602 1262/1380/1602
f 1263/1381/1603 1231/1382/1603 1230/1383/1603 1264/1384/1603
f 1241/1385/1604 1235/1386/1604 1234/1387/1604 1242/1388/1604
f 1249/1389/1605 1222/1354/1605 1221/1353/1605 1250/1390/1605
f 1222/1354/1606 1241/1385/1606 1242/1388/1606 1223/1355/1606
f 1251/1391/1607 1229/1361/1607 1228/1360/1607 1252/1392/1607
f 1243/1393/1608 1226/1358/1608 1225/1357/1608 1244/1394/1608
f 1253/1395/1609 1218/1350/1609 1220/1352/1609 1254/1396/1609
f 1268/1397/1610 1250/1390/1610 1221/1353/1610 1262/1380/1610
f 1256/1398/1611 1251/1399/1611 1235/1400/1611 1241/1401/1611
f 1256/1398/1612 1241/1401/1612 1222/1354/1612 1249/1389/1612
f 1265/1402/1613 1242/1388/1613 1234/1387/1613 1259/1403/1613
f 1267/1404/1614 1252/1392/1614 1228/1360/1614 1264/1384/1614
f 1266/1405/1615 1246/1406/1615 1215/1347/1615 1258/1376/1615
f 1247/1371/1616 1255/1407/1616 1243/1393/1616 1236/1368/1616
f 1266/1405/1617 1258/1376/1617 1219/1351/1617 1240/1408/1617
f 1263/1381/1618 1227/1359/1618 1246/1406/1618 1266/1405/1618
f 1229/1361/1619 1245/1409/1619 1246/1406/1619 1227/1359/1619
f 1236/1368/1620 1243/1393/1620 1244/1394/1620 1237/1369/1620
f 1218/1350/1621 1239/1373/1621 1240/1374/1621 1219/1351/1621
f 1218/1350/1622 1253/1395/1622 1255/1407/1622 1239/1373/1622
f 1223/1355/1623 1242/1388/1623 1265/1402/1623 1261/1379/1623
f 1216/1348/1624 1245/1410/1624 1256/1398/1624 1249/1389/1624
f 1232/1364/1625 1239/1373/1625 1255/1407/1625 1247/1371/1625
f 1260/1378/1626 1233/1365/1626 1252/1392/1626 1267/1404/1626
f 1245/1410/1627 1229/1411/1627 1251/1399/1627 1256/1398/1627
f 1257/1375/1628 1217/1349/1628 1250/1390/1628 1268/1397/1628
f 1226/1358/1629 1253/1395/1629 1254/1396/1629 1224/1356/1629
f 1235/1367/1630 1251/1391/1630 1252/1392/1630 1233/1365/1630
f 1216/1348/1631 1249/1389/1631 1250/1390/1631 1217/1349/1631
f 1232/1364/1632 1247/1371/1632 1248/1372/1632 1230/1362/1632
f 1220/1352/1633 1257/1375/1633 1268/1397/1633 1254/1396/1633
f 1238/1412/1634 1260/1378/1634 1267/1404/1634 1248/1413/1634
f 1245/1409/1635 1216/1348/1635 1215/1347/1635 1246/1406/1635
f 1231/1382/1636 1263/1381/1636 1266/1405/1636 1240/1408/1636
f 1255/1407/1637 1253/1395/1637 1226/1358/1637 1243/1393/1637
f 1248/1413/1638 1267/1404/1638 1264/1384/1638 1230/1383/1638
f 1244/1414/1639 1265/1402/1639 1259/1403/1639 1237/1415/1639
f 1254/1396/1640 1268/1397/1640 1262/1380/1640 1224/1356/1640
f 1227/1359/1641 1263/1381/1641 1264/1384/1641 1228/1360/1641
f 1223/1355/1642 1261/1379/1642 1262/1380/1642 1221/1353/1642
f 1237/1416/1643 1259/1377/1643 1260/1378/1643 1238/1412/1643
f 1217/1349/1644 1257/1375/1644 1258/1376/1644 1215/1347/1644
f 1225/1357/1645 1261/1379/1645 1265/1402/1645 1244/1414/1645
o Cube.017
v 2.794034 1.181544 0.132602
v 2.790369 1.124860 0.180138
v 2.834917 1.128488 0.131224
v 2.817496 1.139132 -0.180029
v 2.813376 1.184664 -0.135846
v 2.829312 1.130666 -0.127681
v 2.830006 0.868243 0.127073
v 2.788892 0.867855 0.178500
v 2.793836 0.818038 0.136966
v 2.832148 0.868616 -0.133774
v 2.817363 0.810818 -0.132471
v 2.820464 0.866906 -0.179535
v 2.619231 1.181733 0.130559
v 2.582460 1.132164 0.133132
v 2.620594 1.138011 0.176471
v 2.582185 1.128516 -0.139088
v 2.603623 1.173869 -0.137914
v 2.602400 1.130191 -0.179873
v 2.579340 0.868982 0.134925
v 2.612524 0.816353 0.135462
v 2.620002 0.871844 0.181750
v 2.592965 0.868239 -0.184441
v 2.598898 0.819929 -0.127614
v 2.583156 0.866492 -0.136216
v 2.602217 1.004596 -0.175223
v 2.581869 1.000080 -0.133041
v 2.791734 0.996381 0.172081
v 2.835859 1.004762 0.134279
v 2.623540 0.997469 0.183113
v 2.583661 0.999427 0.136980
v 2.817212 1.003003 -0.179589
v 2.830107 0.998031 -0.128096
v 2.834416 1.128808 -0.005451
v 2.808156 1.180007 -0.000113
v 2.607200 0.828415 0.001015
v 2.581520 0.861041 0.005798
v 2.804859 0.818412 -0.000044
v 2.829525 0.868858 0.000685
v 2.611322 1.180816 -0.001717
v 2.580952 1.130302 -0.004800
v 2.585669 0.997124 0.001956
v 2.829760 1.003565 -0.000942
vn 0.6339 0.4725 0.6123
vn 0.9514 0.2545 -0.1736
vn 0.7161 -0.4037 0.5694
vn 0.9413 -0.2460 -0.2311
vn -0.6725 0.5259 0.5208
vn -0.8272 0.4012 -0.3935
vn -0.6731 -0.4181 0.6100
vn -0.9166 -0.3467 -0.1990
vn -0.9486 0.0424 -0.3135
vn -0.0102 -0.0194 -0.9998
vn 0.9280 0.3725 0.0098
vn -0.8229 -0.5682 0.0009
vn 0.9378 -0.3415 0.0632
vn -0.8798 0.4752 0.0057
vn -0.0290 0.6939 -0.7195
vn 0.7241 -0.0258 0.6892
vn -0.7539 0.0138 0.6568
vn -0.0004 -0.6405 0.7680
vn 0.9729 0.0018 -0.2313
vn 0.9994 -0.0219 -0.0251
vn -0.0245 0.9997 -0.0082
vn 0.0028 1.0000 -0.0092
vn -0.9998 -0.0223 -0.0015
vn 0.0426 0.0188 0.9989
vn 0.0142 0.6810 0.7321
vn -0.0164 -0.7055 -0.7085
vn 0.0216 -0.0049 0.9998
vn -0.0219 -0.9987 -0.0462
vn -0.9994 0.0316 -0.0171
vn 0.9996 -0.0156 -0.0242
vn 0.9694 0.0245 -0.2442
vn -0.7558 0.0145 0.6547
vn 0.6997 -0.0078 0.7144
vn -0.8978 -0.0168 -0.4402
vn 0.9997 -0.0153 -0.0188
vn -0.9999 0.0106 0.0081
vn -0.9998 -0.0164 0.0095
vn 0.0014 0.0336 -0.9994
vn 0.9999 0.0067 0.0112
vn -0.8303 0.5569 0.0232
vn 0.8567 -0.5148 0.0324
vn -0.8863 -0.4623 0.0270
vn 0.8412 0.5392 0.0401
vn -0.0449 -0.9971 0.0607
vt 0.592134 0.484388
vt 0.637599 0.523511
vt 0.592134 0.532275
vt 0.359389 0.532866
vt 0.398511 0.487401
vt 0.407275 0.532866
vt 0.592134 0.717725
vt 0.637599 0.726489
vt 0.592134 0.765612
vt 0.407275 0.717134
vt 0.398511 0.762599
vt 0.359388 0.717134
vt 0.592134 0.265485
vt 0.592134 0.217134
vt 0.625000 0.250711
vt 0.125000 0.532866
vt 0.140611 0.500000
vt 0.140611 0.532866
vt 0.592134 0.032866
vt 0.592134 0.000000
vt 0.625000 0.032866
vt 0.140611 0.717134
vt 0.140611 0.750000
vt 0.125000 0.717134
vt 0.140611 0.625000
vt 0.125000 0.625000
vt 0.359388 0.625000
vt 0.499705 0.532571
vt 0.495322 0.485895
vt 0.500000 0.000000
vt 0.500000 0.032866
vt 0.495322 0.764105
vt 0.499704 0.717429
vt 0.500000 0.265548
vt 0.407866 0.265611
vt 0.407866 0.217134
vt 0.500000 0.217134
vt 0.637599 0.625000
vt 0.592134 0.625000
vt 0.625000 0.141789
vt 0.592134 0.125000
vt 0.625000 0.984388
vt 0.592134 0.984388
vt 0.407275 0.625000
vt 0.499705 0.625000
vt 0.500000 0.125000
vt 0.859388 0.717134
vt 0.859388 0.625000
vt 0.859388 0.532866
vt 0.500000 0.984388
vt 0.407866 0.032866
vt 0.407866 0.125000
vt 0.407866 0.000000
vt 0.407866 0.984388
s 0
usemtl Stone_1
f 1269/1417/1646 1270/1418/1646 1271/1419/1646
f 1272/1420/1647 1273/1421/1647 1274/1422/1647
f 1275/1423/1648 1276/1424/1648 1277/1425/1648
f 1278/1426/1649 1279/1427/1649 1280/1428/1649
f 1281/1429/1650 1282/1430/1650 1283/1431/1650
f 1284/1432/1651 1285/1433/1651 1286/1434/1651
f 1287/1435/1652 1288/1436/1652 1289/1437/1652
f 1290/1438/1653 1291/1439/1653 1292/1440/1653
f 1293/1441/1654 1290/1438/1654 1292/1440/1654 1294/1442/1654
f 1286/1434/1655 1272/1420/1655 1299/1443/1655 1293/1441/1655
f 1301/1444/1656 1274/1422/1656 1273/1421/1656 1302/1445/1656
f 1303/1446/1657 1288/1436/1657 1287/1435/1657 1304/1447/1657
f 1305/1448/1658 1279/1427/1658 1278/1426/1658 1306/1449/1658
f 1307/1450/1659 1285/1451/1659 1284/1452/1659 1308/1453/1659
f 1272/1420/1660 1286/1434/1660 1285/1433/1660 1273/1421/1660
f 1295/1454/1661 1276/1424/1661 1275/1423/1661 1296/1455/1661
f 1297/1456/1662 1283/1431/1662 1282/1430/1662 1298/1457/1662
f 1276/1424/1663 1289/1458/1663 1288/1459/1663 1277/1425/1663
f 1299/1443/1664 1272/1420/1664 1274/1422/1664 1300/1460/1664
f 1310/1461/1665 1296/1455/1665 1275/1423/1665 1306/1449/1665
f 1285/1451/1666 1307/1450/1666 1302/1445/1666 1273/1421/1666
f 1307/1450/1667 1281/1429/1667 1269/1417/1667 1302/1445/1667
f 1309/1462/1668 1298/1457/1668 1282/1430/1668 1308/1453/1668
f 1289/1463/1669 1276/1424/1669 1295/1454/1669 1297/1464/1669
f 1283/1431/1670 1270/1418/1670 1269/1417/1670 1281/1429/1670
f 1290/1438/1671 1280/1428/1671 1279/1427/1671 1291/1439/1671
f 1283/1465/1672 1297/1464/1672 1295/1454/1672 1270/1418/1672
f 1277/1425/1673 1288/1459/1673 1303/1466/1673 1305/1448/1673
f 1304/1447/1674 1287/1435/1674 1298/1457/1674 1309/1462/1674
f 1301/1444/1675 1271/1419/1675 1296/1455/1675 1310/1461/1675
f 1280/1428/1676 1299/1443/1676 1300/1460/1676 1278/1426/1676
f 1289/1437/1677 1297/1456/1677 1298/1457/1677 1287/1435/1677
f 1270/1418/1678 1295/1454/1678 1296/1455/1678 1271/1419/1678
f 1286/1434/1679 1293/1441/1679 1294/1442/1679 1284/1432/1679
f 1274/1422/1680 1301/1444/1680 1310/1461/1680 1300/1460/1680
f 1292/1467/1681 1304/1447/1681 1309/1462/1681 1294/1468/1681
f 1294/1468/1682 1309/1462/1682 1308/1453/1682 1284/1452/1682
f 1293/1441/1683 1299/1443/1683 1280/1428/1683 1290/1438/1683
f 1300/1460/1684 1310/1461/1684 1306/1449/1684 1278/1426/1684
f 1281/1429/1685 1307/1450/1685 1308/1453/1685 1282/1430/1685
f 1277/1425/1686 1305/1448/1686 1306/1449/1686 1275/1423/1686
f 1291/1469/1687 1303/1446/1687 1304/1447/1687 1292/1467/1687
f 1271/1419/1688 1301/1444/1688 1302/1445/1688 1269/1417/1688
f 1279/1427/1689 1305/1448/1689 1303/1466/1689 1291/1470/1689
o Cube.004
v 1.492779 4.317124 -0.806688
v 1.492779 -0.060286 -0.806688
v 1.492779 4.317124 -0.561739
v 1.492779 -0.060286 -0.561739
v 1.247830 4.317124 -0.806688
v 1.247830 -0.060286 -0.806688
v 1.247830 4.317124 -0.561739
v 1.247830 -0.060286 -0.561739
v 1.520666 1.421940 -0.826526
v 1.464307 2.861086 -0.541901
v 1.280686 1.387499 -0.561739
v 1.215560 2.843150 -0.561739
v 1.280686 1.387499 -0.806688
v 1.215560 2.843150 -0.806688
v 1.519999 1.207175 -0.579090
v 1.436638 1.399482 -0.574592
v 1.518674 1.542078 -0.578087
v 1.522977 1.411867 -0.669770
v 1.370305 4.317124 -0.806688
v 1.370305 -0.060286 -0.806688
v 1.338130 2.859981 -0.796651
v 1.400676 1.404720 -0.816607
v 1.339934 2.852118 -0.551820
v 1.392424 1.396085 -0.570948
v 1.377799 0.433100 -0.564859
v 1.420647 -0.060286 -0.561739
v 1.370305 -0.060286 -0.612082
v 1.319963 -0.060286 -0.561739
v 1.412090 4.317124 -0.561739
v 1.358681 3.756411 -0.557943
v 1.328520 4.317124 -0.561739
v 1.370305 4.317124 -0.603524
v 1.462278 2.947681 -0.787601
v 1.415202 2.870564 -0.790339
v 1.463615 2.806090 -0.788553
v 1.461375 2.873869 -0.740830
vn 0.6914 0.2842 0.6642
vn -0.9997 0.0227 -0.0000
vn -0.0402 -0.0093 -0.9991
vn 0.7049 -0.0782 0.7049
vn -0.9998 0.0219 -0.0000
vn -0.9990 -0.0447 -0.0000
vn -0.7053 0.0720 0.7053
vn 0.7062 -0.3918 0.5897
vn 0.0026 -0.0199 0.9998
vn 0.9998 -0.0202 -0.0078
vn -0.0005 0.0068 -1.0000
vn 0.0412 -0.0043 -0.9991
vn -0.0407 -0.0025 -0.9992
vn -0.0025 -0.0067 1.0000
vn -0.7060 -0.0568 0.7060
vn 0.0423 0.0021 0.9991
vn -0.0000 -1.0000 -0.0000
vn 0.0434 0.0093 0.9990
vn 0.7065 0.0428 0.7065
vn -0.0000 1.0000 -0.0000
vn -0.0434 0.0113 0.9990
vn -0.0431 0.0041 0.9991
vn 0.6342 0.4590 -0.6221
vn 0.9997 -0.0210 -0.0080
vn 0.0413 -0.0113 -0.9991
vn 0.9991 0.0415 -0.0121
vn -0.0031 0.0204 -0.9998
vn 0.6845 -0.3961 -0.6120
vt 0.552977 0.250000
vt 0.541667 0.339943
vt 0.541667 0.160144
vt 0.541667 0.500000
vt 0.625000 0.500000
vt 0.625000 0.750000
vt 0.541667 0.750000
vt 0.541667 0.875000
vt 0.625000 0.875000
vt 0.625000 1.000000
vt 0.541667 1.000000
vt 0.627340 0.428721
vt 0.596768 0.378496
vt 0.750000 0.551381
vt 0.375000 0.500000
vt 0.458333 0.500000
vt 0.458333 0.750000
vt 0.375000 0.750000
vt 0.207353 0.500000
vt 0.406895 0.375000
vt 0.250000 0.542647
vt 0.533885 0.250000
vt 0.458333 0.250000
vt 0.541667 0.385320
vt 0.458333 0.375000
vt 0.541667 0.000000
vt 0.625000 0.000000
vt 0.625000 0.250000
vt 0.458333 0.875000
vt 0.375000 0.875000
vt 0.625000 0.323619
vt 0.750000 0.551381
vt 0.801381 0.500000
vt 0.875000 0.500000
vt 0.875000 0.750000
vt 0.750000 0.750000
vt 0.698619 0.500000
vt 0.299112 0.493535
vt 0.125000 0.500000
vt 0.250000 0.750000
vt 0.125000 0.750000
vt 0.375000 0.250000
vt 0.375000 0.332353
vt 0.375000 0.417647
vt 0.458333 0.953600
vt 0.462384 0.013520
vt 0.458333 0.046773
vt 0.375000 0.000000
vt 0.454233 0.000000
vt 0.454233 1.000000
vt 0.375000 1.000000
vt 0.462384 1.000000
s 0
usemtl Wood_1
f 1325/1471/1690 1328/1473/1690 1326/1472/1690
f 1321/1474/1691 1323/1477/1691 1316/1476/1691 1318/1475/1691
f 1332/1478/1692 1319/1481/1692 1312/1480/1692 1330/1479/1692
f 1338/1482/1693 1337/1484/1693 1335/1483/1693
f 1317/1485/1694 1315/1488/1694 1324/1487/1694 1322/1486/1694
f 1322/1486/1695 1324/1487/1695 1323/1477/1695 1321/1474/1695
f 1339/1489/1696 1342/1491/1696 1340/1490/1696
f 1326/1472/1697 1328/1473/1697 1327/1492/1697
f 1320/1493/1698 1333/1495/1698 1334/1494/1698 1326/1472/1698 1327/1492/1698
f 1319/1496/1699 1328/1473/1699 1325/1471/1699 1314/1498/1699 1312/1497/1699
f 1324/1487/1700 1331/1499/1700 1332/1478/1700 1323/1477/1700
f 1315/1488/1701 1329/1500/1701 1331/1499/1701 1324/1487/1701
f 1323/1477/1702 1332/1478/1702 1330/1479/1702 1316/1476/1702
f 1333/1495/1703 1322/1486/1703 1321/1474/1703 1334/1494/1703
f 1335/1483/1704 1337/1484/1704 1336/1501/1704
f 1334/1494/1705 1321/1474/1705 1318/1475/1705 1338/1482/1705 1335/1483/1705
f 1337/1502/1706 1330/1506/1706 1312/1505/1706 1314/1504/1706 1336/1503/1706
f 1318/1475/1706 1316/1476/1706 1330/1506/1706 1337/1502/1706 1338/1507/1706
f 1326/1472/1707 1334/1494/1707 1335/1483/1707 1336/1501/1707 1314/1498/1707 1325/1471/1707
f 1340/1490/1708 1342/1491/1708 1341/1508/1708
f 1313/1509/1709 1311/1511/1709 1329/1510/1709 1342/1491/1709 1339/1489/1709
f 1313/1512/1710 1339/1513/1710 1340/1490/1710 1333/1495/1710 1320/1493/1710
f 1342/1491/1709 1329/1510/1709 1315/1488/1709 1317/1485/1709 1341/1508/1709
f 1341/1514/1711 1317/1485/1711 1322/1486/1711 1333/1495/1711 1340/1490/1711
f 1344/1515/1712 1346/1517/1712 1345/1516/1712
f 1311/1518/1713 1313/1512/1713 1320/1493/1713 1346/1517/1713 1343/1519/1713
f 1329/1500/1714 1311/1521/1714 1343/1520/1714 1344/1515/1714 1331/1499/1714
f 1346/1517/1715 1320/1493/1715 1327/1492/1715 1328/1473/1715 1319/1496/1715 1345/1516/1715
f 1331/1499/1716 1344/1515/1716 1345/1522/1716 1319/1481/1716 1332/1478/1716
f 1343/1519/1717 1346/1517/1717 1344/1515/1717
o Cube.005
v -1.331884 -0.057551 -0.554147
v -1.331884 4.336656 -0.554150
v -1.071754 -0.057551 -0.554147
v -1.071754 4.336656 -0.554150
v -1.331884 -0.057551 -0.814277
v -1.331884 4.336656 -0.814280
v -1.071754 -0.057551 -0.814277
v -1.071754 4.336656 -0.814280
v -1.259448 2.568274 -0.541195
v -1.060480 1.447048 -0.581888
v -0.978251 2.602847 -0.796049
v -1.081547 1.465053 -0.846052
v -1.238381 2.602847 -0.796049
v -1.341678 1.465053 -0.846052
v -0.996676 2.783863 -0.541904
v -0.991900 2.590818 -0.630431
v -0.995612 2.447675 -0.543311
v -1.092976 2.578386 -0.538741
v -1.331884 -0.057551 -0.684212
v -1.331884 4.336656 -0.684215
v -1.331018 1.448157 -0.715885
v -1.248914 2.585560 -0.668622
v -1.071014 1.456050 -0.713970
v -0.988030 2.594228 -0.677385
v -1.075067 3.841376 -0.676256
v -1.071754 4.336656 -0.630752
v -1.125217 4.336656 -0.684215
v -1.071754 4.336656 -0.737677
v -1.071754 -0.057551 -0.639837
v -1.067723 0.505313 -0.696557
v -1.071754 -0.057551 -0.728587
v -1.116129 -0.057551 -0.684212
v -1.321407 1.360121 -0.584043
v -1.324315 1.437534 -0.634036
v -1.322419 1.502255 -0.582623
v -1.271737 1.434216 -0.585002
vn 0.6610 -0.2992 0.6881
vn -0.0000 -0.0105 -0.9999
vn -0.9981 -0.0444 -0.0438
vn 0.7047 0.0827 0.7047
vn -0.0000 -0.0209 -0.9998
vn -0.0000 0.0439 -0.9990
vn 0.7051 -0.0761 -0.7051
vn 0.5843 0.4108 0.6999
vn 0.9968 -0.0651 -0.0474
vn -0.0023 0.0081 1.0000
vn -0.9967 0.0807 0.0112
vn -0.9992 -0.0021 0.0408
vn -0.9977 -0.0510 -0.0442
vn 0.9967 -0.0812 -0.0087
vn 0.7058 0.0601 -0.7058
vn 0.9866 0.0546 0.1541
vn -0.0000 1.0000 -0.0000
vn 0.9923 0.0495 -0.1140
vn 0.7064 -0.0453 0.7064
vn -0.0000 -1.0000 -0.0000
vn 0.9996 -0.0043 -0.0276
vn 0.9983 0.0025 -0.0583
vn -0.6145 -0.4796 0.6264
vn -0.0076 0.0199 0.9998
vn -0.9992 0.0049 0.0389
vn -0.0102 -0.0384 0.9992
vn -0.9978 0.0644 -0.0149
vn -0.6063 0.4152 0.6782
vt 0.552977 0.250000
vt 0.541667 0.339943
vt 0.541667 0.160144
vt 0.541667 0.500000
vt 0.625000 0.500000
vt 0.625000 0.750000
vt 0.541667 0.750000
vt 0.541667 0.875000
vt 0.625000 0.875000
vt 0.625000 1.000000
vt 0.541667 1.000000
vt 0.627340 0.428721
vt 0.596768 0.378496
vt 0.750000 0.551381
vt 0.375000 0.500000
vt 0.458333 0.500000
vt 0.458333 0.750000
vt 0.375000 0.750000
vt 0.207353 0.500000
vt 0.406895 0.375000
vt 0.250000 0.542647
vt 0.533885 0.250000
vt 0.458333 0.250000
vt 0.541667 0.385320
vt 0.458333 0.375000
vt 0.541667 0.000000
vt 0.625000 0.000000
vt 0.625000 0.250000
vt 0.458333 0.875000
vt 0.375000 0.875000
vt 0.625000 0.323619
vt 0.750000 0.551381
vt 0.801381 0.500000
vt 0.875000 0.500000
vt 0.875000 0.750000
vt 0.750000 0.750000
vt 0.698619 0.500000
vt 0.299112 0.493535
vt 0.125000 0.500000
vt 0.250000 0.750000
vt 0.125000 0.750000
vt 0.375000 0.250000
vt 0.375000 0.332353
vt 0.375000 0.417647
vt 0.458333 0.953600
vt 0.462384 0.013520
vt 0.458333 0.046773
vt 0.375000 0.000000
vt 0.454233 0.000000
vt 0.454233 1.000000
vt 0.375000 1.000000
vt 0.462384 1.000000
s 0
usemtl Wood_1
f 1361/1523/1718 1364/1525/1718 1362/1524/1718
f 1357/1526/1719 1359/1529/1719 1352/1528/1719 1354/1527/1719
f 1368/1530/1720 1355/1533/1720 1348/1532/1720 1366/1531/1720
f 1374/1534/1721 1373/1536/1721 1371/1535/1721
f 1353/1537/1722 1351/1540/1722 1360/1539/1722 1358/1538/1722
f 1358/1538/1723 1360/1539/1723 1359/1529/1723 1357/1526/1723
f 1375/1541/1724 1378/1543/1724 1376/1542/1724
f 1362/1524/1725 1364/1525/1725 1363/1544/1725
f 1356/1545/1726 1369/1547/1726 1370/1546/1726 1362/1524/1726 1363/1544/1726
f 1355/1548/1727 1364/1525/1727 1361/1523/1727 1350/1550/1727 1348/1549/1727
f 1360/1539/1728 1367/1551/1728 1368/1530/1728 1359/1529/1728
f 1351/1540/1729 1365/1552/1729 1367/1551/1729 1360/1539/1729
f 1359/1529/1730 1368/1530/1730 1366/1531/1730 1352/1528/1730
f 1369/1547/1731 1358/1538/1731 1357/1526/1731 1370/1546/1731
f 1371/1535/1732 1373/1536/1732 1372/1553/1732
f 1370/1546/1733 1357/1526/1733 1354/1527/1733 1374/1534/1733 1371/1535/1733
f 1373/1554/1734 1366/1558/1734 1348/1557/1734 1350/1556/1734 1372/1555/1734
f 1354/1527/1734 1352/1528/1734 1366/1558/1734 1373/1554/1734 1374/1559/1734
f 1362/1524/1735 1370/1546/1735 1371/1535/1735 1372/1553/1735 1350/1550/1735 1361/1523/1735
f 1376/1542/1736 1378/1543/1736 1377/1560/1736
f 1349/1561/1737 1347/1563/1737 1365/1562/1737 1378/1543/1737 1375/1541/1737
f 1349/1564/1738 1375/1565/1738 1376/1542/1738 1369/1547/1738 1356/1545/1738
f 1378/1543/1737 1365/1562/1737 1351/1540/1737 1353/1537/1737 1377/1560/1737
f 1377/1566/1739 1353/1537/1739 1358/1538/1739 1369/1547/1739 1376/1542/1739
f 1380/1567/1740 1382/1569/1740 1381/1568/1740
f 1347/1570/1741 1349/1564/1741 1356/1545/1741 1382/1569/1741 1379/1571/1741
f 1365/1552/1742 1347/1573/1742 1379/1572/1742 1380/1567/1742 1367/1551/1742
f 1382/1569/1743 1356/1545/1743 1363/1544/1743 1364/1525/1743 1355/1548/1743 1381/1568/1743
f 1367/1551/1744 1380/1567/1744 1381/1574/1744 1355/1533/1744 1368/1530/1744
f 1379/1571/1745 1382/1569/1745 1380/1567/1745
o Cube.006
v -1.528374 4.257422 -0.457532
v -1.938663 4.760880 -0.453035
v -1.520899 4.259909 -0.846835
v -1.938663 4.760348 -0.878085
v 1.866886 4.765103 -0.452874
v 1.866886 4.801408 -0.877924
v 1.530229 4.232214 -0.435699
v -0.418600 4.366933 -0.465762
v 1.697266 4.327049 -0.454247
v 1.697266 4.327049 -0.879533
v 1.432386 4.237332 -0.902503
v -1.177553 4.623063 -0.880241
v -0.416443 4.569854 -0.880933
v 0.344666 4.609807 -0.880414
v 1.105776 4.726718 -0.878895
v 1.105776 4.690414 -0.453844
v 0.344666 4.573502 -0.455363
v -1.177553 4.586758 -0.455191
v -1.595262 4.235355 -0.682344
v -1.898548 4.770833 -0.665560
v 1.866886 4.783256 -0.665399
v 1.427023 4.268483 -0.656838
v 1.697266 4.327049 -0.666890
v 1.105776 4.708566 -0.666369
v 0.344666 4.591654 -0.667888
v -0.416443 4.551702 -0.668408
v -1.177553 4.604910 -0.667716
v -0.279309 4.540748 -0.455789
v -0.416443 4.537855 -0.506283
v -0.552941 4.543092 -0.455758
v -0.354355 4.500957 -0.455634
v -0.416369 4.500170 -0.478848
v -0.477067 4.501454 -0.455619
v -0.446282 4.367191 -0.454883
v -0.389557 4.248643 -0.454247
v -0.391112 4.366657 -0.454854
v -0.448386 4.248871 -0.454247
v -0.418971 4.248757 -0.465720
v -0.826392 4.220023 -0.883753
v -0.039560 4.247754 -0.882241
v 0.741040 4.270704 -0.873041
v -0.786948 4.246477 -0.672566
v -0.006576 4.241267 -0.632237
v 0.731815 4.238935 -0.665894
v -0.787390 4.249286 -0.454733
v 0.736631 4.244781 -0.450037
v -0.046272 4.236976 -0.467886
v -1.172354 4.239892 -0.865363
v 1.103094 4.253227 -0.888470
v -0.416418 4.234472 -0.882965
v -0.787395 4.559483 -0.455545
v 0.344457 4.259044 -0.877715
v -1.177528 4.253570 -0.456207
v -0.826373 4.598512 -0.880560
v 0.736691 4.633720 -0.454581
v 1.104535 4.238955 -0.443390
v -0.039567 4.589637 -0.880676
v 0.741126 4.670705 -0.879622
v 0.345205 4.240879 -0.458961
v -0.062981 4.552104 -0.455641
vn -0.8164 -0.5696 -0.0954
vn 0.2230 0.9711 0.0853
vn 0.2649 -0.9618 0.0685
vn 0.9349 -0.3546 -0.0151
vn 0.0045 0.0271 -0.9996
vn -0.0974 0.9916 0.0847
vn -0.1515 0.9849 0.0841
vn 0.0696 0.9940 0.0849
vn -0.0523 0.9950 0.0850
vn 0.9394 -0.3424 -0.0146
vn -0.0028 -1.0000 -0.0015
vn 0.3181 -0.9355 -0.1539
vn 0.2004 0.9797 -0.0012
vn -0.8219 -0.5658 0.0660
vn 0.0048 0.0230 0.9997
vn -0.2963 0.5618 0.7724
vn -0.0002 0.0040 1.0000
vn 0.3063 0.5607 0.7693
vn -0.3549 0.0999 0.9295
vn 0.0015 -0.9984 0.0559
vn 0.3645 -0.0011 0.9312
vn -0.3660 0.0007 0.9306
vn 0.3600 0.0864 0.9289
vn -0.0191 -0.9998 0.0033
vn 0.0133 -0.9991 0.0412
vn 0.0122 -0.9964 -0.0840
vn -0.0113 -0.9999 0.0101
vn 0.0036 -1.0000 0.0044
vn 0.0125 -0.9973 -0.0725
vn -0.0112 0.0179 0.9998
vn -0.0125 0.0013 0.9999
vn -0.0107 -0.0247 0.9996
vn 0.0213 -0.0182 0.9996
vn -0.0204 0.0035 -0.9998
vn 0.0080 -0.0124 -0.9999
vn 0.0063 -0.0016 -1.0000
vn 0.0011 0.0053 -1.0000
vn 0.0006 0.0073 -1.0000
vn -0.0278 -0.0155 -0.9995
vn -0.0279 -0.0654 -0.9975
vn -0.0014 -0.0003 1.0000
vn -0.0003 -0.0068 1.0000
vt 0.375000 0.125000
vt 0.625000 0.125000
vt 0.625000 0.250000
vt 0.375000 0.250000
vt 0.825000 0.625000
vt 0.875000 0.625000
vt 0.875000 0.750000
vt 0.825000 0.750000
vt 0.367852 0.625000
vt 0.367852 0.492732
vt 0.414792 0.500000
vt 0.414792 0.625000
vt 0.625000 0.625000
vt 0.625000 0.750000
vt 0.414792 0.750000
vt 0.625000 0.450000
vt 0.625000 0.500000
vt 0.368703 0.463829
vt 0.675000 0.625000
vt 0.675000 0.750000
vt 0.725000 0.625000
vt 0.725000 0.750000
vt 0.699247 0.750000
vt 0.775000 0.500000
vt 0.801930 0.500000
vt 0.825000 0.500000
vt 0.775000 0.625000
vt 0.725000 0.500000
vt 0.750242 0.500000
vt 0.675000 0.500000
vt 0.698955 0.500000
vt 0.307139 0.494549
vt 0.338934 0.493598
vt 0.307139 0.625000
vt 0.367852 0.757268
vt 0.875000 0.500000
vt 0.375000 0.000000
vt 0.625000 0.000000
vt 0.775000 0.720356
vt 0.765991 0.750000
vt 0.751780 0.750000
vt 0.799369 0.750000
vt 0.783967 0.750000
vt 0.625000 0.800000
vt 0.368810 0.789819
vt 0.625000 0.890991
vt 0.662585 0.818611
vt 0.593198 0.897133
vt 0.558869 0.903497
vt 0.594766 0.903207
vt 0.629507 0.904460
vt 0.627815 0.921554
vt 0.477938 0.935177
vt 0.523936 0.906211
vt 0.589353 0.864884
vt 0.556427 0.900855
vt 0.125000 0.750000
vt 0.125000 0.625000
vt 0.185713 0.625000
vt 0.185713 0.751817
vt 0.153747 0.750860
vt 0.572616 0.500000
vt 0.625000 0.482429
vt 0.572667 0.481398
vt 0.572565 0.518602
vt 0.621936 0.517618
vt 0.595216 0.861179
vt 0.125000 0.500000
vt 0.155469 0.499088
vt 0.185713 0.498183
vt 0.217347 0.497236
vt 0.246426 0.496366
vt 0.246426 0.625000
vt 0.276294 0.495472
vt 0.246426 0.753634
vt 0.217571 0.752770
vt 0.215207 0.745807
vt 0.212843 0.752629
vt 0.307139 0.755451
vt 0.276784 0.754542
vt 0.335285 0.756293
vt 0.625000 0.824247
vt 0.369639 0.817951
vt 0.625000 0.850000
vt 0.370532 0.848290
vt 0.625000 0.876780
vt 0.371426 0.878634
vt 0.468928 0.904314
vt 0.372275 0.907475
vt 0.369639 0.432049
vt 0.625000 0.426045
vt 0.370547 0.401219
vt 0.625000 0.400000
vt 0.371426 0.371366
vt 0.625000 0.374758
vt 0.372282 0.342302
vt 0.625000 0.350000
vt 0.373213 0.310683
vt 0.625000 0.323070
vt 0.374103 0.280454
vt 0.625000 0.300000
vt 0.625000 0.950000
vt 0.423740 0.969307
vt 0.625000 1.000000
vt 0.375000 1.000000
s 0
usemtl Wood_1
f 1401/1575/1746 1402/1576/1746 1386/1577/1746 1385/1578/1746
f 1409/1579/1747 1402/1580/1747 1384/1581/1747 1400/1582/1747
f 1404/1583/1748 1393/1584/1748 1392/1585/1748 1405/1586/1748
f 1405/1586/1749 1403/1587/1749 1387/1588/1749 1391/1589/1749
f 1397/1590/1750 1388/1591/1750 1392/1585/1750 1393/1584/1750 1431/1592/1750
f 1403/1587/1751 1406/1593/1751 1398/1594/1751 1387/1588/1751
f 1406/1593/1752 1407/1595/1752 1399/1596/1752 1437/1597/1752 1398/1594/1752
f 1395/1598/1753 1436/1599/1753 1394/1600/1753 1409/1579/1753 1408/1601/1753
f 1396/1602/1754 1439/1603/1754 1395/1598/1754 1408/1601/1754 1407/1595/1754
f 1397/1604/1752 1440/1605/1752 1396/1602/1752 1407/1595/1752 1406/1593/1752
f 1388/1591/1751 1397/1604/1751 1406/1593/1751 1403/1587/1751
f 1392/1585/1755 1388/1591/1755 1403/1587/1755 1405/1586/1755
f 1423/1606/1756 1431/1607/1756 1393/1584/1756 1404/1583/1756 1426/1608/1756
f 1389/1609/1757 1404/1583/1757 1405/1586/1757 1391/1589/1757
f 1394/1600/1758 1386/1610/1758 1402/1580/1758 1409/1579/1758
f 1383/1611/1759 1384/1612/1759 1402/1576/1759 1401/1575/1759
f 1408/1601/1754 1411/1613/1754 1410/1614/1754 1442/1615/1754 1399/1596/1754 1407/1595/1754
f 1411/1613/1753 1408/1601/1753 1409/1579/1753 1400/1582/1753 1433/1616/1753 1412/1617/1753
f 1389/1609/1760 1391/1589/1760 1387/1588/1760 1398/1618/1760 1438/1619/1760
f 1410/1620/1761 1411/1613/1761 1414/1621/1761 1413/1622/1761
f 1416/1623/1762 1415/1624/1762 1412/1625/1762 1433/1626/1762 1427/1627/1762 1419/1628/1762
f 1411/1613/1763 1412/1625/1763 1415/1624/1763 1414/1621/1763
f 1390/1629/1764 1418/1630/1764 1413/1622/1764 1414/1621/1764
f 1383/1631/1765 1401/1632/1765 1424/1633/1765 1427/1634/1765 1435/1635/1765
f 1420/1636/1766 1390/1591/1766 1416/1637/1766 1419/1638/1766
f 1390/1591/1767 1420/1636/1767 1417/1639/1767 1418/1640/1767
f 1390/1641/1768 1414/1621/1768 1415/1624/1768 1416/1623/1768
f 1385/1642/1769 1430/1643/1769 1421/1644/1769 1424/1633/1769 1401/1632/1769
f 1421/1644/1770 1432/1645/1770 1422/1646/1770 1425/1647/1770 1424/1633/1770
f 1422/1646/1771 1434/1648/1771 1423/1606/1771 1426/1608/1771 1425/1647/1771
f 1427/1634/1772 1424/1633/1772 1425/1647/1772 1429/1649/1772 1417/1650/1772 1420/1651/1772 1419/1652/1772
f 1429/1649/1773 1425/1647/1773 1426/1608/1773 1428/1653/1773 1441/1654/1773
f 1428/1653/1774 1426/1608/1774 1404/1583/1774 1389/1609/1774 1438/1655/1774
f 1438/1619/1775 1398/1618/1775 1437/1656/1775 1428/1657/1775
f 1428/1657/1776 1437/1656/1776 1399/1658/1776 1441/1659/1776
f 1441/1659/1777 1399/1658/1777 1442/1660/1777 1429/1661/1777
f 1429/1661/1778 1442/1660/1778 1410/1620/1778 1413/1622/1778 1418/1662/1778 1417/1663/1778
f 1431/1592/1779 1423/1664/1779 1440/1665/1779 1397/1590/1779
f 1440/1665/1780 1423/1664/1780 1434/1666/1780 1396/1667/1780
f 1396/1667/1781 1434/1666/1781 1422/1668/1781 1439/1669/1781
f 1439/1669/1782 1422/1668/1782 1432/1670/1782 1395/1671/1782
f 1395/1671/1783 1432/1670/1783 1421/1672/1783 1436/1673/1783
f 1436/1673/1784 1421/1672/1784 1430/1674/1784 1394/1675/1784
f 1394/1675/1785 1430/1674/1785 1385/1578/1785 1386/1577/1785
f 1427/1627/1786 1433/1626/1786 1400/1676/1786 1435/1677/1786
f 1435/1677/1787 1400/1676/1787 1384/1678/1787 1383/1679/1787
o Cube.008
v -1.529822 3.656517 -2.251590
v 1.472479 3.649624 -2.249342
v -1.529822 3.529364 -2.100055
v 1.472479 3.535526 -2.113365
v -1.529822 3.504982 -2.378742
v 1.472479 3.513647 -2.363441
v -1.529822 3.377829 -2.227207
v 1.472479 3.399549 -2.227463
v 0.284817 3.504388 -2.219856
v -0.482464 3.388944 -2.123096
v 0.308239 3.219798 -2.180444
v -0.470025 3.244534 -2.264604
v 0.308239 3.346951 -2.331978
v -0.470025 3.371686 -2.416138
v 0.430648 3.385155 -2.065828
v 0.300092 3.322478 -2.107504
v 0.203006 3.370275 -2.067726
v 0.291668 3.424823 -2.121630
v -1.529822 3.580749 -2.315166
v 1.472479 3.581635 -2.306391
v -0.481696 3.443075 -2.346199
v 0.296530 3.425659 -2.275918
v -0.476244 3.316736 -2.193850
v 0.302401 3.293367 -2.128183
v 1.140049 3.429689 -2.165748
v 1.472479 3.495483 -2.146964
v 1.472479 3.490987 -2.198360
v 1.472479 3.439591 -2.193864
v -1.529822 3.479446 -2.141941
v -1.137301 3.395552 -2.173923
v -1.529822 3.427747 -2.185322
v -1.529823 3.475287 -2.189481
v -0.542565 3.519524 -2.275568
v -0.489038 3.487974 -2.302219
v -0.444336 3.514097 -2.276375
v -0.491330 3.490995 -2.247601
v 1.055929 3.590668 -2.240829
v 1.064046 3.339463 -2.214114
v 1.064046 3.453561 -2.350092
v 1.059988 3.522115 -2.295460
v -1.529822 3.656517 0.894840
v 1.472479 3.649624 0.894816
v -1.529823 3.529364 0.743304
v 1.472479 3.535526 0.758839
v -1.529823 3.504982 1.021992
v 1.472479 3.513648 1.008915
v -1.529822 3.377830 0.870458
v 1.472479 3.399549 0.872937
v 0.284817 3.504388 0.829517
v -0.482463 3.388945 0.734248
v 0.308239 3.219799 0.790462
v -0.470025 3.244533 0.875533
v 0.308239 3.346951 0.941997
v -0.470025 3.371686 1.027068
v 0.430649 3.385155 0.678091
v 0.300091 3.322478 0.717395
v 0.203007 3.370275 0.676328
v 0.291669 3.424824 0.731394
v -1.529822 3.580749 0.958416
v 1.472479 3.581636 0.951866
v -0.481696 3.443075 0.957337
v 0.296530 3.425659 0.885756
v -0.476244 3.316735 0.804891
v 0.302402 3.293366 0.738110
v 1.140049 3.429689 0.800846
v 1.472479 3.495484 0.792438
v 1.472479 3.490987 0.843835
v 1.472479 3.439591 0.839338
v -1.529822 3.479446 0.785190
v -1.137299 3.395552 0.803960
v -1.529822 3.427747 0.828571
v -1.529822 3.475287 0.832731
v -0.542565 3.519524 0.887881
v -0.489037 3.487974 0.913492
v -0.444336 3.514098 0.886864
v -0.491330 3.490994 0.858916
v 1.055929 3.590668 0.872741
v 1.064046 3.339463 0.846337
v 1.064046 3.453562 0.982313
v 1.059988 3.522115 0.927527
vn -0.3459 0.1003 0.9329
vn 0.0913 -0.7628 -0.6401
vn -0.1078 0.6275 -0.7711
vn 0.0814 0.0869 0.9929
vn -0.1182 -0.7607 -0.6383
vn 0.0451 -0.7653 -0.6421
vn -0.2016 -0.9757 0.0854
vn 0.4401 0.1582 0.8839
vn -0.0765 -0.6874 0.7223
vn -0.0781 0.7703 0.6329
vn 0.0925 0.6486 -0.7555
vn 0.0626 0.6734 -0.7367
vn -0.1141 0.6269 -0.7707
vn -0.0928 -0.6466 0.7571
vn 0.1888 -0.9783 0.0856
vn 0.1190 -0.5616 0.8188
vn 1.0000 -0.0000 -0.0000
vn 0.1329 -0.7120 0.6895
vn -0.0218 0.0871 0.9960
vn -1.0000 -0.0000 -0.0000
vn -0.0663 -0.6529 0.7545
vn -0.0648 -0.6960 0.7151
vn -0.4736 0.8781 -0.0684
vn 0.1187 0.7689 0.6282
vn 0.0712 0.6760 -0.7335
vn -0.0361 0.7689 0.6383
vn 0.0747 0.6354 -0.7686
vn 0.4975 0.8670 -0.0271
vn -0.0989 0.5911 -0.8005
vn -0.0916 0.5920 -0.8007
vn 0.0923 -0.7628 -0.6400
vn -0.3310 0.1011 -0.9382
vn 0.0707 -0.7641 0.6412
vn -0.1325 0.6257 0.7687
vn 0.1120 0.0866 -0.9899
vn -0.0989 -0.7623 0.6396
vn 0.0459 -0.7652 0.6421
vn -0.2043 -0.9752 -0.0853
vn 0.4494 0.1573 -0.8794
vn -0.0778 -0.6910 -0.7186
vn -0.0591 0.7721 -0.6327
vn 0.0936 0.6486 0.7554
vn 0.0851 0.6726 0.7351
vn -0.1387 0.6250 0.7682
vn -0.0938 -0.6466 -0.7571
vn 0.1914 -0.9778 -0.0856
vn 0.1431 -0.5574 -0.8178
vn 0.1539 -0.7134 -0.6837
vn -0.0552 0.0870 -0.9947
vn -0.0887 -0.6484 -0.7562
vn -0.0868 -0.6984 -0.7104
vn -0.4727 0.8786 0.0685
vn 0.0995 0.7699 -0.6304
vn 0.0939 0.6766 0.7303
vn -0.0375 0.7695 -0.6375
vn 0.0759 0.6377 0.7666
vn 0.4979 0.8668 0.0270
vn -0.1219 0.5892 0.7988
vn -0.1145 0.5901 0.7991
vn 0.0736 -0.7640 0.6410
vt 0.552977 0.250000
vt 0.541667 0.339943
vt 0.541667 0.160144
vt 0.595732 0.500000
vt 0.625000 0.500000
vt 0.625000 0.750000
vt 0.595732 0.750000
vt 0.595732 0.875000
vt 0.625000 0.875000
vt 0.625000 1.000000
vt 0.595732 1.000000
vt 0.627340 0.428721
vt 0.596768 0.378496
vt 0.750000 0.551381
vt 0.375000 0.500000
vt 0.458333 0.500000
vt 0.458333 0.750000
vt 0.375000 0.750000
vt 0.541667 0.500000
vt 0.541667 0.750000
vt 0.207353 0.500000
vt 0.406895 0.375000
vt 0.250000 0.542647
vt 0.533885 0.250000
vt 0.458333 0.250000
vt 0.541667 0.385320
vt 0.458333 0.375000
vt 0.541667 0.000000
vt 0.595732 0.000000
vt 0.625000 0.000000
vt 0.625000 0.250000
vt 0.541667 0.875000
vt 0.458333 0.875000
vt 0.375000 0.875000
vt 0.625000 0.323619
vt 0.750000 0.551381
vt 0.801381 0.500000
vt 0.875000 0.500000
vt 0.875000 0.750000
vt 0.750000 0.750000
vt 0.698619 0.500000
vt 0.299112 0.493535
vt 0.125000 0.500000
vt 0.250000 0.750000
vt 0.125000 0.750000
vt 0.375000 0.250000
vt 0.375000 0.332353
vt 0.375000 0.417647
vt 0.458333 0.953600
vt 0.462384 0.013520
vt 0.458333 0.046773
vt 0.375000 0.000000
vt 0.454233 0.000000
vt 0.454233 1.000000
vt 0.375000 1.000000
vt 0.541667 1.000000
vt 0.462384 1.000000
s 0
usemtl Wood_1
f 1457/1680/1788 1460/1682/1788 1458/1681/1788
f 1480/1683/1789 1481/1686/1789 1448/1685/1789 1450/1684/1789
f 1482/1687/1790 1479/1690/1790 1444/1689/1790 1462/1688/1790
f 1470/1691/1791 1469/1693/1791 1467/1692/1791
f 1449/1694/1792 1447/1697/1792 1456/1696/1792 1454/1695/1792
f 1454/1695/1793 1456/1696/1793 1455/1699/1793 1453/1698/1793
f 1471/1700/1794 1474/1702/1794 1472/1701/1794
f 1458/1681/1795 1460/1682/1795 1459/1703/1795
f 1452/1704/1796 1465/1706/1796 1466/1705/1796 1458/1681/1796 1459/1703/1796
f 1451/1707/1797 1460/1682/1797 1457/1680/1797 1446/1710/1797 1444/1709/1797 1479/1708/1797
f 1456/1696/1798 1463/1712/1798 1464/1711/1798 1455/1699/1798
f 1447/1697/1799 1461/1713/1799 1463/1712/1799 1456/1696/1799
f 1481/1686/1800 1482/1687/1800 1462/1688/1800 1448/1685/1800
f 1465/1706/1801 1454/1695/1801 1453/1698/1801 1466/1705/1801
f 1467/1692/1802 1469/1693/1802 1468/1714/1802
f 1466/1705/1803 1453/1698/1803 1480/1683/1803 1450/1684/1803 1470/1691/1803 1467/1692/1803
f 1469/1715/1804 1462/1719/1804 1444/1718/1804 1446/1717/1804 1468/1716/1804
f 1450/1684/1804 1448/1685/1804 1462/1719/1804 1469/1715/1804 1470/1720/1804
f 1458/1681/1805 1466/1705/1805 1467/1692/1805 1468/1714/1805 1446/1710/1805 1457/1680/1805
f 1472/1701/1806 1474/1702/1806 1473/1721/1806
f 1445/1722/1807 1443/1724/1807 1461/1723/1807 1474/1702/1807 1471/1700/1807
f 1445/1725/1808 1471/1726/1808 1472/1701/1808 1465/1706/1808 1452/1704/1808
f 1474/1702/1807 1461/1723/1807 1447/1697/1807 1449/1694/1807 1473/1721/1807
f 1473/1727/1809 1449/1694/1809 1454/1695/1809 1465/1706/1809 1472/1701/1809
f 1476/1728/1810 1478/1730/1810 1477/1729/1810
f 1443/1731/1811 1445/1725/1811 1452/1704/1811 1478/1730/1811 1475/1732/1811
f 1461/1713/1812 1443/1734/1812 1475/1733/1812 1476/1728/1812 1463/1712/1812
f 1478/1730/1813 1452/1704/1813 1459/1703/1813 1460/1682/1813 1451/1707/1813 1477/1729/1813
f 1463/1712/1814 1476/1728/1814 1477/1736/1814 1451/1735/1814 1464/1711/1814
f 1475/1732/1815 1478/1730/1815 1476/1728/1815
f 1455/1699/1816 1464/1711/1816 1482/1687/1816 1481/1686/1816
f 1464/1711/1817 1451/1735/1817 1479/1690/1817 1482/1687/1817
f 1453/1698/1818 1455/1699/1818 1481/1686/1818 1480/1683/1818
f 1497/1680/1819 1498/1681/1819 1500/1682/1819
f 1520/1683/1820 1490/1684/1820 1488/1685/1820 1521/1686/1820
f 1522/1687/1821 1502/1688/1821 1484/1689/1821 1519/1690/1821
f 1510/1691/1822 1507/1692/1822 1509/1693/1822
f 1489/1694/1823 1494/1695/1823 1496/1696/1823 1487/1697/1823
f 1494/1695/1824 1493/1698/1824 1495/1699/1824 1496/1696/1824
f 1511/1700/1825 1512/1701/1825 1514/1702/1825
f 1498/1681/1826 1499/1703/1826 1500/1682/1826
f 1492/1704/1827 1499/1703/1827 1498/1681/1827 1506/1705/1827 1505/1706/1827
f 1491/1707/1828 1519/1708/1828 1484/1709/1828 1486/1710/1828 1497/1680/1828 1500/1682/1828
f 1496/1696/1829 1495/1699/1829 1504/1711/1829 1503/1712/1829
f 1487/1697/1830 1496/1696/1830 1503/1712/1830 1501/1713/1830
f 1521/1686/1831 1488/1685/1831 1502/1688/1831 1522/1687/1831
f 1505/1706/1832 1506/1705/1832 1493/1698/1832 1494/1695/1832
f 1507/1692/1833 1508/1714/1833 1509/1693/1833
f 1506/1705/1834 1507/1692/1834 1510/1691/1834 1490/1684/1834 1520/1683/1834 1493/1698/1834
f 1509/1715/1804 1508/1716/1804 1486/1717/1804 1484/1718/1804 1502/1719/1804
f 1490/1684/1804 1510/1720/1804 1509/1715/1804 1502/1719/1804 1488/1685/1804
f 1498/1681/1835 1497/1680/1835 1486/1710/1835 1508/1714/1835 1507/1692/1835 1506/1705/1835
f 1512/1701/1836 1513/1721/1836 1514/1702/1836
f 1485/1722/1807 1511/1700/1807 1514/1702/1807 1501/1723/1807 1483/1724/1807
f 1485/1725/1837 1492/1704/1837 1505/1706/1837 1512/1701/1837 1511/1726/1837
f 1514/1702/1807 1513/1721/1807 1489/1694/1807 1487/1697/1807 1501/1723/1807
f 1513/1727/1838 1512/1701/1838 1505/1706/1838 1494/1695/1838 1489/1694/1838
f 1516/1728/1839 1517/1729/1839 1518/1730/1839
f 1483/1731/1840 1515/1732/1840 1518/1730/1840 1492/1704/1840 1485/1725/1840
f 1501/1713/1841 1503/1712/1841 1516/1728/1841 1515/1733/1841 1483/1734/1841
f 1518/1730/1842 1517/1729/1842 1491/1707/1842 1500/1682/1842 1499/1703/1842 1492/1704/1842
f 1503/1712/1843 1504/1711/1843 1491/1735/1843 1517/1736/1843 1516/1728/1843
f 1515/1732/1844 1516/1728/1844 1518/1730/1844
f 1495/1699/1845 1521/1686/1845 1522/1687/1845 1504/1711/1845
f 1504/1711/1846 1522/1687/1846 1519/1690/1846 1491/1735/1846
f 1493/1698/1847 1520/1683/1847 1521/1686/1847 1495/1699/1847
o Cube.018
v -1.225329 4.004416 -0.813191
v -1.225329 4.185463 -0.815853
v -1.225329 3.480106 -2.105946
v -1.225329 3.606159 -2.258485
v -1.090790 3.986248 -0.815646
v -1.090790 4.167295 -0.818308
v -1.090790 3.461937 -2.108401
v -1.090790 3.587991 -2.260940
v -1.225329 3.480106 -2.105946
v -1.225329 3.606159 -2.258485
v -1.090790 3.461937 -2.108401
v -1.090790 3.587991 -2.260940
v -1.210895 3.634420 -1.675290
v -1.225329 3.829646 -1.244109
v -1.225329 3.992362 -1.296730
v -1.210895 3.778804 -1.777870
v -1.090790 3.811478 -1.246564
v -1.076357 3.616268 -1.677743
v -1.076357 3.760652 -1.780324
v -1.090790 3.974194 -1.299185
v 1.431536 4.046060 -0.807563
v 1.431536 4.227107 -0.810225
v 1.431536 3.521749 -2.100317
v 1.431536 3.647802 -2.252857
v 1.302083 4.032279 -0.809425
v 1.302084 4.213326 -0.812087
v 1.302083 3.507968 -2.102180
v 1.302084 3.634021 -2.254719
v 1.431536 3.521749 -2.100317
v 1.431536 3.647802 -2.252857
v 1.302083 3.507968 -2.102180
v 1.302084 3.634021 -2.254719
v 1.417620 3.676701 -1.669576
v 1.431536 3.871289 -1.238481
v 1.431536 4.034005 -1.291102
v 1.417620 3.821085 -1.772156
v 1.302083 3.857508 -1.240343
v 1.288224 3.662561 -1.671486
v 1.288224 3.806946 -1.774067
v 1.302084 4.020224 -1.292964
v -1.225329 4.004417 -0.553554
v -1.225329 4.185464 -0.550892
v -1.225329 3.480106 0.739200
v -1.225329 3.606159 0.891740
v -1.090789 3.986248 -0.556010
v -1.090789 4.167295 -0.553348
v -1.090789 3.461937 0.736745
v -1.090789 3.587991 0.889285
v -1.225329 3.480106 0.739200
v -1.225329 3.606159 0.891740
v -1.090789 3.461937 0.736745
v -1.090789 3.587991 0.889285
v -1.210894 3.634419 0.308020
v -1.225329 3.829646 -0.122636
v -1.225329 3.992362 -0.070015
v -1.210894 3.778804 0.410600
v -1.090789 3.811478 -0.125091
v -1.076357 3.616268 0.305566
v -1.076357 3.760653 0.408147
v -1.090789 3.974194 -0.072470
v 1.431536 4.046060 -0.547926
v 1.431537 4.227107 -0.545264
v 1.431537 3.521749 0.744829
v 1.431536 3.647803 0.897368
v 1.302083 4.032279 -0.549789
v 1.302083 4.213326 -0.547127
v 1.302084 3.507968 0.742966
v 1.302083 3.634021 0.895505
v 1.431537 3.521749 0.744829
v 1.431536 3.647803 0.897368
v 1.302084 3.507968 0.742966
v 1.302083 3.634021 0.895505
v 1.417619 3.676701 0.313734
v 1.431536 3.871290 -0.117008
v 1.431536 4.034006 -0.064387
v 1.417619 3.821085 0.416314
v 1.302083 3.857508 -0.118871
v 1.288224 3.662561 0.311822
v 1.288223 3.806946 0.414403
v 1.302085 4.020225 -0.066249
vn -0.9995 0.0223 0.0237
vn 1.0000 -0.0000 -0.0000
vn 0.0202 0.0147 0.9997
vn -0.1175 -0.9203 0.3732
vn 0.1177 0.9215 -0.3700
vn -0.1150 -0.7657 -0.6328
vn 0.1198 0.9332 -0.3388
vn 0.1154 0.9092 -0.4001
vn -0.1198 -0.9333 0.3385
vn -0.1149 -0.9064 0.4065
vn 0.9995 -0.0223 -0.0237
vn 0.9996 0.0130 0.0258
vn -1.0000 -0.0000 -0.0000
vn -0.9996 -0.0130 -0.0258
vn 0.9995 0.0215 0.0228
vn -0.0159 0.0147 0.9998
vn 0.0928 -0.9227 0.3742
vn -0.0930 0.9240 -0.3710
vn 0.0909 -0.7677 -0.6344
vn -0.0960 0.9356 -0.3397
vn -0.0925 0.9114 -0.4010
vn 0.0960 -0.9358 0.3393
vn 0.0921 -0.9086 0.4075
vn -0.9995 -0.0214 -0.0227
vn -0.9996 0.0125 0.0248
vn 0.9996 -0.0126 -0.0249
vn -0.9995 0.0223 -0.0236
vn -0.0163 0.0147 -0.9998
vn -0.1309 -0.9187 -0.3726
vn 0.1310 0.9200 0.3694
vn -0.0921 -0.7676 0.6343
vn 0.1319 0.9317 0.3383
vn 0.1298 0.9076 0.3994
vn -0.1319 -0.9319 -0.3379
vn -0.1295 -0.9047 -0.4058
vn 0.9995 -0.0223 0.0236
vn 0.9996 0.0130 -0.0258
vn -0.9996 -0.0130 0.0258
vn 0.9995 0.0215 -0.0228
vn 0.0128 0.0147 -0.9998
vn 0.1035 -0.9217 -0.3738
vn -0.1036 0.9230 0.3706
vn 0.0727 -0.7688 0.6353
vn -0.1058 0.9347 0.3394
vn -0.1040 0.9103 0.4006
vn 0.1058 -0.9348 -0.3390
vn 0.1038 -0.9075 -0.4070
vn -0.9995 -0.0214 0.0227
vn -0.9996 0.0125 -0.0248
vn 0.9996 -0.0126 0.0249
vt 0.375000 0.166667
vt 0.625000 0.166667
vt 0.625000 0.250000
vt 0.375000 0.250000
vt 0.375000 0.666667
vt 0.625000 0.666667
vt 0.625000 0.750000
vt 0.375000 0.750000
vt 0.625000 1.000000
vt 0.375000 1.000000
vt 0.125000 0.666667
vt 0.125000 0.750000
vt 0.875000 0.666667
vt 0.875000 0.750000
vt 0.625000 0.500000
vt 0.375000 0.500000
vt 0.875000 0.500000
vt 0.875000 0.583333
vt 0.625000 0.583333
vt 0.125000 0.500000
vt 0.375000 0.583333
vt 0.125000 0.583333
vt 0.375000 0.000000
vt 0.625000 0.000000
vt 0.625000 0.083333
vt 0.375000 0.083333
s 0
usemtl Wood_1
f 1535/1737/1848 1538/1738/1848 1526/1739/1848 1525/1740/1848
f 1539/1741/1849 1542/1742/1849 1528/1743/1849 1527/1744/1849
f 1527/1744/1850 1528/1743/1850 1524/1745/1850 1523/1746/1850
f 1536/1747/1851 1539/1741/1851 1527/1744/1851 1523/1748/1851
f 1542/1742/1852 1537/1749/1852 1524/1750/1852 1528/1743/1852
f 1531/1740/1853 1532/1739/1853 1534/1751/1853 1533/1752/1853
f 1530/1751/1854 1526/1753/1854 1538/1754/1854 1541/1755/1854
f 1541/1755/1855 1538/1754/1855 1537/1749/1855 1542/1742/1855
f 1525/1756/1856 1529/1752/1856 1540/1757/1856 1535/1758/1856
f 1535/1758/1857 1540/1757/1857 1539/1741/1857 1536/1747/1857
f 1529/1752/1858 1530/1751/1858 1541/1755/1858 1540/1757/1858
f 1540/1757/1859 1541/1755/1859 1542/1742/1859 1539/1741/1859
f 1523/1759/1860 1524/1760/1860 1537/1761/1860 1536/1762/1860
f 1536/1762/1861 1537/1761/1861 1538/1738/1861 1535/1737/1861
f 1555/1737/1862 1545/1740/1862 1546/1739/1862 1558/1738/1862
f 1559/1741/1860 1547/1744/1860 1548/1743/1860 1562/1742/1860
f 1547/1744/1863 1543/1746/1863 1544/1745/1863 1548/1743/1863
f 1556/1747/1864 1543/1748/1864 1547/1744/1864 1559/1741/1864
f 1562/1742/1865 1548/1743/1865 1544/1750/1865 1557/1749/1865
f 1551/1740/1866 1553/1752/1866 1554/1751/1866 1552/1739/1866
f 1550/1751/1867 1561/1755/1867 1558/1754/1867 1546/1753/1867
f 1561/1755/1868 1562/1742/1868 1557/1749/1868 1558/1754/1868
f 1545/1756/1869 1555/1758/1869 1560/1757/1869 1549/1752/1869
f 1555/1758/1870 1556/1747/1870 1559/1741/1870 1560/1757/1870
f 1549/1752/1871 1560/1757/1871 1561/1755/1871 1550/1751/1871
f 1560/1757/1872 1559/1741/1872 1562/1742/1872 1561/1755/1872
f 1543/1759/1849 1556/1762/1849 1557/1761/1849 1544/1760/1849
f 1556/1762/1873 1555/1737/1873 1558/1738/1873 1557/1761/1873
f 1575/1737/1874 1565/1740/1874 1566/1739/1874 1578/1738/1874
f 1579/1741/1849 1567/1744/1849 1568/1743/1849 1582/1742/1849
f 1567/1744/1875 1563/1746/1875 1564/1745/1875 1568/1743/1875
f 1576/1747/1876 1563/1748/1876 1567/1744/1876 1579/1741/1876
f 1582/1742/1877 1568/1743/1877 1564/1750/1877 1577/1749/1877
f 1571/1740/1878 1573/1752/1878 1574/1751/1878 1572/1739/1878
f 1570/1751/1879 1581/1755/1879 1578/1754/1879 1566/1753/1879
f 1581/1755/1880 1582/1742/1880 1577/1749/1880 1578/1754/1880
f 1565/1756/1881 1575/1758/1881 1580/1757/1881 1569/1752/1881
f 1575/1758/1882 1576/1747/1882 1579/1741/1882 1580/1757/1882
f 1569/1752/1883 1580/1757/1883 1581/1755/1883 1570/1751/1883
f 1580/1757/1884 1579/1741/1884 1582/1742/1884 1581/1755/1884
f 1563/1759/1860 1576/1762/1860 1577/1761/1860 1564/1760/1860
f 1576/1762/1885 1575/1737/1885 1578/1738/1885 1577/1761/1885
f 1595/1737/1886 1598/1738/1886 1586/1739/1886 1585/1740/1886
f 1599/1741/1860 1602/1742/1860 1588/1743/1860 1587/1744/1860
f 1587/1744/1887 1588/1743/1887 1584/1745/1887 1583/1746/1887
f 1596/1747/1888 1599/1741/1888 1587/1744/1888 1583/1748/1888
f 1602/1742/1889 1597/1749/1889 1584/1750/1889 1588/1743/1889
f 1591/1740/1890 1592/1739/1890 1594/1751/1890 1593/1752/1890
f 1590/1751/1891 1586/1753/1891 1598/1754/1891 1601/1755/1891
f 1601/1755/1892 1598/1754/1892 1597/1749/1892 1602/1742/1892
f 1585/1756/1893 1589/1752/1893 1600/1757/1893 1595/1758/1893
f 1595/1758/1894 1600/1757/1894 1599/1741/1894 1596/1747/1894
f 1589/1752/1895 1590/1751/1895 1601/1755/1895 1600/1757/1895
f 1600/1757/1896 1601/1755/1896 1602/1742/1896 1599/1741/1896
f 1583/1759/1849 1584/1760/1849 1597/1761/1849 1596/1762/1849
f 1596/1762/1897 1597/1761/1897 1598/1738/1897 1595/1737/1897
o Cube.019
v 1.258579 0.412250 -0.805294
v 1.258579 0.691630 -0.805294
v 1.258579 -0.045590 -1.061783
v 1.258579 -0.040914 -1.347933
v 1.480998 0.412250 -0.805294
v 1.480998 0.691630 -0.805294
v 1.480998 -0.045590 -1.061783
v 1.480998 0.270902 -1.116953
v 1.480998 -0.043232 -1.206097
v 1.422854 -0.040914 -1.347933
vn -1.0000 -0.0000 -0.0000
vn -0.0000 -0.0000 1.0000
vn -0.0000 -0.4887 0.8724
vn 0.9206 0.1066 -0.3757
vn -0.0000 0.5952 -0.8036
vn -0.0000 -0.9999 -0.0163
vn 1.0000 -0.0000 -0.0000
vt 0.375000 0.000000
vt 0.625000 0.000000
vt 0.625000 0.250000
vt 0.375000 0.250000
vt 0.375000 0.750000
vt 0.625000 0.750000
vt 0.625000 1.000000
vt 0.375000 1.000000
vt 0.125000 0.500000
vt 0.375000 0.500000
vt 0.125000 0.750000
vt 0.625000 0.606415
vt 0.501083 0.500000
vt 0.674320 0.483966
vt 0.875000 0.500000
vt 0.875000 0.750000
s 0
usemtl Wood_1
f 1603/1763/1898 1604/1764/1898 1606/1765/1898 1605/1766/1898
f 1607/1767/1899 1608/1768/1899 1604/1769/1899 1603/1770/1899
f 1605/1771/1900 1609/1772/1900 1607/1767/1900 1603/1773/1900
f 1610/1774/1901 1611/1775/1901 1612/1776/1901
f 1610/1774/1902 1612/1776/1902 1606/1777/1902 1604/1778/1902 1608/1768/1902
f 1605/1766/1903 1606/1765/1903 1612/1776/1903 1611/1775/1903 1609/1772/1903
f 1609/1772/1904 1611/1775/1904 1610/1774/1904 1608/1768/1904 1607/1767/1904
o Cube.020
v -1.105589 0.412250 -0.584583
v -1.105589 0.691630 -0.584583
v -1.105589 -0.045590 -0.328095
v -1.105589 -0.040914 -0.041945
v -1.328008 0.412250 -0.584583
v -1.328008 0.691630 -0.584583
v -1.328008 -0.045590 -0.328095
v -1.328008 0.270902 -0.272925
v -1.328007 -0.043232 -0.183780
v -1.269864 -0.040914 -0.041945
vn 1.0000 -0.0000 -0.0000
vn -0.0000 -0.0000 -1.0000
vn -0.0000 -0.4887 -0.8724
vn -0.9206 0.1066 0.3757
vn -0.0000 0.5952 0.8036
vn -0.0000 -0.9999 0.0163
vn -1.0000 -0.0000 -0.0000
vt 0.375000 0.000000
vt 0.625000 0.000000
vt 0.625000 0.250000
vt 0.375000 0.250000
vt 0.375000 0.750000
vt 0.625000 0.750000
vt 0.625000 1.000000
vt 0.375000 1.000000
vt 0.125000 0.500000
vt 0.375000 0.500000
vt 0.125000 0.750000
vt 0.625000 0.606415
vt 0.501083 0.500000
vt 0.674320 0.483966
vt 0.875000 0.500000
vt 0.875000 0.750000
s 0
usemtl Wood_1
f 1613/1779/1905 1614/1780/1905 1616/1781/1905 1615/1782/1905
f 1617/1783/1906 1618/1784/1906 1614/1785/1906 1613/1786/1906
f 1615/1787/1907 1619/1788/1907 1617/1783/1907 1613/1789/1907
f 1620/1790/1908 1621/1791/1908 1622/1792/1908
f 1620/1790/1909 1622/1792/1909 1616/1793/1909 1614/1794/1909 1618/1784/1909
f 1615/1782/1910 1616/1781/1910 1622/1792/1910 1621/1791/1910 1619/1788/1910
f 1619/1788/1911 1621/1791/1911 1620/1790/1911 1618/1784/1911 1617/1783/1911
o Cube.007
v -1.068629 3.826706 -1.239318
v -1.068629 3.762638 -1.404343
v -1.068629 3.521646 -0.799601
v -1.068629 3.344621 -0.799601
v -1.249534 3.851078 -1.236025
v -1.249534 3.787009 -1.401050
v -1.249534 3.546018 -0.796307
v -1.249534 3.368992 -0.796307
v 1.280803 3.873124 -1.233045
v 1.280802 3.809056 -1.398070
v 1.280802 3.568064 -0.793327
v 1.280804 3.391039 -0.793327
v 1.454893 3.891561 -1.230553
v 1.454892 3.827493 -1.395578
v 1.454893 3.586501 -0.790836
v 1.454893 3.409476 -0.790836
v -1.068629 3.826706 -0.133137
v -1.068629 3.762638 0.031889
v -1.068629 3.521646 -0.572854
v -1.068629 3.344621 -0.572854
v -1.249534 3.851078 -0.129843
v -1.249534 3.787009 0.035182
v -1.249534 3.546018 -0.569561
v -1.249535 3.368992 -0.569560
v 1.280802 3.873124 -0.126863
v 1.280803 3.809056 0.038162
v 1.280803 3.568064 -0.566581
v 1.280803 3.391039 -0.566581
v 1.454892 3.891561 -0.124372
v 1.454893 3.827493 0.040653
v 1.454892 3.586501 -0.564089
v 1.454892 3.409476 -0.564089
vn 1.0000 -0.0000 -0.0000
vn 0.0182 -0.0000 0.9998
vn -1.0000 -0.0000 -0.0000
vn 0.1182 0.9257 -0.3594
vn 0.1202 0.8157 0.5659
vn -0.1203 -0.8166 -0.5645
vn -0.0143 -0.0000 0.9999
vn -0.0931 0.9282 -0.3603
vn -0.0947 0.8179 0.5675
vn 0.0948 -0.8189 -0.5660
vn -0.0182 -0.0000 -0.9998
vn 0.1310 0.9242 0.3588
vn 0.0998 0.8175 -0.5672
vn -0.1000 -0.8185 0.5658
vn 0.0143 -0.0000 -0.9999
vn -0.1033 0.9272 0.3600
vn -0.0786 0.8191 -0.5683
vn 0.0787 -0.8201 0.5668
vt 0.375000 0.000000
vt 0.625000 0.000000
vt 0.625000 0.250000
vt 0.375000 0.250000
vt 0.625000 0.500000
vt 0.375000 0.500000
vt 0.625000 0.750000
vt 0.375000 0.750000
vt 0.625000 1.000000
vt 0.375000 1.000000
vt 0.125000 0.500000
vt 0.125000 0.750000
vt 0.875000 0.500000
vt 0.875000 0.750000
s 0
usemtl Wood_1
f 1623/1795/1912 1625/1798/1912 1626/1797/1912 1624/1796/1912
f 1625/1798/1913 1629/1800/1913 1630/1799/1913 1626/1797/1913
f 1629/1800/1914 1627/1802/1914 1628/1801/1914 1630/1799/1914
f 1627/1802/1915 1623/1804/1915 1624/1803/1915 1628/1801/1915
f 1625/1805/1916 1623/1806/1916 1627/1802/1916 1629/1800/1916
f 1630/1799/1917 1628/1801/1917 1624/1808/1917 1626/1807/1917
f 1631/1795/1914 1632/1796/1914 1634/1797/1914 1633/1798/1914
f 1633/1798/1918 1634/1797/1918 1638/1799/1918 1637/1800/1918
f 1637/1800/1912 1638/1799/1912 1636/1801/1912 1635/1802/1912
f 1635/1802/1919 1636/1801/1919 1632/1803/1919 1631/1804/1919
f 1633/1805/1920 1637/1800/1920 1635/1802/1920 1631/1806/1920
f 1638/1799/1921 1634/1807/1921 1632/1808/1921 1636/1801/1921
f 1639/1795/1912 1640/1796/1912 1642/1797/1912 1641/1798/1912
f 1641/1798/1922 1642/1797/1922 1646/1799/1922 1645/1800/1922
f 1645/1800/1914 1646/1799/1914 1644/1801/1914 1643/1802/1914
f 1643/1802/1923 1644/1801/1923 1640/1803/1923 1639/1804/1923
f 1641/1805/1924 1645/1800/1924 1643/1802/1924 1639/1806/1924
f 1646/1799/1925 1642/1807/1925 1640/1808/1925 1644/1801/1925
f 1647/1795/1914 1649/1798/1914 1650/1797/1914 1648/1796/1914
f 1649/1798/1926 1653/1800/1926 1654/1799/1926 1650/1797/1926
f 1653/1800/1912 1651/1802/1912 1652/1801/1912 1654/1799/1912
f 1651/1802/1927 1647/1804/1927 1648/1803/1927 1652/1801/1927
f 1649/1805/1928 1647/1806/1928 1651/1802/1928 1653/1800/1928
f 1654/1799/1929 1652/1801/1929 1648/1808/1929 1650/1807/1929
o Cylinder
v -1.491943 1.849130 -0.749557
v 1.954154 1.848513 -0.749198
v -1.491943 1.829312 -0.726475
v 1.960329 1.809825 -0.724596
v -1.491943 1.809066 -0.680166
v 1.954607 1.810443 -0.678694
v -1.491943 1.849130 -0.657035
v 1.942709 1.849747 -0.657395
v -1.491943 1.889193 -0.680166
v 1.936534 1.888435 -0.681996
v -1.491943 1.889193 -0.726427
v 1.942257 1.887817 -0.727898
v -0.345151 1.831728 -0.743072
v 0.801640 1.856259 -0.745047
v 0.801640 1.819779 -0.725580
v -0.345151 1.797281 -0.723184
v 0.801640 1.819579 -0.682622
v -0.345151 1.797281 -0.683408
v 0.801640 1.855388 -0.661947
v -0.345151 1.831728 -0.663521
v 0.801640 1.889977 -0.681863
v -0.345151 1.866174 -0.683408
v -0.345151 1.866174 -0.723184
v 1.194286 1.890511 -0.724811
v 0.801640 1.882347 -0.728800
v 0.250473 1.879171 -0.723592
v 0.801640 1.891003 -0.712580
vn -0.0051 -0.5061 -0.8625
vn -0.0083 -1.0000 0.0042
vn -0.0064 -0.4886 0.8725
vn -0.0000 0.5192 0.8546
vn 0.9663 0.2289 0.1174
vn -1.0000 -0.0000 -0.0000
vn 0.0125 0.5000 -0.8660
vn 0.0201 0.9998 -0.0000
vn 0.0125 0.5000 0.8660
vn -0.0115 0.4995 0.8663
vn -0.0027 -0.5000 0.8660
vn 0.0091 -0.5000 0.8660
vn -0.0186 -0.9733 -0.2289
vn 0.0195 -0.9998 -0.0024
vn -0.0100 -0.6208 -0.7839
vn 0.0083 -0.4852 -0.8744
vn -0.0112 0.8822 -0.4708
vn -0.0008 0.4985 -0.8669
vn -0.0213 0.9997 0.0147
vn -0.0119 0.5102 -0.8600
vn 0.0023 0.9999 0.0123
vt 1.000000 0.833333
vt 1.000000 1.000000
vt 0.833333 1.000000
vt 0.833333 0.833333
vt 0.666667 1.000000
vt 0.666667 0.833333
vt 0.500000 1.000000
vt 0.500000 0.833333
vt 0.333333 1.000000
vt 0.333333 0.833333
vt 0.457846 0.370000
vt 0.250000 0.490000
vt 0.042154 0.370000
vt 0.042154 0.130000
vt 0.250000 0.010000
vt 0.457846 0.130000
vt 0.750000 0.490000
vt 0.957846 0.370000
vt 0.957846 0.130000
vt 0.750000 0.010000
vt 0.542154 0.130000
vt 0.542154 0.370000
vt 0.166667 0.500000
vt 0.166667 0.666667
vt -0.000000 0.666667
vt -0.000000 0.500000
vt 0.333333 0.500000
vt 0.333333 0.666667
vt 0.500000 0.500000
vt 0.500000 0.666667
vt 0.666667 0.500000
vt 0.666667 0.666667
vt 0.833333 0.500000
vt 0.833333 0.666667
vt 1.000000 0.500000
vt 1.000000 0.666667
vt 0.166667 0.890398
vt 0.123880 0.833333
vt 0.166667 0.753230
vt 0.209453 0.833333
vt 0.166667 1.000000
vt -0.000000 1.000000
vt -0.000000 0.833333
s 0
usemtl Wood_1
f 1668/1809/1930 1656/1810/1930 1658/1811/1930 1669/1812/1930
f 1669/1812/1931 1658/1811/1931 1660/1813/1931 1671/1814/1931
f 1671/1814/1932 1660/1813/1932 1662/1815/1932 1673/1816/1932
f 1673/1816/1933 1662/1815/1933 1664/1817/1933 1675/1818/1933
f 1658/1819/1934 1656/1820/1934 1666/1821/1934 1664/1822/1934 1662/1823/1934 1660/1824/1934
f 1655/1825/1935 1657/1826/1935 1659/1827/1935 1661/1828/1935 1663/1829/1935 1665/1830/1935
f 1665/1831/1936 1677/1832/1936 1667/1833/1936 1655/1834/1936
f 1663/1835/1937 1676/1836/1937 1677/1832/1937 1665/1831/1937
f 1661/1837/1938 1674/1838/1938 1676/1836/1938 1663/1835/1938
f 1674/1838/1939 1673/1816/1939 1675/1818/1939 1676/1836/1939
f 1659/1839/1940 1672/1840/1940 1674/1838/1940 1661/1837/1940
f 1672/1840/1941 1671/1814/1941 1673/1816/1941 1674/1838/1941
f 1657/1841/1942 1670/1842/1942 1672/1840/1942 1659/1839/1942
f 1670/1842/1943 1669/1812/1943 1671/1814/1943 1672/1840/1943
f 1655/1843/1944 1667/1844/1944 1670/1842/1944 1657/1841/1944
f 1667/1844/1945 1668/1809/1945 1669/1812/1945 1670/1842/1945
f 1678/1845/1946 1679/1846/1946 1680/1847/1946 1681/1848/1946
f 1679/1846/1947 1678/1845/1947 1666/1849/1947 1656/1850/1947 1668/1851/1947
f 1676/1836/1948 1675/1818/1948 1681/1848/1948 1680/1847/1948 1677/1832/1948
f 1677/1832/1949 1680/1847/1949 1679/1846/1949 1668/1851/1949 1667/1833/1949
f 1675/1818/1950 1664/1817/1950 1666/1849/1950 1678/1845/1950 1681/1848/1950
o Cube.021
v 1.712707 1.317568 -0.562665
v 1.712707 1.317568 -0.843927
v 1.834232 1.317568 -0.562665
v 1.834232 1.317568 -0.843927
v 1.712707 1.253298 -0.703296
v 1.712707 2.068064 -0.703296
v 1.834232 1.253298 -0.703296
v 1.834232 2.068064 -0.703296
v 1.712707 2.053399 -0.819376
v 1.712707 1.986264 -0.843927
v 1.834232 1.986264 -0.843927
v 1.834232 2.053399 -0.819376
v 1.712707 1.982012 -0.562665
v 1.712707 2.053605 -0.588846
v 1.834232 2.053605 -0.588846
v 1.834232 1.982012 -0.562665
vn -0.0000 -0.9095 0.4157
vn -0.0000 -0.9095 -0.4157
vn -0.0000 0.3434 -0.9392
vn -0.0000 0.9921 -0.1253
vn -1.0000 -0.0000 -0.0000
vn -0.0000 -0.0000 -1.0000
vn 1.0000 -0.0000 -0.0000
vn -0.0000 0.3434 0.9392
vn -0.0000 -0.0000 1.0000
vn -0.0000 0.9921 0.1253
vt 0.125000 0.625000
vt 0.375000 0.625000
vt 0.375000 0.750000
vt 0.125000 0.750000
vt 0.125000 0.500000
vt 0.375000 0.500000
vt 0.625000 0.232422
vt 0.625000 0.519226
vt 0.603152 0.500000
vt 0.603152 0.250000
vt 0.875000 0.521822
vt 0.875000 0.625000
vt 0.625000 0.625000
vt 0.375000 0.125000
vt 0.625000 0.125000
vt 0.375000 0.250000
vt 0.625000 0.729675
vt 0.625000 1.000000
vt 0.601702 1.000000
vt 0.601702 0.750000
vt 0.375000 0.000000
vt 0.601702 0.000000
vt 0.625000 0.023271
vt 0.375000 1.000000
vt 0.875000 0.726729
s 0
usemtl Wood_1
f 1686/1852/1951 1688/1853/1951 1684/1854/1951 1682/1855/1951
f 1683/1856/1952 1685/1857/1952 1688/1853/1952 1686/1852/1952
f 1690/1858/1953 1693/1859/1953 1692/1860/1953 1691/1861/1953
f 1693/1859/1954 1690/1862/1954 1687/1863/1954 1689/1864/1954
f 1686/1865/1955 1687/1866/1955 1690/1858/1955 1691/1861/1955 1683/1867/1955
f 1683/1867/1956 1691/1861/1956 1692/1860/1956 1685/1857/1956
f 1685/1857/1957 1692/1860/1957 1693/1859/1957 1689/1864/1957 1688/1853/1957
f 1696/1868/1958 1695/1869/1958 1694/1870/1958 1697/1871/1958
f 1682/1872/1955 1694/1873/1955 1695/1874/1955 1687/1866/1955 1686/1865/1955
f 1684/1854/1959 1697/1871/1959 1694/1870/1959 1682/1875/1959
f 1689/1864/1960 1687/1863/1960 1695/1876/1960 1696/1868/1960
f 1688/1853/1957 1689/1864/1957 1696/1868/1957 1697/1871/1957 1684/1854/1957
o Cylinder.001
v 2.548718 1.502622 -0.787337
v 1.670264 1.500640 -0.777202
v 1.642012 1.457469 -0.752277
v 2.557871 1.449963 -0.694761
v 1.642012 1.457469 -0.702427
v 2.548718 1.502622 -0.663903
v 1.642012 1.500640 -0.677502
v 2.539565 1.555281 -0.694761
v 1.642012 1.543811 -0.702427
v 2.539565 1.555281 -0.756478
v 1.642012 1.543811 -0.752277
v 2.450334 1.500640 -0.777202
v 2.223742 1.503359 -0.769351
v 1.997151 1.500640 -0.777202
v 1.997151 1.457469 -0.752277
v 2.223742 1.471066 -0.750707
v 2.450334 1.457469 -0.752277
v 1.997151 1.457469 -0.702427
v 2.223742 1.457469 -0.702427
v 2.450334 1.457469 -0.702427
v 1.997151 1.500640 -0.677502
v 2.223742 1.500640 -0.677502
v 2.450334 1.500640 -0.677502
v 1.997151 1.543811 -0.702427
v 2.223742 1.535652 -0.713418
v 2.450334 1.543811 -0.702427
v 1.997151 1.543811 -0.752277
v 2.223742 1.535652 -0.750707
v 2.450334 1.543811 -0.752277
v 2.553870 1.472979 -0.769966
v 2.529439 1.449791 -0.756478
v 2.557871 1.449963 -0.753346
vn -0.0000 -0.5000 -0.8660
vn -0.0000 -1.0000 -0.0000
vn -0.0000 -0.5000 0.8660
vn -0.0000 0.5000 0.8660
vn -0.9826 -0.0000 -0.1856
vn -0.0000 1.0000 -0.0000
vn -0.0000 0.5000 -0.8660
vn -0.1014 0.4932 -0.8640
vn -0.0240 0.4999 -0.8658
vn 0.0240 0.4999 -0.8658
vn -0.1275 0.9918 -0.0000
vn -0.0360 0.9994 -0.0000
vn 0.0360 0.9994 -0.0000
vn -0.1328 0.4891 0.8620
vn -0.0302 0.6139 0.7888
vn 0.0302 0.6139 0.7888
vn -0.1020 -0.5077 0.8555
vn -0.0302 -0.9901 -0.1372
vn 0.0302 -0.9901 -0.1372
vn -0.0360 -0.4997 -0.8655
vn 0.0360 -0.4997 -0.8655
vn 0.0932 -0.5722 -0.8148
vn -0.0778 -0.4894 -0.8686
vn -0.0694 -0.9974 0.0192
vn 0.9852 0.1712 -0.0000
vt 1.000000 0.804087
vt 1.000000 1.000000
vt 0.833333 1.000000
vt 0.833333 0.804087
vt 0.666667 1.000000
vt 0.666667 0.804087
vt 0.500000 1.000000
vt 0.500000 0.804087
vt 0.333333 1.000000
vt 0.333333 0.804087
vt 0.457846 0.370000
vt 0.250000 0.490000
vt 0.042154 0.370000
vt 0.042154 0.130000
vt 0.250000 0.010000
vt 0.457846 0.130000
vt 0.166667 1.000000
vt 0.166667 0.804087
vt -0.000000 1.000000
vt -0.000000 0.804087
vt 0.166667 0.500000
vt 0.166667 0.554087
vt -0.000000 0.554087
vt -0.000000 0.500000
vt 0.166667 0.679087
vt -0.000000 0.679087
vt 0.333333 0.500000
vt 0.333333 0.554087
vt 0.333333 0.679087
vt 0.500000 0.500000
vt 0.500000 0.554087
vt 0.500000 0.679087
vt 0.666667 0.500000
vt 0.666667 0.554087
vt 0.666667 0.679087
vt 0.833333 0.554087
vt 0.833333 0.679087
vt 1.000000 0.554087
vt 1.000000 0.679087
vt 0.867001 0.422450
vt 0.833333 0.511780
vt 0.957715 0.357960
vt 1.000000 0.500000
vt 0.833333 0.511780
vt 0.906180 0.500000
vt 0.824875 0.500000
vt 0.750000 0.490000
vt 0.957846 0.130000
vt 0.750000 0.010000
vt 0.542154 0.130000
vt 0.542154 0.370000
s 0
usemtl Wood_1
f 1711/1877/1961 1712/1880/1961 1700/1879/1961 1699/1878/1961
f 1712/1880/1962 1715/1882/1962 1702/1881/1962 1700/1879/1962
f 1715/1882/1963 1718/1884/1963 1704/1883/1963 1702/1881/1963
f 1718/1884/1964 1721/1886/1964 1706/1885/1964 1704/1883/1964
f 1700/1887/1965 1702/1892/1965 1704/1891/1965 1706/1890/1965 1708/1889/1965 1699/1888/1965
f 1721/1886/1966 1724/1894/1966 1708/1893/1966 1706/1885/1966
f 1724/1894/1967 1711/1896/1967 1699/1895/1967 1708/1893/1967
f 1707/1897/1968 1698/1900/1968 1709/1899/1968 1726/1898/1968
f 1726/1898/1969 1709/1899/1969 1710/1902/1969 1725/1901/1969
f 1725/1901/1970 1710/1902/1970 1711/1896/1970 1724/1894/1970
f 1705/1903/1971 1707/1897/1971 1726/1898/1971 1723/1904/1971
f 1723/1904/1972 1726/1898/1972 1725/1901/1972 1722/1905/1972
f 1722/1905/1973 1725/1901/1973 1724/1894/1973 1721/1886/1973
f 1703/1906/1974 1705/1903/1974 1723/1904/1974 1720/1907/1974
f 1720/1907/1975 1723/1904/1975 1722/1905/1975 1719/1908/1975
f 1719/1908/1976 1722/1905/1976 1721/1886/1976 1718/1884/1976
f 1701/1909/1977 1703/1906/1977 1720/1907/1977 1717/1910/1977
f 1717/1910/1963 1720/1907/1963 1719/1908/1963 1716/1911/1963
f 1716/1911/1963 1719/1908/1963 1718/1884/1963 1715/1882/1963
f 1714/1912/1978 1717/1910/1978 1716/1911/1978 1713/1913/1978
f 1713/1913/1979 1716/1911/1979 1715/1882/1979 1712/1880/1979
f 1709/1914/1980 1714/1912/1980 1713/1913/1980 1710/1915/1980
f 1710/1915/1981 1713/1913/1981 1712/1880/1981 1711/1877/1981
f 1727/1916/1982 1729/1918/1982 1728/1917/1982
f 1698/1919/1983 1727/1921/1983 1728/1920/1983 1714/1912/1983 1709/1914/1983
f 1729/1922/1984 1701/1909/1984 1717/1910/1984 1714/1912/1984 1728/1920/1984
f 1698/1923/1985 1707/1927/1985 1705/1926/1985 1703/1925/1985 1701/1924/1985 1729/1918/1985 1727/1916/1985
o Cylinder.020
v -0.113404 1.853069 -0.805837
v -0.195361 1.852718 -0.801225
v -0.155841 1.851332 -0.762994
v -0.011682 1.855924 -0.808361
v -0.095238 1.856208 -0.807397
v -0.049700 1.856175 -0.764083
v 0.088288 1.855576 -0.805957
v 0.009120 1.854100 -0.805763
v 0.052781 1.852918 -0.764539
v 0.193457 1.853725 -0.806144
v 0.111029 1.852553 -0.800974
v 0.152189 1.853351 -0.765244
v 0.122360 1.792545 -0.785593
v 0.204696 1.791925 -0.784991
v 0.162533 1.816754 -0.754883
v 0.016874 1.792163 -0.783168
v 0.100115 1.792261 -0.782624
v 0.061611 1.814237 -0.752297
v -0.081713 1.794621 -0.786441
v 0.000014 1.794498 -0.783307
v -0.040940 1.814572 -0.754841
v -0.188623 1.795666 -0.786641
v -0.101535 1.792911 -0.786068
v -0.145693 1.814861 -0.752800
v 0.123197 1.751415 -0.729840
v 0.205264 1.754904 -0.733121
v 0.163841 1.792609 -0.721069
v 0.022294 1.757458 -0.732125
v 0.103407 1.755125 -0.733214
v 0.060454 1.790864 -0.720118
v -0.082577 1.754674 -0.733352
v -0.000890 1.756486 -0.731195
v -0.044772 1.790951 -0.721719
v -0.183630 1.752095 -0.735913
v -0.104295 1.754957 -0.732735
v -0.143268 1.792185 -0.722621
v 0.121926 1.754372 -0.668627
v 0.203644 1.757179 -0.668677
v 0.162310 1.792966 -0.679735
v 0.019898 1.754660 -0.669123
v 0.104563 1.751873 -0.672000
v 0.060998 1.792697 -0.681435
v -0.086140 1.753118 -0.667212
v 0.000167 1.751495 -0.671402
v -0.039506 1.789719 -0.679537
v -0.183237 1.753064 -0.668734
v -0.103152 1.757111 -0.670523
v -0.141632 1.794550 -0.680411
v 0.123560 1.792446 -0.617110
v 0.206053 1.789306 -0.616787
v 0.164554 1.814295 -0.646900
v 0.023103 1.793047 -0.618073
v 0.099374 1.790565 -0.614845
v 0.060516 1.813061 -0.649112
v -0.082967 1.792391 -0.621395
v 0.002447 1.792737 -0.614002
v -0.041584 1.815874 -0.648814
v -0.184864 1.794791 -0.617911
v -0.103063 1.792626 -0.617136
v -0.146505 1.816766 -0.647989
v 0.110069 1.853761 -0.594685
v 0.197315 1.850747 -0.598657
v 0.152090 1.851054 -0.637253
v 0.005871 1.852076 -0.597390
v 0.092250 1.850352 -0.595638
v 0.049700 1.855788 -0.638903
v -0.093878 1.853446 -0.594350
v -0.012062 1.852105 -0.599677
v -0.050986 1.852934 -0.638895
v -0.196201 1.851422 -0.599965
v -0.115480 1.851746 -0.595378
v -0.158388 1.853604 -0.634570
v 0.102181 1.913210 -0.617955
v 0.184640 1.914427 -0.615292
v 0.144433 1.892859 -0.648945
v -0.000668 1.915156 -0.620692
v 0.081564 1.917363 -0.617195
v 0.044074 1.892840 -0.651228
v -0.102567 1.916937 -0.615366
v -0.020024 1.914454 -0.619024
v -0.063519 1.890542 -0.646021
v -0.205332 1.914629 -0.616952
v -0.122341 1.910587 -0.618980
v -0.164441 1.890852 -0.649705
v 0.100484 1.954501 -0.667595
v 0.184838 1.956831 -0.667042
v 0.141306 1.914485 -0.683005
v -0.000015 1.949449 -0.665376
v 0.082276 1.952149 -0.667973
v 0.040970 1.912787 -0.683052
v -0.102823 1.953302 -0.668715
v -0.021544 1.951615 -0.673358
v -0.061695 1.914448 -0.682324
v -0.206422 1.953801 -0.669173
v -0.123632 1.952586 -0.670448
v -0.164141 1.914618 -0.680082
v 0.101445 1.952495 -0.730054
v 0.183666 1.953919 -0.731978
v 0.145197 1.915516 -0.719765
v -0.005148 1.952271 -0.734283
v 0.083328 1.953917 -0.731034
v 0.042483 1.911987 -0.719083
v -0.102840 1.953559 -0.732871
v -0.021775 1.949997 -0.734763
v -0.062388 1.915822 -0.721221
v -0.206748 1.952539 -0.735751
v -0.120853 1.953652 -0.731703
v -0.164443 1.914759 -0.721027
v 0.101095 1.915169 -0.785577
v 0.182297 1.916495 -0.784185
v 0.141823 1.888488 -0.752340
v 0.000455 1.911530 -0.787073
v 0.081952 1.915433 -0.785600
v 0.037765 1.892787 -0.751370
v -0.102316 1.914493 -0.783758
v -0.022568 1.914282 -0.782463
v -0.062336 1.890816 -0.753428
v -0.206338 1.915497 -0.784955
v -0.123188 1.917628 -0.784288
v -0.165125 1.891099 -0.752917
v -0.257383 1.853986 -0.791676
v -0.224666 1.854282 -0.804206
v 0.221289 1.853645 -0.805343
v 0.255409 1.853925 -0.791140
v -0.208949 1.790364 -0.785571
v -0.245119 1.800120 -0.773808
v 0.267812 1.800428 -0.773942
v 0.233479 1.793616 -0.785997
v -0.212356 1.751881 -0.735579
v -0.247126 1.768692 -0.728303
v 0.266236 1.764382 -0.726139
v 0.232178 1.756602 -0.734751
v -0.215773 1.753181 -0.671042
v -0.248333 1.771394 -0.673004
v 0.265869 1.768580 -0.673711
v 0.232414 1.754254 -0.669163
v -0.212661 1.791849 -0.618066
v -0.247777 1.800538 -0.629302
v 0.265790 1.801262 -0.628802
v 0.232135 1.795845 -0.615771
v -0.225760 1.854052 -0.598478
v -0.257981 1.852479 -0.612317
v 0.254979 1.853367 -0.611861
v 0.222051 1.853379 -0.596608
v -0.233006 1.919416 -0.617894
v -0.267081 1.906003 -0.625258
v 0.245261 1.908731 -0.624432
v 0.214965 1.914819 -0.613914
v -0.237286 1.955518 -0.668083
v -0.267301 1.940194 -0.674993
v 0.246372 1.935413 -0.674935
v 0.211888 1.953036 -0.668620
v -0.234314 1.955953 -0.734095
v -0.267924 1.938903 -0.728960
v 0.244939 1.938144 -0.728833
v 0.213534 1.955862 -0.731523
v -0.231472 1.914569 -0.788364
v -0.267418 1.905920 -0.772909
v 0.245801 1.905823 -0.774406
v 0.209641 1.915019 -0.785515
vn -0.6756 0.0980 -0.7307
vn 0.6788 0.3057 -0.6677
vn -0.6982 0.1019 -0.7086
vn 0.6619 0.3791 -0.6466
vn -0.7004 0.0882 -0.7083
vn 0.6859 0.3718 -0.6256
vn -0.6816 0.1079 -0.7238
vn 0.6668 0.3317 -0.6673
vn -0.6727 0.6154 -0.4108
vn 0.6816 0.5847 -0.4399
vn -0.6655 0.5973 -0.4477
vn 0.6785 0.5840 -0.4456
vn -0.6810 0.6311 -0.3714
vn 0.6741 0.6071 -0.4207
vn -0.7104 0.5789 -0.4003
vn 0.6735 0.5831 -0.4544
vn -0.6747 0.7381 -0.0076
vn 0.6732 0.7393 -0.0116
vn -0.6619 0.7496 0.0043
vn 0.6845 0.7290 0.0068
vn -0.7031 0.7110 -0.0113
vn 0.6555 0.7552 -0.0081
vn -0.7006 0.7129 -0.0319
vn 0.6738 0.7384 0.0257
vn -0.6477 0.5901 0.4820
vn 0.6773 0.5883 0.4418
vn -0.6458 0.6342 0.4251
vn 0.7012 0.5860 0.4062
vn -0.7146 0.5734 0.4006
vn 0.6627 0.6208 0.4189
vn -0.6949 0.5648 0.4452
vn 0.6752 0.6078 0.4180
vn -0.6470 0.2087 0.7333
vn 0.6654 0.3167 0.6760
vn -0.6369 0.0727 0.7675
vn 0.6952 0.3245 0.6414
vn -0.7042 0.1176 0.7002
vn 0.6368 0.3260 0.6987
vn -0.6548 0.0757 0.7520
vn 0.6702 0.3321 0.6637
vn -0.6468 -0.4015 0.6484
vn 0.6606 -0.0861 0.7458
vn -0.6796 -0.3329 0.6537
vn 0.6647 -0.1389 0.7341
vn -0.7095 -0.3063 0.6347
vn 0.6719 -0.0393 0.7396
vn -0.6433 -0.3338 0.6890
vn 0.6644 -0.0676 0.7443
vn -0.6693 -0.6332 0.3887
vn 0.6856 -0.5505 0.4764
vn -0.6665 -0.5915 0.4539
vn 0.6309 -0.5942 0.4989
vn -0.6815 -0.6299 0.3725
vn 0.6777 -0.6114 0.4087
vn -0.6632 -0.6160 0.4251
vn 0.6676 -0.6228 0.4079
vn -0.6931 -0.7191 0.0496
vn 0.7053 -0.7088 0.0085
vn -0.6564 -0.7544 -0.0053
vn 0.6530 -0.7568 -0.0297
vn -0.6627 -0.7489 0.0007
vn 0.6695 -0.7428 0.0051
vn -0.6640 -0.7477 -0.0012
vn 0.7016 -0.7113 0.0422
vn -0.6618 -0.6054 -0.4422
vn 0.6716 -0.5419 -0.5053
vn -0.6160 -0.6217 -0.4838
vn 0.6694 -0.6149 -0.4169
vn -0.6633 -0.6093 -0.4345
vn 0.6458 -0.6102 -0.4589
vn -0.6699 -0.6112 -0.4216
vn 0.6850 -0.5809 -0.4398
vn -0.6625 -0.3554 -0.6594
vn 0.6655 -0.0765 -0.7424
vn -0.6819 -0.3493 -0.6427
vn 0.6634 -0.0746 -0.7445
vn -0.6964 -0.3580 -0.6220
vn 0.6460 -0.1525 -0.7479
vn -0.6640 -0.3562 -0.6575
vn 0.6424 -0.0594 -0.7640
vn -0.0076 -0.3186 -0.9478
vn -0.0248 0.3421 -0.9393
vn 0.0285 -0.3563 -0.9340
vn -0.0054 0.3586 -0.9335
vn 0.0248 -0.2952 -0.9551
vn 0.1362 0.2943 -0.9460
vn -0.0596 -0.8019 -0.5945
vn -0.0392 -0.8175 -0.5746
vn 0.0136 -0.8071 -0.5903
vn -0.0321 -0.9995 -0.0024
vn 0.0977 -0.9933 -0.0619
vn -0.1099 -0.9939 0.0026
vn 0.0704 -0.8137 0.5771
vn 0.0952 -0.8047 0.5860
vn -0.0752 -0.7951 0.6019
vn 0.0691 -0.3138 0.9470
vn 0.0464 -0.2718 0.9612
vn 0.0846 -0.3608 0.9288
vn 0.0017 0.3343 0.9425
vn -0.0215 0.3196 0.9473
vn -0.1668 0.3191 0.9329
vn 0.0429 0.7966 0.6030
vn -0.0613 0.8091 0.5844
vn -0.2133 0.7810 0.5870
vn -0.0255 0.9997 -0.0023
vn -0.0049 0.9999 0.0094
vn -0.0162 0.9998 0.0102
vn 0.0525 0.8221 -0.5669
vn -0.0536 0.7935 -0.6063
vn 0.0574 0.8075 -0.5870
vn -0.3539 -0.3525 -0.8663
vn 0.3691 -0.2114 -0.9050
vn -0.4183 -0.7214 -0.5519
vn 0.3304 -0.7641 -0.5540
vn -0.4607 -0.8875 0.0119
vn 0.3103 -0.9505 0.0152
vn -0.4000 -0.7431 0.5364
vn 0.3655 -0.7420 0.5620
vn -0.3591 -0.3505 0.8650
vn 0.3965 -0.2181 0.8918
vn -0.3396 0.2032 0.9183
vn 0.3854 0.2803 0.8791
vn -0.4425 0.7240 0.5292
vn 0.4086 0.7802 0.4736
vn -0.4531 0.8913 -0.0152
vn 0.4741 0.8795 0.0427
vn -0.4279 0.7135 -0.5548
vn 0.4036 0.7314 -0.5497
vn -0.3925 0.2167 -0.8938
vn 0.3565 0.3469 -0.8675
vn 0.0564 -0.2546 -0.9654
vn -0.9904 -0.1382 -0.0063
vn 0.1155 0.2664 -0.9569
vn 0.0055 -0.3145 -0.9492
vn 0.9900 0.1409 0.0045
vn -0.0001 0.3190 -0.9478
vn 0.0689 -0.7729 -0.6308
vn 0.0218 -0.8122 -0.5830
vn 0.0010 -0.9999 0.0172
vn -0.0220 -0.9998 -0.0008
vn 0.0120 -0.7906 0.6122
vn 0.0484 -0.8187 0.5722
vn 0.0238 -0.2966 0.9547
vn -0.0035 -0.2996 0.9541
vn 0.0451 0.2775 0.9597
vn -0.0738 0.2502 0.9654
vn 0.0909 0.8047 0.5867
vn 0.0494 0.7969 0.6021
vn 0.0873 0.9962 -0.0045
vn 0.0325 0.9995 -0.0006
vn 0.0576 0.7965 -0.6019
vn -0.0156 0.8053 -0.5927
vt 0.100000 0.640078
vt -0.000000 0.640078
vt -0.000000 0.600000
vt 0.100000 0.600000
vt -0.000000 0.559922
vt 0.100000 0.559922
vt 0.100000 0.740078
vt -0.000000 0.740079
vt -0.000000 0.700000
vt 0.100000 0.700000
vt -0.000000 0.659921
vt 0.100000 0.659921
vt 0.100000 0.840078
vt -0.000000 0.840078
vt -0.000000 0.800000
vt 0.100000 0.800000
vt -0.000000 0.759922
vt 0.100000 0.759921
vt 0.100000 0.940078
vt -0.000000 0.940078
vt -0.000000 0.900000
vt 0.100000 0.900000
vt -0.000000 0.859921
vt 0.100000 0.859922
vt 0.200000 0.640078
vt 0.200000 0.600000
vt 0.200000 0.559922
vt 0.200000 0.740078
vt 0.200000 0.700000
vt 0.200000 0.659921
vt 0.200000 0.840078
vt 0.200000 0.800000
vt 0.200000 0.759922
vt 0.200000 0.940078
vt 0.200000 0.900000
vt 0.200000 0.859922
vt 0.300000 0.640078
vt 0.300000 0.600000
vt 0.300000 0.559922
vt 0.300000 0.740078
vt 0.300000 0.700000
vt 0.300000 0.659921
vt 0.300000 0.840078
vt 0.300000 0.800000
vt 0.300000 0.759921
vt 0.300000 0.940079
vt 0.300000 0.900000
vt 0.300000 0.859922
vt 0.400000 0.640078
vt 0.400000 0.600000
vt 0.400000 0.559922
vt 0.400000 0.740078
vt 0.400000 0.700000
vt 0.400000 0.659921
vt 0.400000 0.840078
vt 0.400000 0.800000
vt 0.400000 0.759922
vt 0.400000 0.940078
vt 0.400000 0.900000
vt 0.400000 0.859922
vt 0.500000 0.640078
vt 0.500000 0.600000
vt 0.500000 0.559922
vt 0.500000 0.740078
vt 0.500000 0.700000
vt 0.500000 0.659921
vt 0.500000 0.840078
vt 0.500000 0.800000
vt 0.500000 0.759922
vt 0.500000 0.940078
vt 0.500000 0.900000
vt 0.500000 0.859922
vt 0.600000 0.640078
vt 0.600000 0.600000
vt 0.600000 0.559922
vt 0.600000 0.740078
vt 0.600000 0.700000
vt 0.600000 0.659921
vt 0.600000 0.840078
vt 0.600000 0.800000
vt 0.600000 0.759921
vt 0.600000 0.940078
vt 0.600000 0.900000
vt 0.600000 0.859922
vt 0.700000 0.640078
vt 0.700000 0.600000
vt 0.700000 0.559922
vt 0.700000 0.740078
vt 0.700000 0.700000
vt 0.700000 0.659921
vt 0.700000 0.840078
vt 0.700000 0.800000
vt 0.700000 0.759922
vt 0.700000 0.940078
vt 0.700000 0.900000
vt 0.700000 0.859921
vt 0.800000 0.640078
vt 0.800000 0.600000
vt 0.800000 0.559922
vt 0.800000 0.740078
vt 0.800000 0.700000
vt 0.800000 0.659921
vt 0.800000 0.840078
vt 0.800000 0.800000
vt 0.800000 0.759921
vt 0.800000 0.940079
vt 0.800000 0.900000
vt 0.800000 0.859922
vt 0.900000 0.640078
vt 0.900000 0.600000
vt 0.900000 0.559922
vt 0.900000 0.740078
vt 0.900000 0.700000
vt 0.900000 0.659921
vt 0.900000 0.840078
vt 0.900000 0.800000
vt 0.900000 0.759922
vt 0.900000 0.940078
vt 0.900000 0.900000
vt 0.900000 0.859922
vt 1.000000 0.640078
vt 1.000000 0.600000
vt 1.000000 0.559922
vt 1.000000 0.740079
vt 1.000000 0.700000
vt 1.000000 0.659921
vt 1.000000 0.840078
vt 1.000000 0.800000
vt 1.000000 0.759922
vt 1.000000 0.940078
vt 1.000000 0.900000
vt 1.000000 0.859922
vt 0.750000 0.490000
vt 0.891068 0.444164
vt 0.871511 0.417246
vt 0.750000 0.456727
vt 0.391068 0.444164
vt 0.250000 0.490000
vt 0.250000 0.456727
vt 0.371511 0.417246
vt 0.978254 0.324164
vt 0.946609 0.313882
vt 0.478254 0.324164
vt 0.446609 0.313882
vt 0.978253 0.175836
vt 0.946609 0.186118
vt 0.478254 0.175836
vt 0.446609 0.186118
vt 0.891068 0.055836
vt 0.871511 0.082754
vt 0.391068 0.055836
vt 0.371511 0.082754
vt 0.750000 0.010000
vt 0.750000 0.043273
vt 0.250000 0.010000
vt 0.250000 0.043273
vt 0.608931 0.055836
vt 0.628489 0.082754
vt 0.108932 0.055836
vt 0.128489 0.082754
vt 0.521746 0.175836
vt 0.553391 0.186118
vt 0.021746 0.175836
vt 0.053391 0.186118
vt 0.521746 0.324164
vt 0.553391 0.313882
vt 0.021746 0.324164
vt 0.053391 0.313882
vt 0.608932 0.444164
vt 0.628489 0.417246
vt 0.108932 0.444164
vt 0.128489 0.417246
vt 1.000000 0.532963
vt 0.900000 0.532963
vt 0.100000 0.532963
vt -0.000000 0.532963
vt 1.000000 0.967037
vt 0.900000 0.967037
vt 0.100000 0.967037
vt -0.000000 0.967037
vt 0.800000 0.532963
vt 0.800000 0.967037
vt 0.700000 0.532963
vt 0.700000 0.967037
vt 0.600000 0.532963
vt 0.600000 0.967037
vt 0.500000 0.532963
vt 0.500000 0.967037
vt 0.400000 0.532963
vt 0.400000 0.967037
vt 0.300000 0.532963
vt 0.300000 0.967037
vt 0.200000 0.532963
vt 0.200000 0.967037
s 0
usemtl Rope_1
f 1848/1928/1986 1730/1929/1986 1732/1930/1986 1849/1931/1986
f 1849/1931/1987 1732/1930/1987 1731/1932/1987 1847/1933/1987
f 1845/1934/1988 1733/1935/1988 1735/1936/1988 1846/1937/1988
f 1846/1937/1989 1735/1936/1989 1734/1938/1989 1844/1939/1989
f 1842/1940/1990 1736/1941/1990 1738/1942/1990 1843/1943/1990
f 1843/1943/1991 1738/1942/1991 1737/1944/1991 1841/1945/1991
f 1839/1946/1992 1739/1947/1992 1741/1948/1992 1840/1949/1992
f 1840/1949/1993 1741/1948/1993 1740/1950/1993 1838/1951/1993
f 1836/1952/1994 1848/1928/1994 1849/1931/1994 1837/1953/1994
f 1837/1953/1995 1849/1931/1995 1847/1933/1995 1835/1954/1995
f 1833/1955/1996 1845/1934/1996 1846/1937/1996 1834/1956/1996
f 1834/1956/1997 1846/1937/1997 1844/1939/1997 1832/1957/1997
f 1830/1958/1998 1842/1940/1998 1843/1943/1998 1831/1959/1998
f 1831/1959/1999 1843/1943/1999 1841/1945/1999 1829/1960/1999
f 1827/1961/2000 1839/1946/2000 1840/1949/2000 1828/1962/2000
f 1828/1962/2001 1840/1949/2001 1838/1951/2001 1826/1963/2001
f 1824/1964/2002 1836/1952/2002 1837/1953/2002 1825/1965/2002
f 1825/1965/2003 1837/1953/2003 1835/1954/2003 1823/1966/2003
f 1821/1967/2004 1833/1955/2004 1834/1956/2004 1822/1968/2004
f 1822/1968/2005 1834/1956/2005 1832/1957/2005 1820/1969/2005
f 1818/1970/2006 1830/1958/2006 1831/1959/2006 1819/1971/2006
f 1819/1971/2007 1831/1959/2007 1829/1960/2007 1817/1972/2007
f 1815/1973/2008 1827/1961/2008 1828/1962/2008 1816/1974/2008
f 1816/1974/2009 1828/1962/2009 1826/1963/2009 1814/1975/2009
f 1812/1976/2010 1824/1964/2010 1825/1965/2010 1813/1977/2010
f 1813/1977/2011 1825/1965/2011 1823/1966/2011 1811/1978/2011
f 1809/1979/2012 1821/1967/2012 1822/1968/2012 1810/1980/2012
f 1810/1980/2013 1822/1968/2013 1820/1969/2013 1808/1981/2013
f 1806/1982/2014 1818/1970/2014 1819/1971/2014 1807/1983/2014
f 1807/1983/2015 1819/1971/2015 1817/1972/2015 1805/1984/2015
f 1803/1985/2016 1815/1973/2016 1816/1974/2016 1804/1986/2016
f 1804/1986/2017 1816/1974/2017 1814/1975/2017 1802/1987/2017
f 1800/1988/2018 1812/1976/2018 1813/1977/2018 1801/1989/2018
f 1801/1989/2019 1813/1977/2019 1811/1978/2019 1799/1990/2019
f 1797/1991/2020 1809/1979/2020 1810/1980/2020 1798/1992/2020
f 1798/1992/2021 1810/1980/2021 1808/1981/2021 1796/1993/2021
f 1794/1994/2022 1806/1982/2022 1807/1983/2022 1795/1995/2022
f 1795/1995/2023 1807/1983/2023 1805/1984/2023 1793/1996/2023
f 1791/1997/2024 1803/1985/2024 1804/1986/2024 1792/1998/2024
f 1792/1998/2025 1804/1986/2025 1802/1987/2025 1790/1999/2025
f 1788/2000/2026 1800/1988/2026 1801/1989/2026 1789/2001/2026
f 1789/2001/2027 1801/1989/2027 1799/1990/2027 1787/2002/2027
f 1785/2003/2028 1797/1991/2028 1798/1992/2028 1786/2004/2028
f 1786/2004/2029 1798/1992/2029 1796/1993/2029 1784/2005/2029
f 1782/2006/2030 1794/1994/2030 1795/1995/2030 1783/2007/2030
f 1783/2007/2031 1795/1995/2031 1793/1996/2031 1781/2008/2031
f 1779/2009/2032 1791/1997/2032 1792/1998/2032 1780/2010/2032
f 1780/2010/2033 1792/1998/2033 1790/1999/2033 1778/2011/2033
f 1776/2012/2034 1788/2000/2034 1789/2001/2034 1777/2013/2034
f 1777/2013/2035 1789/2001/2035 1787/2002/2035 1775/2014/2035
f 1773/2015/2036 1785/2003/2036 1786/2004/2036 1774/2016/2036
f 1774/2016/2037 1786/2004/2037 1784/2005/2037 1772/2017/2037
f 1770/2018/2038 1782/2006/2038 1783/2007/2038 1771/2019/2038
f 1771/2019/2039 1783/2007/2039 1781/2008/2039 1769/2020/2039
f 1767/2021/2040 1779/2009/2040 1780/2010/2040 1768/2022/2040
f 1768/2022/2041 1780/2010/2041 1778/2011/2041 1766/2023/2041
f 1764/2024/2042 1776/2012/2042 1777/2013/2042 1765/2025/2042
f 1765/2025/2043 1777/2013/2043 1775/2014/2043 1763/2026/2043
f 1761/2027/2044 1773/2015/2044 1774/2016/2044 1762/2028/2044
f 1762/2028/2045 1774/2016/2045 1772/2017/2045 1760/2029/2045
f 1758/2030/2046 1770/2018/2046 1771/2019/2046 1759/2031/2046
f 1759/2031/2047 1771/2019/2047 1769/2020/2047 1757/2032/2047
f 1755/2033/2048 1767/2021/2048 1768/2022/2048 1756/2034/2048
f 1756/2034/2049 1768/2022/2049 1766/2023/2049 1754/2035/2049
f 1752/2036/2050 1764/2024/2050 1765/2025/2050 1753/2037/2050
f 1753/2037/2051 1765/2025/2051 1763/2026/2051 1751/2038/2051
f 1749/2039/2052 1761/2027/2052 1762/2028/2052 1750/2040/2052
f 1750/2040/2053 1762/2028/2053 1760/2029/2053 1748/2041/2053
f 1746/2042/2054 1758/2030/2054 1759/2031/2054 1747/2043/2054
f 1747/2043/2055 1759/2031/2055 1757/2032/2055 1745/2044/2055
f 1743/2045/2056 1755/2033/2056 1756/2034/2056 1744/2046/2056
f 1744/2046/2057 1756/2034/2057 1754/2035/2057 1742/2047/2057
f 1730/2048/2058 1752/2036/2058 1753/2037/2058 1732/2049/2058
f 1732/2049/2059 1753/2037/2059 1751/2038/2059 1731/2050/2059
f 1733/2051/2060 1749/2039/2060 1750/2040/2060 1735/2052/2060
f 1735/2052/2061 1750/2040/2061 1748/2041/2061 1734/2053/2061
f 1736/2054/2062 1746/2042/2062 1747/2043/2062 1738/2055/2062
f 1738/2055/2063 1747/2043/2063 1745/2044/2063 1737/2056/2063
f 1739/2057/2064 1743/2045/2064 1744/2046/2064 1741/2058/2064
f 1741/2058/2065 1744/2046/2065 1742/2047/2065 1740/2059/2065
f 1730/2048/2066 1734/2053/2066 1748/2041/2066 1752/2036/2066
f 1848/1928/2067 1844/1939/2067 1734/1938/2067 1730/1929/2067
f 1733/2051/2068 1737/2056/2068 1745/2044/2068 1749/2039/2068
f 1845/1934/2069 1841/1945/2069 1737/1944/2069 1733/1935/2069
f 1736/2054/2070 1740/2059/2070 1742/2047/2070 1746/2042/2070
f 1842/1940/2071 1838/1951/2071 1740/1950/2071 1736/1941/2071
f 1746/2042/2072 1742/2047/2072 1754/2035/2072 1758/2030/2072
f 1749/2039/2073 1745/2044/2073 1757/2032/2073 1761/2027/2073
f 1752/2036/2074 1748/2041/2074 1760/2029/2074 1764/2024/2074
f 1758/2030/2075 1754/2035/2075 1766/2023/2075 1770/2018/2075
f 1761/2027/2076 1757/2032/2076 1769/2020/2076 1773/2015/2076
f 1764/2024/2077 1760/2029/2077 1772/2017/2077 1776/2012/2077
f 1770/2018/2078 1766/2023/2078 1778/2011/2078 1782/2006/2078
f 1773/2015/2079 1769/2020/2079 1781/2008/2079 1785/2003/2079
f 1776/2012/2080 1772/2017/2080 1784/2005/2080 1788/2000/2080
f 1782/2006/2081 1778/2011/2081 1790/1999/2081 1794/1994/2081
f 1785/2003/2082 1781/2008/2082 1793/1996/2082 1797/1991/2082
f 1788/2000/2083 1784/2005/2083 1796/1993/2083 1800/1988/2083
f 1794/1994/2084 1790/1999/2084 1802/1987/2084 1806/1982/2084
f 1797/1991/2085 1793/1996/2085 1805/1984/2085 1809/1979/2085
f 1800/1988/2086 1796/1993/2086 1808/1981/2086 1812/1976/2086
f 1806/1982/2087 1802/1987/2087 1814/1975/2087 1818/1970/2087
f 1809/1979/2088 1805/1984/2088 1817/1972/2088 1821/1967/2088
f 1812/1976/2089 1808/1981/2089 1820/1969/2089 1824/1964/2089
f 1818/1970/2090 1814/1975/2090 1826/1963/2090 1830/1958/2090
f 1821/1967/2091 1817/1972/2091 1829/1960/2091 1833/1955/2091
f 1824/1964/2092 1820/1969/2092 1832/1957/2092 1836/1952/2092
f 1830/1958/2093 1826/1963/2093 1838/1951/2093 1842/1940/2093
f 1833/1955/2094 1829/1960/2094 1841/1945/2094 1845/1934/2094
f 1836/1952/2095 1832/1957/2095 1844/1939/2095 1848/1928/2095
f 1851/2060/2096 1854/2061/2096 1855/2062/2096 1850/2063/2096
f 1857/2064/2097 1852/2065/2097 1853/2066/2097 1856/2067/2097
f 1854/2061/2098 1858/2068/2098 1859/2069/2098 1855/2062/2098
f 1861/2070/2099 1857/2064/2099 1856/2067/2099 1860/2071/2099
f 1858/2068/2100 1862/2072/2100 1863/2073/2100 1859/2069/2100
f 1865/2074/2101 1861/2070/2101 1860/2071/2101 1864/2075/2101
f 1862/2072/2102 1866/2076/2102 1867/2077/2102 1863/2073/2102
f 1869/2078/2103 1865/2074/2103 1864/2075/2103 1868/2079/2103
f 1866/2076/2104 1870/2080/2104 1871/2081/2104 1867/2077/2104
f 1873/2082/2105 1869/2078/2105 1868/2079/2105 1872/2083/2105
f 1870/2080/2106 1874/2084/2106 1875/2085/2106 1871/2081/2106
f 1877/2086/2107 1873/2082/2107 1872/2083/2107 1876/2087/2107
f 1874/2084/2108 1878/2088/2108 1879/2089/2108 1875/2085/2108
f 1881/2090/2109 1877/2086/2109 1876/2087/2109 1880/2091/2109
f 1878/2088/2110 1882/2092/2110 1883/2093/2110 1879/2089/2110
f 1885/2094/2111 1881/2090/2111 1880/2091/2111 1884/2095/2111
f 1882/2092/2112 1886/2096/2112 1887/2097/2112 1883/2093/2112
f 1889/2098/2113 1885/2094/2113 1884/2095/2113 1888/2099/2113
f 1886/2096/2114 1851/2060/2114 1850/2063/2114 1887/2097/2114
f 1852/2065/2115 1889/2098/2115 1888/2099/2115 1853/2066/2115
f 1851/2100/2116 1731/2050/2116 1751/2038/2116 1854/2101/2116
f 1850/2063/2117 1855/2062/2117 1859/2069/2117 1863/2073/2117 1867/2077/2117 1871/2081/2117 1875/2085/2117 1879/2089/2117 1883/2093/2117 1887/2097/2117
f 1886/2102/2118 1847/1933/2118 1731/1932/2118 1851/2103/2118
f 1739/2057/2119 1852/2104/2119 1857/2105/2119 1743/2045/2119
f 1856/2067/2120 1853/2066/2120 1888/2099/2120 1884/2095/2120 1880/2091/2120 1876/2087/2120 1872/2083/2120 1868/2079/2120 1864/2075/2120 1860/2071/2120
f 1839/1946/2121 1889/2106/2121 1852/2107/2121 1739/1947/2121
f 1854/2101/2122 1751/2038/2122 1763/2026/2122 1858/2108/2122
f 1743/2045/2123 1857/2105/2123 1861/2109/2123 1755/2033/2123
f 1858/2108/2124 1763/2026/2124 1775/2014/2124 1862/2110/2124
f 1755/2033/2125 1861/2109/2125 1865/2111/2125 1767/2021/2125
f 1862/2110/2126 1775/2014/2126 1787/2002/2126 1866/2112/2126
f 1767/2021/2127 1865/2111/2127 1869/2113/2127 1779/2009/2127
f 1866/2112/2128 1787/2002/2128 1799/1990/2128 1870/2114/2128
f 1779/2009/2129 1869/2113/2129 1873/2115/2129 1791/1997/2129
f 1870/2114/2130 1799/1990/2130 1811/1978/2130 1874/2116/2130
f 1791/1997/2131 1873/2115/2131 1877/2117/2131 1803/1985/2131
f 1874/2116/2132 1811/1978/2132 1823/1966/2132 1878/2118/2132
f 1803/1985/2133 1877/2117/2133 1881/2119/2133 1815/1973/2133
f 1878/2118/2134 1823/1966/2134 1835/1954/2134 1882/2120/2134
f 1815/1973/2135 1881/2119/2135 1885/2121/2135 1827/1961/2135
f 1882/2120/2136 1835/1954/2136 1847/1933/2136 1886/2102/2136
f 1827/1961/2137 1885/2121/2137 1889/2106/2137 1839/1946/2137
o Cylinder.039
v -0.194960 0.487826 -0.705364
v -0.197865 1.800109 -0.705364
v -0.170578 0.505561 -0.696413
v -0.170316 1.800109 -0.696413
v -0.155508 0.559634 -0.672978
v -0.153290 1.800109 -0.672978
v -0.170032 0.554714 -0.644011
v -0.153290 1.800109 -0.644011
v -0.185101 0.543753 -0.620577
v -0.170316 1.800109 -0.620577
v -0.194960 0.487826 -0.611625
v -0.197865 1.800109 -0.611625
v -0.219343 0.470092 -0.620577
v -0.225414 1.800109 -0.620577
v -0.234413 0.459131 -0.644011
v -0.242441 1.800109 -0.644011
v -0.234413 0.459131 -0.672978
v -0.242441 1.800109 -0.672978
v -0.219343 0.470092 -0.696413
v -0.225414 1.800109 -0.696413
vn 0.3258 0.0003 -0.9454
vn 0.8255 -0.0008 -0.5644
vn 0.9701 -0.0074 0.2426
vn 0.8262 -0.0104 0.5633
vn 0.4341 -0.0020 0.9009
vn -0.3256 -0.0011 0.9455
vn -0.8246 -0.0044 0.5657
vn -1.0000 -0.0060 -0.0000
vn -0.0000 1.0000 -0.0000
vn -0.8246 -0.0044 -0.5657
vn -0.3256 -0.0011 -0.9455
vn 0.7952 -0.5871 0.1517
vt 1.000000 0.500000
vt 1.000000 1.000000
vt 0.900000 1.000000
vt 0.900000 0.500000
vt 0.800000 1.000000
vt 0.800000 0.500000
vt 0.700000 1.000000
vt 0.700000 0.500000
vt 0.600000 1.000000
vt 0.600000 0.500000
vt 0.500000 1.000000
vt 0.500000 0.500000
vt 0.400000 1.000000
vt 0.400000 0.500000
vt 0.300000 1.000000
vt 0.300000 0.500000
vt 0.200000 1.000000
vt 0.200000 0.500000
vt 0.391068 0.444164
vt 0.250000 0.490000
vt 0.108932 0.444164
vt 0.021746 0.324164
vt 0.021746 0.175836
vt 0.108932 0.055836
vt 0.250000 0.010000
vt 0.391068 0.055836
vt 0.478254 0.175836
vt 0.478254 0.324164
vt 0.100000 1.000000
vt 0.100000 0.500000
vt -0.000000 1.000000
vt -0.000000 0.500000
vt 0.750000 0.490000
vt 0.891068 0.444164
vt 0.978254 0.324164
vt 0.978254 0.175836
vt 0.891068 0.055836
vt 0.750000 0.010000
vt 0.608932 0.055836
vt 0.521746 0.175836
vt 0.521746 0.324164
vt 0.608932 0.444164
s 0
usemtl Rope_1
f 1890/2122/2138 1891/2123/2138 1893/2124/2138 1892/2125/2138
f 1892/2125/2139 1893/2124/2139 1895/2126/2139 1894/2127/2139
f 1894/2127/2140 1895/2126/2140 1897/2128/2140 1896/2129/2140
f 1896/2129/2141 1897/2128/2141 1899/2130/2141 1898/2131/2141
f 1898/2131/2142 1899/2130/2142 1901/2132/2142 1900/2133/2142
f 1900/2133/2143 1901/2132/2143 1903/2134/2143 1902/2135/2143
f 1902/2135/2144 1903/2134/2144 1905/2136/2144 1904/2137/2144
f 1904/2137/2145 1905/2136/2145 1907/2138/2145 1906/2139/2145
f 1893/2140/2146 1891/2141/2146 1909/2142/2146 1907/2143/2146 1905/2144/2146 1903/2145/2146 1901/2146/2146 1899/2147/2146 1897/2148/2146 1895/2149/2146
f 1906/2139/2147 1907/2138/2147 1909/2150/2147 1908/2151/2147
f 1908/2151/2148 1909/2150/2148 1891/2152/2148 1890/2153/2148
f 1890/2154/2149 1892/2155/2149 1894/2156/2149 1896/2157/2149 1898/2158/2149 1900/2159/2149 1902/2160/2149 1904/2161/2149 1906/2162/2149 1908/2163/2149
o Cylinder.002
v 1.139623 2.006207 -3.731504
v 1.140607 2.004803 -4.542034
v 1.134282 2.091131 -3.720309
v 0.649995 2.017626 -3.741598
v 0.644577 2.110634 -3.737744
v 0.662324 2.110504 -4.553646
v 1.125980 2.108106 -4.560964
v 1.000198 2.076870 -3.731208
v 0.848336 2.055435 -3.726491
v 0.836430 2.150534 -3.732730
v 0.997630 2.154199 -3.712051
v 0.975259 2.149039 -4.558289
v 0.977038 2.058745 -4.559050
v 0.826310 2.144987 -4.556641
v 0.845595 2.153298 -4.565794
v 0.807874 2.149087 -4.434812
v 0.841725 2.057610 -4.547173
v 0.828579 2.048213 -4.555451
v 0.823735 2.067047 -4.447907
v 0.693798 2.027513 -4.549902
v 0.654054 2.029544 -4.565626
v 0.637936 2.021396 -4.536740
vn -0.9944 -0.1054 0.0034
vn 0.0599 0.1864 -0.9807
vn -0.3403 -0.9403 -0.0004
vn -0.0177 0.0919 0.9956
vn 0.0530 -0.0078 -0.9986
vn 0.0445 0.0784 -0.9959
vn 0.3811 0.9244 -0.0162
vn 0.2253 -0.9743 0.0041
vn 0.0095 -1.0000 0.0010
vn 0.0175 0.0954 0.9953
vn -0.0427 0.9991 -0.0078
vn -0.9913 -0.0944 -0.0912
vn 0.9698 0.0727 0.2330
vn -0.0480 0.9680 0.2463
vn -0.2121 0.9772 0.0014
vn 0.9945 -0.1045 0.0115
vn -0.0214 0.0172 0.9996
vt 0.375000 0.000000
vt 0.625000 0.000000
vt 0.625000 0.250000
vt 0.375000 0.250000
vt 0.375000 0.916667
vt 0.625000 0.916667
vt 0.625000 1.000000
vt 0.375000 1.000000
vt 0.791667 0.500000
vt 0.875000 0.500000
vt 0.875000 0.750000
vt 0.791667 0.750000
vt 0.625000 0.333333
vt 0.375000 0.333333
vt 0.375000 0.750000
vt 0.625000 0.750000
vt 0.625000 0.833333
vt 0.375000 0.833333
vt 0.125000 0.500000
vt 0.208333 0.500000
vt 0.208333 0.750000
vt 0.125000 0.750000
vt 0.625000 0.500000
vt 0.703070 0.500000
vt 0.708333 0.500665
vt 0.708333 0.750000
vt 0.714379 0.500000
vt 0.625000 0.410618
vt 0.375000 0.410618
vt 0.285621 0.500000
vt 0.291667 0.500665
vt 0.291667 0.750000
vt 0.625000 0.421930
vt 0.296930 0.500000
vt 0.358130 0.498828
vt 0.405632 0.500000
vt 0.375000 0.507992
vt 0.375000 0.421930
s 0
f 1910/2164/2150 1912/2165/2150 1916/2166/2150 1911/2167/2150
f 1917/2168/2151 1920/2169/2151 1912/2170/2151 1910/2171/2151
f 1921/2172/2152 1916/2173/2152 1912/2174/2152 1920/2175/2152
f 1911/2167/2153 1916/2166/2153 1921/2176/2153 1922/2177/2153
f 1913/2178/2154 1914/2179/2154 1919/2180/2154 1918/2181/2154
f 1918/2181/2155 1919/2180/2155 1920/2169/2155 1917/2168/2155
f 1911/2182/2156 1922/2183/2156 1917/2184/2156 1910/2185/2156
f 1915/2186/2157 1923/2187/2157 1925/2188/2157 1919/2189/2157 1914/2179/2157
f 1925/2188/2158 1924/2190/2158 1921/2172/2158 1920/2175/2158 1919/2189/2158
f 1922/2177/2159 1921/2176/2159 1924/2191/2159 1926/2192/2159
f 1922/2183/2160 1926/2193/2160 1928/2194/2160 1918/2195/2160 1917/2184/2160
f 1925/2188/2161 1923/2196/2161 1927/2197/2161 1928/2194/2161
f 1924/2191/2162 1925/2188/2162 1928/2194/2162 1926/2192/2162
f 1929/2198/2163 1930/2199/2163 1931/2200/2163
f 1928/2194/2164 1927/2197/2164 1929/2198/2164 1931/2200/2164 1913/2178/2164 1918/2195/2164
f 1931/2200/2165 1930/2199/2165 1915/2186/2165 1914/2179/2165 1913/2178/2165
f 1927/2201/2166 1923/2196/2166 1915/2186/2166 1930/2199/2166 1929/2198/2166
o Cylinder.004
v 1.891584 2.007423 -3.730662
v 1.872601 2.006721 -4.550417
v 1.847377 2.113345 -3.725065
v 1.403614 2.013133 -3.715741
v 1.425449 2.078850 -3.733782
v 1.397560 2.097054 -4.556223
v 1.837961 2.110583 -4.563155
v 1.752914 2.076024 -3.730514
v 1.758035 2.157178 -3.728155
v 1.729474 2.150440 -4.586252
v 1.729023 2.056224 -4.549916
v 1.577877 2.146544 -4.558545
v 1.602300 2.150481 -4.558925
v 1.590690 2.149240 -4.443186
v 1.600444 2.059949 -4.562297
v 1.572896 2.054697 -4.554073
v 1.586631 2.058041 -4.438452
v 1.445976 2.015872 -4.557126
v 1.406302 2.058705 -4.560621
v 1.405349 2.012682 -4.527850
v 1.559022 2.046783 -3.729705
v 1.621789 2.068758 -3.732040
v 1.592326 2.112482 -3.783592
v 1.625447 2.149990 -3.729151
v 1.554294 2.125923 -3.722557
v 1.589780 2.150846 -3.815046
vn -0.9361 -0.3513 0.0168
vn 0.0377 0.0503 -0.9980
vn -0.3911 -0.9202 0.0139
vn -0.0019 0.2402 0.9707
vn 0.3859 0.9223 -0.0216
vn 0.0600 0.1746 0.9828
vn -0.9921 0.0547 0.1126
vn 0.9940 -0.0316 0.1051
vn 0.4791 0.5025 0.7197
vn 0.9954 -0.0950 -0.0133
vn -0.0183 0.0110 0.9998
vn -0.8534 -0.1557 -0.4975
vn 0.8822 -0.1171 -0.4560
vn -0.3483 0.9373 -0.0060
vn 0.0121 -0.0764 -0.9970
vn 0.1048 0.9942 -0.0224
vn 0.0078 0.0319 -0.9995
vn 0.3259 -0.9452 -0.0205
vn 0.0252 -0.9997 0.0025
vt 0.375000 0.000000
vt 0.671954 0.000480
vt 0.625000 0.260493
vt 0.375000 0.250000
vt 0.375000 0.916667
vt 0.625000 0.916667
vt 0.625000 0.974902
vt 0.375000 1.000000
vt 0.791667 0.500000
vt 0.864507 0.500000
vt 0.849902 0.750000
vt 0.791667 0.750000
vt 0.625000 0.333333
vt 0.375000 0.333333
vt 0.125000 0.500000
vt 0.208333 0.500000
vt 0.208333 0.750000
vt 0.125000 0.750000
vt 0.625000 0.410618
vt 0.375000 0.410618
vt 0.708333 0.500665
vt 0.625000 0.421930
vt 0.296930 0.500000
vt 0.291667 0.500665
vt 0.358130 0.498828
vt 0.405632 0.500000
vt 0.375000 0.507992
vt 0.625000 0.500000
vt 0.538355 0.757042
vt 0.375000 0.750000
vt 0.375000 0.421930
vt 0.397578 0.731893
vt 0.375000 0.818610
vt 0.668492 0.751651
vt 0.690090 0.716421
vt 0.375198 0.852460
vt 0.625000 0.852823
vt 0.306390 0.750000
vt 0.604691 0.815452
vt 0.285621 0.500000
vt 0.272177 0.750000
vt 0.703070 0.500000
vt 0.714379 0.500000
vt 0.727662 0.750000
s 0
f 1932/2202/2167 1934/2203/2167 1938/2204/2167 1933/2205/2167
f 1939/2206/2168 1940/2207/2168 1934/2208/2168 1932/2209/2168
f 1941/2210/2169 1938/2211/2169 1934/2212/2169 1940/2213/2169
f 1933/2205/2170 1938/2204/2170 1941/2214/2170 1942/2215/2170
f 1933/2216/2171 1942/2217/2171 1939/2218/2171 1932/2219/2171
f 1942/2215/2172 1941/2214/2172 1944/2220/2172 1946/2221/2172
f 1945/2222/2173 1943/2223/2173 1947/2224/2173 1948/2225/2173
f 1944/2220/2174 1945/2222/2174 1948/2225/2174 1946/2221/2174
f 1949/2226/2175 1950/2227/2175 1951/2228/2175
f 1951/2228/2176 1950/2227/2176 1937/2229/2176 1936/2230/2176 1935/2231/2176
f 1947/2232/2177 1943/2223/2177 1937/2229/2177 1950/2227/2177 1949/2226/2177
f 1954/2233/2178 1952/2234/2178 1956/2235/2178 1957/2236/2178
f 1953/2237/2179 1954/2233/2179 1957/2236/2179 1955/2238/2179
f 1948/2225/2180 1947/2224/2180 1949/2226/2180 1951/2228/2180 1935/2231/2180 1952/2239/2180 1954/2233/2180
f 1935/2231/2181 1936/2230/2181 1956/2240/2181 1952/2234/2181
f 1942/2217/2182 1946/2241/2182 1948/2225/2182 1954/2233/2182 1953/2242/2182 1939/2218/2182
f 1953/2237/2183 1955/2238/2183 1940/2207/2183 1939/2206/2183
f 1937/2229/2184 1943/2243/2184 1945/2222/2184 1957/2236/2184 1956/2235/2184 1936/2230/2184
f 1945/2222/2185 1944/2244/2185 1941/2210/2185 1940/2213/2185 1955/2245/2185 1957/2236/2185
o Cylinder.005
v 0.299360 2.025887 -3.730662
v 0.327879 2.010165 -4.550417
v 0.322579 2.102736 -3.725065
v -0.143583 2.013133 -3.735709
v -0.146292 2.013701 -4.562762
v 0.348893 2.105508 -4.556223
v 0.199649 2.068992 -3.730902
v 0.205716 2.151191 -3.730514
v 0.134417 2.145746 -4.557136
v 0.014028 2.142748 -4.560255
v -0.004142 2.043793 -4.549916
v 0.121036 2.052842 -4.558545
v -0.142956 2.080823 -4.558925
v -0.071659 2.118407 -4.557721
v -0.144813 2.101988 -4.515625
v -0.148826 2.099883 -3.837709
v -0.089493 2.115395 -3.724006
v -0.141554 2.080975 -3.728145
v 0.008556 2.052905 -3.731640
v 0.081285 2.062515 -3.725371
v 0.060045 2.055587 -3.831602
v 0.073520 2.156723 -3.732040
v 0.009610 2.141357 -3.730893
v 0.055644 2.148037 -3.880435
vn -0.9680 0.2486 -0.0341
vn 0.0391 0.0304 -0.9988
vn -0.2587 -0.9659 0.0086
vn -0.0163 0.0263 0.9995
vn 0.0203 0.0432 0.9989
vn 0.2701 0.9625 -0.0268
vn 0.4192 -0.8084 0.4131
vn -0.0446 0.0320 0.9985
vn 0.5525 -0.8144 -0.1772
vn 0.9998 0.0179 -0.0015
vn -0.9238 -0.1142 -0.3654
vn 0.9881 0.0189 -0.1529
vn -0.0256 0.0789 -0.9966
vn -0.0794 0.9968 -0.0131
vn -0.0158 -0.0357 -0.9992
vn -0.2074 0.9782 -0.0040
vn 0.0139 -0.9998 0.0110
vn 0.2377 -0.9713 0.0004
vt 0.425244 0.000000
vt 0.643712 -0.000007
vt 0.625000 0.250000
vt 0.375000 0.259599
vt 0.393293 0.916667
vt 0.625000 0.916667
vt 0.625000 0.988437
vt 0.380972 0.972793
vt 0.752877 0.499728
vt 0.875000 0.500000
vt 0.863437 0.750000
vt 0.791667 0.750000
vt 0.627901 0.374752
vt 0.375000 0.375024
vt 0.632246 0.436774
vt 0.375000 0.437454
vt 0.134599 0.500000
vt 0.250024 0.500000
vt 0.208040 0.751168
vt 0.152111 0.750381
vt 0.571053 0.500000
vt 0.654047 0.497274
vt 0.625000 0.514075
vt 0.375000 0.500000
vt 0.625000 0.716038
vt 0.648875 0.751737
vt 0.581515 0.750000
vt 0.375000 0.750000
vt 0.274657 0.671048
vt 0.375000 0.816853
vt 0.691358 0.750496
vt 0.659365 0.690009
vt 0.375000 0.852272
vt 0.625000 0.852272
vt 0.631816 0.810037
vt 0.312454 0.500000
vt 0.272820 0.750000
vt 0.308147 0.750000
vt 0.694792 0.499320
vt 0.727180 0.750000
s 0
f 1958/2246/2186 1960/2247/2186 1963/2248/2186 1959/2249/2186
f 1964/2250/2187 1965/2251/2187 1960/2252/2187 1958/2253/2187
f 1966/2254/2188 1963/2255/2188 1960/2256/2188 1965/2257/2188
f 1959/2249/2189 1963/2248/2189 1966/2258/2189 1969/2259/2189
f 1969/2259/2190 1966/2258/2190 1967/2260/2190 1968/2261/2190
f 1959/2262/2191 1969/2263/2191 1964/2264/2191 1958/2265/2191
f 1970/2266/2192 1971/2267/2192 1972/2268/2192
f 1968/2261/2193 1967/2260/2193 1971/2267/2193 1970/2266/2193 1962/2269/2193
f 1973/2270/2194 1974/2271/2194 1975/2272/2194
f 1962/2269/2195 1970/2266/2195 1972/2268/2195 1973/2270/2195 1975/2272/2195 1961/2273/2195
f 1978/2274/2196 1976/2275/2196 1980/2276/2196 1981/2277/2196
f 1977/2278/2197 1978/2274/2197 1981/2277/2197 1979/2279/2197
f 1961/2273/2198 1975/2272/2198 1974/2271/2198 1980/2280/2198 1976/2275/2198
f 1969/2263/2199 1968/2281/2199 1978/2274/2199 1977/2282/2199 1964/2264/2199
f 1977/2278/2200 1979/2279/2200 1965/2251/2200 1964/2250/2200
f 1968/2281/2201 1962/2269/2201 1961/2273/2201 1976/2283/2201 1978/2274/2201
f 1967/2284/2202 1966/2254/2202 1965/2257/2202 1979/2285/2202 1981/2277/2202
f 1972/2268/2203 1971/2267/2203 1967/2284/2203 1981/2277/2203 1980/2276/2203 1974/2271/2203 1973/2270/2203
o Cylinder.003
v -0.396610 2.024671 -3.731504
v -0.367599 2.008247 -4.542034
v -0.376062 2.098046 -3.720309
v -0.841211 2.017626 -3.741598
v -0.846629 2.018763 -4.566725
v -0.342570 2.110504 -4.553646
v -0.503142 2.072789 -3.731983
v -0.491008 2.152038 -3.731208
v -0.557186 2.161845 -4.555471
v -0.683528 2.142843 -4.561710
v -0.702150 2.041544 -4.541031
v -0.576854 2.052190 -4.558289
v -0.839957 2.080959 -4.559050
v -0.768392 2.117302 -4.556641
v -0.843670 2.103465 -4.519122
v -0.823581 2.106446 -3.780429
v -0.790285 2.114964 -3.718193
v -0.839842 2.037795 -3.736495
v -0.708807 2.051462 -3.734639
v -0.640627 2.059956 -3.757303
v -0.660525 2.054908 -3.785124
v -0.652825 2.153117 -3.756847
v -0.716530 2.133930 -3.727775
v -0.682090 2.140239 -3.785982
vn -0.9673 0.2509 -0.0374
vn 0.0793 0.0611 -0.9950
vn -0.3042 -0.9526 -0.0068
vn -0.0318 0.0481 0.9983
vn 0.0344 0.0781 0.9964
vn 0.2812 0.9592 -0.0294
vn 0.3843 -0.7885 0.4802
vn -0.0877 0.0674 0.9939
vn 0.8173 -0.4353 -0.3777
vn 0.9930 -0.1172 -0.0113
vn -0.7854 -0.1153 -0.6081
vn 0.7283 0.1363 -0.6716
vn -0.0569 0.1827 -0.9815
vn -0.0982 0.9950 -0.0159
vn 0.1676 0.0071 -0.9858
vn -0.1833 0.9830 -0.0065
vn 0.0959 -0.9954 -0.0035
vn 0.2363 -0.9717 0.0011
vt 0.425244 0.000000
vt 0.643712 -0.000007
vt 0.625000 0.250000
vt 0.375000 0.259599
vt 0.393293 0.916667
vt 0.625000 0.916667
vt 0.625000 0.988437
vt 0.380972 0.972793
vt 0.752877 0.499728
vt 0.875000 0.500000
vt 0.863437 0.750000
vt 0.791667 0.750000
vt 0.627901 0.374752
vt 0.375000 0.375024
vt 0.632246 0.436774
vt 0.375000 0.437454
vt 0.134599 0.500000
vt 0.250024 0.500000
vt 0.208040 0.751168
vt 0.152111 0.750381
vt 0.571053 0.500000
vt 0.654047 0.497274
vt 0.625000 0.514075
vt 0.375000 0.500000
vt 0.635930 0.732381
vt 0.648875 0.751737
vt 0.444660 0.750000
vt 0.375000 0.750000
vt 0.299649 0.718375
vt 0.375000 0.807172
vt 0.678432 0.750873
vt 0.665233 0.736515
vt 0.332301 0.776397
vt 0.642570 0.801721
vt 0.637007 0.792298
vt 0.312454 0.500000
vt 0.288023 0.732079
vt 0.317828 0.750000
vt 0.694792 0.499320
vt 0.700128 0.744111
s 0
f 1982/2286/2204 1984/2287/2204 1987/2288/2204 1983/2289/2204
f 1988/2290/2205 1989/2291/2205 1984/2292/2205 1982/2293/2205
f 1990/2294/2206 1987/2295/2206 1984/2296/2206 1989/2297/2206
f 1983/2289/2207 1987/2288/2207 1990/2298/2207 1993/2299/2207
f 1993/2299/2208 1990/2298/2208 1991/2300/2208 1992/2301/2208
f 1983/2302/2209 1993/2303/2209 1988/2304/2209 1982/2305/2209
f 1994/2306/2210 1995/2307/2210 1996/2308/2210
f 1992/2301/2211 1991/2300/2211 1995/2307/2211 1994/2306/2211 1986/2309/2211
f 1997/2310/2212 1998/2311/2212 1999/2312/2212
f 1986/2309/2213 1994/2306/2213 1996/2308/2213 1997/2310/2213 1999/2312/2213 1985/2313/2213
f 2002/2314/2214 2000/2315/2214 2004/2316/2214 2005/2317/2214
f 2001/2318/2215 2002/2314/2215 2005/2317/2215 2003/2319/2215
f 1985/2313/2216 1999/2312/2216 1998/2311/2216 2004/2320/2216 2000/2315/2216
f 1993/2303/2217 1992/2321/2217 2002/2314/2217 2001/2322/2217 1988/2304/2217
f 2001/2318/2218 2003/2319/2218 1989/2291/2218 1988/2290/2218
f 1992/2321/2219 1986/2309/2219 1985/2313/2219 2000/2323/2219 2002/2314/2219
f 1991/2324/2220 1990/2294/2220 1989/2297/2220 2003/2325/2220 2005/2317/2220
f 1996/2308/2221 1995/2307/2221 1991/2324/2221 2005/2317/2221 2004/2316/2221 1998/2311/2221 1997/2310/2221
o Cylinder.031
v 0.299360 2.025887 -3.730662
v 0.327879 2.010165 -4.550417
v 0.322579 2.102736 -3.725065
v -0.143583 2.013133 -3.735709
v -0.146292 2.013701 -4.562762
v 0.348893 2.105508 -4.556223
v 0.199649 2.068992 -3.730902
v 0.205716 2.151191 -3.730514
v 0.134417 2.145746 -4.557136
v 0.014028 2.142748 -4.560255
v -0.004142 2.043793 -4.549916
v 0.121036 2.052842 -4.558545
v -0.142956 2.080823 -4.558925
v -0.071659 2.118407 -4.557721
v -0.144813 2.101988 -4.515625
v -0.148826 2.099883 -3.837709
v -0.089493 2.115395 -3.724006
v -0.141554 2.080975 -3.728145
v 0.008556 2.052905 -3.731640
v 0.081285 2.062515 -3.725371
v 0.060045 2.055587 -3.831602
v 0.073520 2.156723 -3.732040
v 0.009610 2.141357 -3.730893
v 0.055644 2.148037 -3.880435
vn -0.9680 0.2486 -0.0341
vn 0.0391 0.0304 -0.9988
vn -0.2587 -0.9659 0.0086
vn -0.0163 0.0263 0.9995
vn 0.0203 0.0432 0.9989
vn 0.2701 0.9625 -0.0268
vn 0.4192 -0.8084 0.4131
vn -0.0446 0.0320 0.9985
vn 0.5525 -0.8144 -0.1772
vn 0.9998 0.0179 -0.0015
vn -0.9238 -0.1142 -0.3654
vn 0.9881 0.0189 -0.1529
vn -0.0256 0.0789 -0.9966
vn -0.0794 0.9968 -0.0131
vn -0.0158 -0.0357 -0.9992
vn -0.2074 0.9782 -0.0040
vn 0.0139 -0.9998 0.0110
vn 0.2377 -0.9713 0.0004
vt 0.425244 0.000000
vt 0.643712 -0.000007
vt 0.625000 0.250000
vt 0.375000 0.259599
vt 0.393293 0.916667
vt 0.625000 0.916667
vt 0.625000 0.988437
vt 0.380972 0.972793
vt 0.752877 0.499728
vt 0.875000 0.500000
vt 0.863437 0.750000
vt 0.791667 0.750000
vt 0.627901 0.374752
vt 0.375000 0.375024
vt 0.632246 0.436774
vt 0.375000 0.437454
vt 0.134599 0.500000
vt 0.250024 0.500000
vt 0.208040 0.751168
vt 0.152111 0.750381
vt 0.571053 0.500000
vt 0.654047 0.497274
vt 0.625000 0.514075
vt 0.375000 0.500000
vt 0.625000 0.716038
vt 0.648875 0.751737
vt 0.581515 0.750000
vt 0.375000 0.750000
vt 0.274657 0.671048
vt 0.375000 0.816853
vt 0.691358 0.750496
vt 0.659365 0.690009
vt 0.375000 0.852272
vt 0.625000 0.852272
vt 0.631816 0.810037
vt 0.312454 0.500000
vt 0.272820 0.750000
vt 0.308147 0.750000
vt 0.694792 0.499320
vt 0.727180 0.750000
s 0
f 2006/2326/2222 2008/2327/2222 2011/2328/2222 2007/2329/2222
f 2012/2330/2223 2013/2331/2223 2008/2332/2223 2006/2333/2223
f 2014/2334/2224 2011/2335/2224 2008/2336/2224 2013/2337/2224
f 2007/2329/2225 2011/2328/2225 2014/2338/2225 2017/2339/2225
f 2017/2339/2226 2014/2338/2226 2015/2340/2226 2016/2341/2226
f 2007/2342/2227 2017/2343/2227 2012/2344/2227 2006/2345/2227
f 2018/2346/2228 2019/2347/2228 2020/2348/2228
f 2016/2341/2229 2015/2340/2229 2019/2347/2229 2018/2346/2229 2010/2349/2229
f 2021/2350/2230 2022/2351/2230 2023/2352/2230
f 2010/2349/2231 2018/2346/2231 2020/2348/2231 2021/2350/2231 2023/2352/2231 2009/2353/2231
f 2026/2354/2232 2024/2355/2232 2028/2356/2232 2029/2357/2232
f 2025/2358/2233 2026/2354/2233 2029/2357/2233 2027/2359/2233
f 2009/2353/2234 2023/2352/2234 2022/2351/2234 2028/2360/2234 2024/2355/2234
f 2017/2343/2235 2016/2361/2235 2026/2354/2235 2025/2362/2235 2012/2344/2235
f 2025/2358/2236 2027/2359/2236 2013/2331/2236 2012/2330/2236
f 2016/2361/2237 2010/2349/2237 2009/2353/2237 2024/2363/2237 2026/2354/2237
f 2015/2364/2238 2014/2334/2238 2013/2337/2238 2027/2365/2238 2029/2357/2238
f 2020/2348/2239 2019/2347/2239 2015/2364/2239 2029/2357/2239 2028/2356/2239 2022/2351/2239 2021/2350/2239
o Cylinder.007
v 1.488989 3.692792 -1.950601
v 1.470767 3.281612 -2.660827
v 1.501009 3.794796 -2.003745
v 1.071717 3.857775 -2.065652
v 1.121315 3.896081 -2.104300
v 1.104510 3.500596 -2.827573
v 1.490054 3.369389 -2.726424
v 1.401604 3.794380 -2.015905
v 1.444469 3.858725 -2.048348
v 1.415080 3.426184 -2.791385
v 1.370182 3.369228 -2.718726
v 1.282647 3.485628 -2.804634
v 1.305517 3.481029 -2.800408
v 1.295144 3.542554 -2.703206
v 1.261222 3.406378 -2.764037
v 1.235086 3.414698 -2.761759
v 1.248667 3.472090 -2.660141
v 1.107863 3.419282 -2.780233
v 1.093968 3.464323 -2.812296
v 1.071569 3.443514 -2.764174
v 1.220887 3.832056 -2.052149
v 1.285191 3.829547 -2.047615
v 1.280376 3.847936 -2.118780
v 1.326673 3.895695 -2.079875
v 1.254119 3.901632 -2.081934
v 1.296224 3.863854 -2.163362
v 1.488989 3.692792 0.596431
v 1.470767 3.281612 1.306263
v 1.501009 3.794796 0.649820
v 1.071717 3.857775 0.698167
v 1.121315 3.896081 0.738696
v 1.104510 3.500596 1.461335
v 1.490054 3.369390 1.372276
v 1.401604 3.794380 0.659641
v 1.444468 3.858725 0.693177
v 1.415080 3.426185 1.435479
v 1.370182 3.369229 1.361588
v 1.282647 3.485628 1.444786
v 1.305517 3.481030 1.441305
v 1.295144 3.542555 1.343768
v 1.261222 3.406378 1.403473
v 1.235085 3.414699 1.400297
v 1.248667 3.472090 1.299147
v 1.107863 3.419282 1.414121
v 1.093968 3.464324 1.445657
v 1.071569 3.443514 1.396683
v 1.220887 3.832057 0.690189
v 1.285190 3.829547 0.687851
v 1.280376 3.847936 0.758858
v 1.326672 3.895694 0.721437
v 1.254119 3.901632 0.721128
v 1.296224 3.863854 0.803959
vn -0.9901 0.1289 -0.0551
vn 0.1083 -0.4828 -0.8690
vn -0.7734 -0.5376 0.3360
vn 0.0461 0.6792 0.7325
vn 0.7685 0.5384 -0.3457
vn 0.0614 0.6117 0.7887
vn -0.8638 0.4783 -0.1583
vn 0.8710 -0.3643 0.3298
vn 0.6198 0.5729 0.5363
vn 0.8507 -0.4594 0.2555
vn -0.0943 0.5234 0.8468
vn -0.8256 -0.0167 -0.5640
vn 0.7591 -0.6403 -0.1174
vn 0.0434 0.8569 -0.5137
vn 0.0636 -0.5689 -0.8199
vn 0.5254 0.7199 -0.4536
vn 0.0851 -0.4862 -0.8697
vn -0.0685 -0.8690 0.4900
vn -0.4030 -0.7862 0.4686
vn -0.9902 0.1287 0.0550
vn 0.0880 -0.4840 0.8706
vn -0.7703 -0.5408 -0.3380
vn 0.0643 0.6787 -0.7316
vn 0.7650 0.5420 0.3480
vn 0.0852 0.6106 -0.7873
vn -0.8652 0.4761 0.1576
vn 0.8736 -0.3608 -0.3266
vn 0.6321 0.5657 -0.5295
vn 0.8533 -0.4557 -0.2534
vn -0.0638 0.5243 -0.8491
vn -0.8315 -0.0165 0.5552
vn 0.7575 -0.6421 0.1177
vn 0.0246 0.8574 0.5140
vn 0.0336 -0.5698 0.8211
vn 0.5151 0.7252 0.4569
vn 0.0601 -0.4870 0.8713
vn -0.0511 -0.8699 -0.4905
vn -0.3916 -0.7904 -0.4711
vt 0.375000 0.000000
vt 0.671954 0.000480
vt 0.625000 0.260493
vt 0.375000 0.250000
vt 0.375000 0.916667
vt 0.625000 0.916667
vt 0.625000 0.974902
vt 0.375000 1.000000
vt 0.791667 0.500000
vt 0.864507 0.500000
vt 0.849902 0.750000
vt 0.791667 0.750000
vt 0.625000 0.333333
vt 0.375000 0.333333
vt 0.125000 0.500000
vt 0.208333 0.500000
vt 0.208333 0.750000
vt 0.125000 0.750000
vt 0.625000 0.410618
vt 0.375000 0.410618
vt 0.708333 0.500665
vt 0.625000 0.421930
vt 0.296930 0.500000
vt 0.291667 0.500665
vt 0.358130 0.498828
vt 0.405632 0.500000
vt 0.375000 0.507992
vt 0.625000 0.500000
vt 0.538355 0.757042
vt 0.375000 0.750000
vt 0.375000 0.421930
vt 0.397578 0.731893
vt 0.375000 0.818610
vt 0.668492 0.751651
vt 0.690090 0.716421
vt 0.375198 0.852460
vt 0.625000 0.852823
vt 0.306390 0.750000
vt 0.604691 0.815452
vt 0.285621 0.500000
vt 0.272177 0.750000
vt 0.703070 0.500000
vt 0.714379 0.500000
vt 0.727662 0.750000
s 0
usemtl Tile_2
f 2030/2366/2240 2032/2367/2240 2036/2368/2240 2031/2369/2240
f 2037/2370/2241 2038/2371/2241 2032/2372/2241 2030/2373/2241
f 2039/2374/2242 2036/2375/2242 2032/2376/2242 2038/2377/2242
f 2031/2369/2243 2036/2368/2243 2039/2378/2243 2040/2379/2243
f 2031/2380/2244 2040/2381/2244 2037/2382/2244 2030/2383/2244
f 2040/2379/2245 2039/2378/2245 2042/2384/2245 2044/2385/2245
f 2043/2386/2246 2041/2387/2246 2045/2388/2246 2046/2389/2246
f 2042/2384/2247 2043/2386/2247 2046/2389/2247 2044/2385/2247
f 2047/2390/2248 2048/2391/2248 2049/2392/2248
f 2049/2392/2249 2048/2391/2249 2035/2393/2249 2034/2394/2249 2033/2395/2249
f 2045/2396/2250 2041/2387/2250 2035/2393/2250 2048/2391/2250 2047/2390/2250
f 2052/2397/2251 2050/2398/2251 2054/2399/2251 2055/2400/2251
f 2051/2401/2252 2052/2397/2252 2055/2400/2252 2053/2402/2252
f 2046/2389/2253 2045/2388/2253 2047/2390/2253 2049/2392/2253 2033/2395/2253 2050/2403/2253 2052/2397/2253
f 2033/2395/2254 2034/2394/2254 2054/2404/2254 2050/2398/2254
f 2040/2381/2255 2044/2405/2255 2046/2389/2255 2052/2397/2255 2051/2406/2255 2037/2382/2255
f 2051/2401/2256 2053/2402/2256 2038/2371/2256 2037/2370/2256
f 2035/2393/2257 2041/2407/2257 2043/2386/2257 2055/2400/2257 2054/2399/2257 2034/2394/2257
f 2043/2386/2258 2042/2408/2258 2039/2374/2258 2038/2377/2258 2053/2409/2258 2055/2400/2258
f 2056/2366/2259 2057/2369/2259 2062/2368/2259 2058/2367/2259
f 2063/2370/2260 2056/2373/2260 2058/2372/2260 2064/2371/2260
f 2065/2374/2261 2064/2377/2261 2058/2376/2261 2062/2375/2261
f 2057/2369/2262 2066/2379/2262 2065/2378/2262 2062/2368/2262
f 2057/2380/2263 2056/2383/2263 2063/2382/2263 2066/2381/2263
f 2066/2379/2264 2070/2385/2264 2068/2384/2264 2065/2378/2264
f 2069/2386/2265 2072/2389/2265 2071/2388/2265 2067/2387/2265
f 2068/2384/2266 2070/2385/2266 2072/2389/2266 2069/2386/2266
f 2073/2390/2267 2075/2392/2267 2074/2391/2267
f 2075/2392/2268 2059/2395/2268 2060/2394/2268 2061/2393/2268 2074/2391/2268
f 2071/2396/2269 2073/2390/2269 2074/2391/2269 2061/2393/2269 2067/2387/2269
f 2078/2397/2270 2081/2400/2270 2080/2399/2270 2076/2398/2270
f 2077/2401/2271 2079/2402/2271 2081/2400/2271 2078/2397/2271
f 2072/2389/2272 2078/2397/2272 2076/2403/2272 2059/2395/2272 2075/2392/2272 2073/2390/2272 2071/2388/2272
f 2059/2395/2273 2076/2398/2273 2080/2404/2273 2060/2394/2273
f 2066/2381/2274 2063/2382/2274 2077/2406/2274 2078/2397/2274 2072/2389/2274 2070/2405/2274
f 2077/2401/2275 2063/2370/2275 2064/2371/2275 2079/2402/2275
f 2061/2393/2276 2060/2394/2276 2080/2399/2276 2081/2400/2276 2069/2386/2276 2067/2407/2276
f 2069/2386/2277 2081/2400/2277 2079/2409/2277 2064/2377/2277 2065/2374/2277 2068/2408/2277
o Cylinder.008
v 1.273781 3.733654 -1.945157
v 1.272920 3.319782 -2.642134
v 1.290866 3.813130 -1.977642
v 0.814680 3.787894 -2.033299
v 0.833768 3.870717 -2.076035
v 0.849063 3.453415 -2.775741
v 1.285956 3.400822 -2.710883
v 1.160479 3.809622 -2.000220
v 1.011704 3.808230 -2.008740
v 1.025158 3.888601 -2.062131
v 1.178185 3.886526 -2.021708
v 1.154247 3.453577 -2.751128
v 1.132467 3.374859 -2.707623
v 1.012731 3.465378 -2.770301
v 1.033057 3.466068 -2.779295
v 0.996627 3.532718 -2.670202
v 1.004596 3.393005 -2.717350
v 0.989746 3.381917 -2.721903
v 0.990257 3.453444 -2.639202
v 0.857211 3.380305 -2.727426
v 0.820169 3.378307 -2.747918
v 0.802867 3.387749 -2.721499
v 1.273781 3.733654 0.585014
v 1.272920 3.319782 1.281963
v 1.290866 3.813130 0.618065
v 0.814681 3.787894 0.656280
v 0.833768 3.870717 0.699676
v 0.849063 3.453416 1.399919
v 1.285956 3.400822 1.351144
v 1.160479 3.809622 0.636074
v 1.011703 3.808229 0.638959
v 1.025158 3.888601 0.692866
v 1.178185 3.886527 0.658214
v 1.154247 3.453578 1.386754
v 1.132467 3.374859 1.342438
v 1.012731 3.465378 1.400561
v 1.033057 3.466068 1.410331
v 0.996626 3.532718 1.299847
v 1.004596 3.393005 1.347299
v 0.989746 3.381918 1.351285
v 0.990257 3.453444 1.268604
v 0.857211 3.380305 1.351893
v 0.820170 3.378307 1.371087
v 0.802867 3.387749 1.344075
vn -0.9876 0.1377 -0.0755
vn 0.1688 -0.3549 -0.9195
vn -0.5269 -0.7313 0.4330
vn -0.0818 0.5849 0.8070
vn 0.1348 -0.5227 -0.8418
vn 0.1421 -0.4483 -0.8825
vn 0.5676 0.6995 -0.4343
vn 0.0657 -0.8569 0.5113
vn -0.1583 -0.8493 0.5036
vn -0.0520 0.5814 0.8120
vn 0.1236 0.8500 -0.5120
vn -0.9822 0.0994 -0.1593
vn 0.9566 -0.0428 0.2884
vn 0.1009 0.9560 -0.2756
vn -0.0510 0.8603 -0.5072
vn 0.9379 -0.2939 0.1845
vn -0.1018 0.5248 0.8451
vn -0.9877 0.1373 0.0754
vn 0.1372 -0.3567 0.9241
vn -0.5158 -0.7372 -0.4365
vn -0.0533 0.5860 -0.8085
vn 0.1041 -0.5246 0.8450
vn 0.1092 -0.4502 0.8862
vn 0.5570 0.7056 0.4381
vn 0.0846 -0.8557 -0.5106
vn -0.1396 -0.8517 -0.5051
vn -0.0212 0.5820 -0.8129
vn 0.1044 0.8519 0.5132
vn -0.9824 0.0989 0.1584
vn 0.9575 -0.0423 -0.2854
vn 0.0914 0.9568 0.2759
vn -0.0695 0.8594 0.5066
vn 0.9386 -0.2921 -0.1834
vn -0.0708 0.5263 -0.8473
vt 0.375000 0.000000
vt 0.625000 0.000000
vt 0.625000 0.250000
vt 0.375000 0.250000
vt 0.375000 0.916667
vt 0.625000 0.916667
vt 0.625000 1.000000
vt 0.375000 1.000000
vt 0.791667 0.500000
vt 0.875000 0.500000
vt 0.875000 0.750000
vt 0.791667 0.750000
vt 0.625000 0.333333
vt 0.375000 0.333333
vt 0.375000 0.750000
vt 0.625000 0.750000
vt 0.625000 0.833333
vt 0.375000 0.833333
vt 0.125000 0.500000
vt 0.208333 0.500000
vt 0.208333 0.750000
vt 0.125000 0.750000
vt 0.625000 0.500000
vt 0.703070 0.500000
vt 0.708333 0.500665
vt 0.708333 0.750000
vt 0.714379 0.500000
vt 0.625000 0.410618
vt 0.375000 0.410618
vt 0.285621 0.500000
vt 0.291667 0.500665
vt 0.291667 0.750000
vt 0.625000 0.421930
vt 0.296930 0.500000
vt 0.358130 0.498828
vt 0.405632 0.500000
vt 0.375000 0.507992
vt 0.375000 0.421930
s 0
usemtl Tile_1
f 2082/2410/2278 2084/2411/2278 2088/2412/2278 2083/2413/2278
f 2089/2414/2279 2092/2415/2279 2084/2416/2279 2082/2417/2279
f 2093/2418/2280 2088/2419/2280 2084/2420/2280 2092/2421/2280
f 2083/2413/2281 2088/2412/2281 2093/2422/2281 2094/2423/2281
f 2085/2424/2282 2086/2425/2282 2091/2426/2282 2090/2427/2282
f 2090/2427/2283 2091/2426/2283 2092/2415/2283 2089/2414/2283
f 2083/2428/2284 2094/2429/2284 2089/2430/2284 2082/2431/2284
f 2087/2432/2285 2095/2433/2285 2097/2434/2285 2091/2435/2285 2086/2425/2285
f 2097/2434/2286 2096/2436/2286 2093/2418/2286 2092/2421/2286 2091/2435/2286
f 2094/2423/2287 2093/2422/2287 2096/2437/2287 2098/2438/2287
f 2094/2429/2288 2098/2439/2288 2100/2440/2288 2090/2441/2288 2089/2430/2288
f 2097/2434/2289 2095/2442/2289 2099/2443/2289 2100/2440/2289
f 2096/2437/2290 2097/2434/2290 2100/2440/2290 2098/2438/2290
f 2101/2444/2291 2102/2445/2291 2103/2446/2291
f 2100/2440/2292 2099/2443/2292 2101/2444/2292 2103/2446/2292 2085/2424/2292 2090/2441/2292
f 2103/2446/2293 2102/2445/2293 2087/2432/2293 2086/2425/2293 2085/2424/2293
f 2099/2447/2294 2095/2442/2294 2087/2432/2294 2102/2445/2294 2101/2444/2294
f 2104/2410/2295 2105/2413/2295 2110/2412/2295 2106/2411/2295
f 2111/2414/2296 2104/2417/2296 2106/2416/2296 2114/2415/2296
f 2115/2418/2297 2114/2421/2297 2106/2420/2297 2110/2419/2297
f 2105/2413/2298 2116/2423/2298 2115/2422/2298 2110/2412/2298
f 2107/2424/2299 2112/2427/2299 2113/2426/2299 2108/2425/2299
f 2112/2427/2300 2111/2414/2300 2114/2415/2300 2113/2426/2300
f 2105/2428/2301 2104/2431/2301 2111/2430/2301 2116/2429/2301
f 2109/2432/2302 2108/2425/2302 2113/2435/2302 2119/2434/2302 2117/2433/2302
f 2119/2434/2303 2113/2435/2303 2114/2421/2303 2115/2418/2303 2118/2436/2303
f 2116/2423/2304 2120/2438/2304 2118/2437/2304 2115/2422/2304
f 2116/2429/2305 2111/2430/2305 2112/2441/2305 2122/2440/2305 2120/2439/2305
f 2119/2434/2306 2122/2440/2306 2121/2443/2306 2117/2442/2306
f 2118/2437/2307 2120/2438/2307 2122/2440/2307 2119/2434/2307
f 2123/2444/2308 2125/2446/2308 2124/2445/2308
f 2122/2440/2309 2112/2441/2309 2107/2424/2309 2125/2446/2309 2123/2444/2309 2121/2443/2309
f 2125/2446/2310 2107/2424/2310 2108/2425/2310 2109/2432/2310 2124/2445/2310
f 2121/2447/2311 2123/2444/2311 2124/2445/2311 2109/2432/2311 2117/2442/2311
o Cylinder.009
v 0.905499 3.817909 -1.865464
v 0.926366 3.265543 -2.757735
v 0.948912 3.890392 -1.895711
v 0.479653 3.857909 -1.930333
v 0.475343 3.319229 -2.843848
v 0.972791 3.347989 -2.810512
v 0.822730 3.868087 -1.903250
v 0.851371 3.943604 -1.944670
v 0.780181 3.407019 -2.864947
v 0.664644 3.416689 -2.884817
v 0.619697 3.335020 -2.824531
v 0.741554 3.322063 -2.820146
v 0.497351 3.382412 -2.874157
v 0.576053 3.407355 -2.881998
v 0.501601 3.430238 -2.837682
v 0.498707 3.871217 -2.088948
v 0.560056 3.951048 -1.962868
v 0.500620 3.924387 -1.957095
v 0.636211 3.875625 -1.924260
v 0.708263 3.879385 -1.911536
v 0.685845 3.806313 -2.028342
v 0.727119 3.962626 -1.969116
v 0.661916 3.957132 -1.969369
v 0.707329 3.859964 -2.131049
v 0.905499 3.817909 0.491682
v 0.926366 3.265543 1.384727
v 0.948912 3.890393 0.523546
v 0.479654 3.857909 0.543664
v 0.475343 3.319228 1.457082
v 0.972791 3.347989 1.439250
v 0.822730 3.868087 0.526509
v 0.851371 3.943604 0.568931
v 0.780181 3.407019 1.486761
v 0.664644 3.416690 1.503000
v 0.619697 3.335020 1.441421
v 0.741554 3.322063 1.440698
v 0.497351 3.382412 1.487899
v 0.576053 3.407354 1.497701
v 0.501601 3.430239 1.451524
v 0.498707 3.871218 0.702721
v 0.560055 3.951047 0.578154
v 0.500620 3.924387 0.570913
v 0.636211 3.875625 0.541619
v 0.708263 3.879386 0.531039
v 0.685846 3.806314 0.647160
v 0.727119 3.962626 0.589209
v 0.661916 3.957131 0.587471
v 0.707330 3.859965 0.750523
vn -0.8896 0.3805 -0.2526
vn 0.1373 -0.4851 -0.8636
vn -0.4581 -0.7611 0.4593
vn -0.0951 0.5369 0.8382
vn -0.0336 0.5452 0.8377
vn 0.4730 0.7460 -0.4687
vn 0.2652 -0.5995 0.7552
vn -0.1072 0.5506 0.8278
vn 0.4125 -0.8469 0.3355
vn 0.9703 -0.2099 0.1207
vn -0.9459 -0.0236 -0.3235
vn 0.9649 -0.2620 0.0191
vn 0.0446 -0.4211 -0.9059
vn 0.0981 0.8509 -0.5161
vn 0.0469 -0.5386 -0.8412
vn -0.0284 0.8588 -0.5115
vn -0.1676 -0.8437 0.5100
vn 0.0647 -0.8589 0.5080
vn -0.8916 0.3773 0.2504
vn 0.1064 -0.4870 0.8669
vn -0.4448 -0.7668 -0.4627
vn -0.0656 0.5382 -0.8403
vn -0.0079 0.5454 -0.8381
vn 0.4601 0.7518 0.4723
vn 0.2826 -0.5965 -0.7512
vn -0.0858 0.5515 -0.8298
vn 0.4193 -0.8440 -0.3344
vn 0.9704 -0.2093 -0.1204
vn -0.9469 -0.0234 0.3206
vn 0.9649 -0.2619 -0.0191
vn 0.0208 -0.4209 0.9069
vn 0.0820 0.8521 0.5168
vn 0.0190 -0.5392 0.8420
vn -0.0417 0.8584 0.5113
vn -0.1514 -0.8460 -0.5113
vn 0.0784 -0.8581 -0.5075
vt 0.425244 0.000000
vt 0.643712 -0.000007
vt 0.625000 0.250000
vt 0.375000 0.259599
vt 0.393293 0.916667
vt 0.625000 0.916667
vt 0.625000 0.988437
vt 0.380972 0.972793
vt 0.752877 0.499728
vt 0.875000 0.500000
vt 0.863437 0.750000
vt 0.791667 0.750000
vt 0.627901 0.374752
vt 0.375000 0.375024
vt 0.632246 0.436774
vt 0.375000 0.437454
vt 0.134599 0.500000
vt 0.250024 0.500000
vt 0.208040 0.751168
vt 0.152111 0.750381
vt 0.571053 0.500000
vt 0.654047 0.497274
vt 0.625000 0.514075
vt 0.375000 0.500000
vt 0.625000 0.716038
vt 0.648875 0.751737
vt 0.581515 0.750000
vt 0.375000 0.750000
vt 0.274657 0.671048
vt 0.375000 0.816853
vt 0.691358 0.750496
vt 0.659365 0.690009
vt 0.375000 0.852272
vt 0.625000 0.852272
vt 0.631816 0.810037
vt 0.312454 0.500000
vt 0.272820 0.750000
vt 0.308147 0.750000
vt 0.694792 0.499320
vt 0.727180 0.750000
s 0
usemtl Tile_1
f 2126/2448/2312 2128/2449/2312 2131/2450/2312 2127/2451/2312
f 2132/2452/2313 2133/2453/2313 2128/2454/2313 2126/2455/2313
f 2134/2456/2314 2131/2457/2314 2128/2458/2314 2133/2459/2314
f 2127/2451/2315 2131/2450/2315 2134/2460/2315 2137/2461/2315
f 2137/2461/2316 2134/2460/2316 2135/2462/2316 2136/2463/2316
f 2127/2464/2317 2137/2465/2317 2132/2466/2317 2126/2467/2317
f 2138/2468/2318 2139/2469/2318 2140/2470/2318
f 2136/2463/2319 2135/2462/2319 2139/2469/2319 2138/2468/2319 2130/2471/2319
f 2141/2472/2320 2142/2473/2320 2143/2474/2320
f 2130/2471/2321 2138/2468/2321 2140/2470/2321 2141/2472/2321 2143/2474/2321 2129/2475/2321
f 2146/2476/2322 2144/2477/2322 2148/2478/2322 2149/2479/2322
f 2145/2480/2323 2146/2476/2323 2149/2479/2323 2147/2481/2323
f 2129/2475/2324 2143/2474/2324 2142/2473/2324 2148/2482/2324 2144/2477/2324
f 2137/2465/2325 2136/2483/2325 2146/2476/2325 2145/2484/2325 2132/2466/2325
f 2145/2480/2326 2147/2481/2326 2133/2453/2326 2132/2452/2326
f 2136/2483/2327 2130/2471/2327 2129/2475/2327 2144/2485/2327 2146/2476/2327
f 2135/2486/2328 2134/2456/2328 2133/2459/2328 2147/2487/2328 2149/2479/2328
f 2140/2470/2329 2139/2469/2329 2135/2486/2329 2149/2479/2329 2148/2478/2329 2142/2473/2329 2141/2472/2329
f 2150/2448/2330 2151/2451/2330 2155/2450/2330 2152/2449/2330
f 2156/2452/2331 2150/2455/2331 2152/2454/2331 2157/2453/2331
f 2158/2456/2332 2157/2459/2332 2152/2458/2332 2155/2457/2332
f 2151/2451/2333 2161/2461/2333 2158/2460/2333 2155/2450/2333
f 2161/2461/2334 2160/2463/2334 2159/2462/2334 2158/2460/2334
f 2151/2464/2335 2150/2467/2335 2156/2466/2335 2161/2465/2335
f 2162/2468/2336 2164/2470/2336 2163/2469/2336
f 2160/2463/2337 2154/2471/2337 2162/2468/2337 2163/2469/2337 2159/2462/2337
f 2165/2472/2338 2167/2474/2338 2166/2473/2338
f 2154/2471/2339 2153/2475/2339 2167/2474/2339 2165/2472/2339 2164/2470/2339 2162/2468/2339
f 2170/2476/2340 2173/2479/2340 2172/2478/2340 2168/2477/2340
f 2169/2480/2341 2171/2481/2341 2173/2479/2341 2170/2476/2341
f 2153/2475/2342 2168/2477/2342 2172/2482/2342 2166/2473/2342 2167/2474/2342
f 2161/2465/2343 2156/2466/2343 2169/2484/2343 2170/2476/2343 2160/2483/2343
f 2169/2480/2344 2156/2452/2344 2157/2453/2344 2171/2481/2344
f 2160/2483/2345 2170/2476/2345 2168/2485/2345 2153/2475/2345 2154/2471/2345
f 2159/2486/2346 2173/2479/2346 2171/2487/2346 2157/2459/2346 2158/2456/2346
f 2164/2470/2347 2165/2472/2347 2166/2473/2347 2172/2478/2347 2173/2479/2347 2159/2486/2347 2163/2469/2347
o Cylinder.010
v 0.597435 3.715084 -1.934753
v 0.618181 3.283653 -2.619787
v 0.638936 3.779668 -1.956893
v 0.176972 3.793132 -2.013070
v 0.170725 3.375474 -2.724844
v 0.672564 3.360607 -2.674654
v 0.512206 3.774518 -1.976119
v 0.547660 3.839803 -2.011524
v 0.487113 3.440661 -2.736896
v 0.362564 3.446073 -2.753969
v 0.314151 3.375565 -2.690394
v 0.435273 3.350457 -2.689822
v 0.196103 3.429488 -2.747202
v 0.274807 3.445074 -2.751125
v 0.199557 3.469355 -2.724291
v 0.220768 3.843174 -2.086554
v 0.254925 3.874549 -2.031712
v 0.184455 3.812156 -2.018198
v 0.312338 3.795621 -2.002027
v 0.379093 3.777179 -2.014483
v 0.358777 3.762811 -2.039265
v 0.396013 3.858125 -2.060958
v 0.330248 3.869767 -2.037125
v 0.364500 3.838358 -2.084643
v 0.597435 3.715084 0.551031
v 0.618181 3.283654 1.236636
v 0.638936 3.779668 0.574329
v 0.176972 3.793132 0.621399
v 0.170725 3.375475 1.333111
v 0.672564 3.360607 1.293072
v 0.512206 3.774518 0.590214
v 0.547660 3.839803 0.626494
v 0.487112 3.440661 1.350400
v 0.362565 3.446073 1.364906
v 0.314151 3.375565 1.300508
v 0.435273 3.350458 1.302182
v 0.196103 3.429488 1.355731
v 0.274807 3.445074 1.360642
v 0.199556 3.469354 1.332856
v 0.220767 3.843174 0.695363
v 0.254925 3.874549 0.640954
v 0.184455 3.812157 0.626603
v 0.312338 3.795621 0.612111
v 0.379093 3.777179 0.625725
v 0.358777 3.762810 0.650134
v 0.396014 3.858125 0.672524
v 0.330248 3.869768 0.647502
v 0.364500 3.838358 0.695616
vn -0.8582 0.4236 -0.2901
vn 0.1509 -0.4738 -0.8676
vn -0.5451 -0.7249 0.4212
vn -0.0767 0.5542 0.8288
vn 0.0105 0.5626 0.8267
vn 0.5273 0.7153 -0.4586
vn 0.1420 -0.5024 0.8529
vn -0.0969 0.5837 0.8062
vn 0.6643 -0.7473 0.0138
vn 0.9118 -0.3597 0.1979
vn -0.7801 -0.1962 -0.5941
vn 0.7523 -0.4111 -0.5149
vn 0.0238 -0.3356 -0.9417
vn 0.1610 0.8412 -0.5162
vn 0.2129 -0.5343 -0.8181
vn 0.0910 0.8539 -0.5124
vn -0.1588 -0.8515 0.4997
vn -0.0322 -0.8598 0.5096
vn -0.8603 0.4206 0.2880
vn 0.1284 -0.4754 0.8704
vn -0.5371 -0.7294 -0.4237
vn -0.0556 0.5550 -0.8300
vn 0.0267 0.5624 -0.8264
vn 0.5190 0.7196 0.4613
vn 0.1525 -0.5018 -0.8515
vn -0.0858 0.5839 -0.8073
vn 0.6644 -0.7472 -0.0138
vn 0.9122 -0.3590 -0.1975
vn -0.7841 -0.1946 0.5894
vn 0.7480 -0.4141 0.5186
vn 0.0109 -0.3351 0.9421
vn 0.1510 0.8425 0.5171
vn 0.1956 -0.5365 0.8210
vn 0.0842 0.8544 0.5128
vn -0.1484 -0.8529 -0.5005
vn -0.0246 -0.8600 -0.5097
vt 0.425244 0.000000
vt 0.643712 -0.000007
vt 0.625000 0.250000
vt 0.375000 0.259599
vt 0.393293 0.916667
vt 0.625000 0.916667
vt 0.625000 0.988437
vt 0.380972 0.972793
vt 0.752877 0.499728
vt 0.875000 0.500000
vt 0.863437 0.750000
vt 0.791667 0.750000
vt 0.627901 0.374752
vt 0.375000 0.375024
vt 0.632246 0.436774
vt 0.375000 0.437454
vt 0.134599 0.500000
vt 0.250024 0.500000
vt 0.208040 0.751168
vt 0.152111 0.750381
vt 0.571053 0.500000
vt 0.654047 0.497274
vt 0.625000 0.514075
vt 0.375000 0.500000
vt 0.635930 0.732381
vt 0.648875 0.751737
vt 0.444660 0.750000
vt 0.375000 0.750000
vt 0.299649 0.718375
vt 0.375000 0.807172
vt 0.678432 0.750873
vt 0.665233 0.736515
vt 0.332301 0.776397
vt 0.642570 0.801721
vt 0.637007 0.792298
vt 0.312454 0.500000
vt 0.288023 0.732079
vt 0.317828 0.750000
vt 0.694792 0.499320
vt 0.700128 0.744111
s 0
usemtl Tile_1
f 2174/2488/2348 2176/2489/2348 2179/2490/2348 2175/2491/2348
f 2180/2492/2349 2181/2493/2349 2176/2494/2349 2174/2495/2349
f 2182/2496/2350 2179/2497/2350 2176/2498/2350 2181/2499/2350
f 2175/2491/2351 2179/2490/2351 2182/2500/2351 2185/2501/2351
f 2185/2501/2352 2182/2500/2352 2183/2502/2352 2184/2503/2352
f 2175/2504/2353 2185/2505/2353 2180/2506/2353 2174/2507/2353
f 2186/2508/2354 2187/2509/2354 2188/2510/2354
f 2184/2503/2355 2183/2502/2355 2187/2509/2355 2186/2508/2355 2178/2511/2355
f 2189/2512/2356 2190/2513/2356 2191/2514/2356
f 2178/2511/2357 2186/2508/2357 2188/2510/2357 2189/2512/2357 2191/2514/2357 2177/2515/2357
f 2194/2516/2358 2192/2517/2358 2196/2518/2358 2197/2519/2358
f 2193/2520/2359 2194/2516/2359 2197/2519/2359 2195/2521/2359
f 2177/2515/2360 2191/2514/2360 2190/2513/2360 2196/2522/2360 2192/2517/2360
f 2185/2505/2361 2184/2523/2361 2194/2516/2361 2193/2524/2361 2180/2506/2361
f 2193/2520/2362 2195/2521/2362 2181/2493/2362 2180/2492/2362
f 2184/2523/2363 2178/2511/2363 2177/2515/2363 2192/2525/2363 2194/2516/2363
f 2183/2526/2364 2182/2496/2364 2181/2499/2364 2195/2527/2364 2197/2519/2364
f 2188/2510/2365 2187/2509/2365 2183/2526/2365 2197/2519/2365 2196/2518/2365 2190/2513/2365 2189/2512/2365
f 2198/2488/2366 2199/2491/2366 2203/2490/2366 2200/2489/2366
f 2204/2492/2367 2198/2495/2367 2200/2494/2367 2205/2493/2367
f 2206/2496/2368 2205/2499/2368 2200/2498/2368 2203/2497/2368
f 2199/2491/2369 2209/2501/2369 2206/2500/2369 2203/2490/2369
f 2209/2501/2370 2208/2503/2370 2207/2502/2370 2206/2500/2370
f 2199/2504/2371 2198/2507/2371 2204/2506/2371 2209/2505/2371
f 2210/2508/2372 2212/2510/2372 2211/2509/2372
f 2208/2503/2373 2202/2511/2373 2210/2508/2373 2211/2509/2373 2207/2502/2373
f 2213/2512/2374 2215/2514/2374 2214/2513/2374
f 2202/2511/2375 2201/2515/2375 2215/2514/2375 2213/2512/2375 2212/2510/2375 2210/2508/2375
f 2218/2516/2376 2221/2519/2376 2220/2518/2376 2216/2517/2376
f 2217/2520/2377 2219/2521/2377 2221/2519/2377 2218/2516/2377
f 2201/2515/2378 2216/2517/2378 2220/2522/2378 2214/2513/2378 2215/2514/2378
f 2209/2505/2379 2204/2506/2379 2217/2524/2379 2218/2516/2379 2208/2523/2379
f 2217/2520/2380 2204/2492/2380 2205/2493/2380 2219/2521/2380
f 2208/2523/2381 2218/2516/2381 2216/2525/2381 2201/2515/2381 2202/2511/2381
f 2207/2526/2382 2221/2519/2382 2219/2527/2382 2205/2499/2382 2206/2496/2382
f 2212/2510/2383 2213/2512/2383 2214/2513/2383 2220/2518/2383 2221/2519/2383 2207/2526/2383 2211/2509/2383
o Cylinder.006
v 0.393498 3.678836 -1.959328
v 0.392631 3.265008 -2.656299
v 0.410715 3.757479 -1.991926
v -0.073002 3.779548 -2.041190
v -0.053520 3.859891 -2.084261
v -0.037910 3.440617 -2.784233
v 0.405769 3.345401 -2.725136
v 0.278981 3.762434 -2.013359
v 0.127879 3.775657 -2.019904
v 0.141571 3.854536 -2.073497
v 0.296913 3.837921 -2.035039
v 0.272667 3.406907 -2.764198
v 0.250587 3.330069 -2.720439
v 0.128925 3.432690 -2.781481
v 0.149607 3.431141 -2.790778
v 0.112530 3.501850 -2.681136
v 0.120644 3.361231 -2.728407
v 0.105524 3.351838 -2.732731
v 0.106044 3.423306 -2.650037
v -0.029596 3.366461 -2.736059
v -0.067399 3.369246 -2.755905
v -0.085061 3.380949 -2.729180
v 0.393498 3.678837 0.570844
v 0.392630 3.265009 1.267798
v 0.410715 3.757479 0.603781
v -0.073002 3.779549 0.648390
v -0.053520 3.859891 0.691451
v -0.037910 3.440618 1.391427
v 0.405769 3.345401 1.336891
v 0.278981 3.762434 0.622936
v 0.127879 3.775657 0.627795
v 0.141571 3.854537 0.681499
v 0.296913 3.837922 0.644882
v 0.272667 3.406907 1.373684
v 0.250587 3.330069 1.329622
v 0.128925 3.432690 1.389380
v 0.149607 3.431141 1.398848
v 0.112531 3.501850 1.288912
v 0.120644 3.361232 1.336243
v 0.105523 3.351837 1.340458
v 0.106044 3.423306 1.257767
v -0.029596 3.366462 1.343260
v -0.067399 3.369246 1.363100
v -0.085061 3.380950 1.336394
vn -0.9872 0.1396 -0.0766
vn 0.1369 -0.3567 -0.9241
vn -0.5533 -0.7168 0.4243
vn -0.0335 0.5868 0.8090
vn 0.0564 -0.5267 -0.8482
vn 0.0866 -0.4509 -0.8884
vn 0.5923 0.6845 -0.4249
vn -0.0298 -0.8583 0.5123
vn -0.2278 -0.8374 0.4968
vn 0.0165 0.5822 0.8129
vn 0.1966 0.8398 -0.5060
vn -0.9812 0.1021 -0.1635
vn 0.9551 -0.0435 0.2932
vn 0.2116 0.9389 -0.2713
vn 0.0461 0.8604 -0.5075
vn 0.9309 -0.3093 0.1942
vn -0.0231 0.5267 0.8497
vn -0.9873 0.1394 0.0765
vn 0.1212 -0.3574 0.9261
vn -0.5482 -0.7197 -0.4260
vn -0.0201 0.5870 -0.8094
vn 0.0532 -0.5267 0.8484
vn 0.0764 -0.4514 0.8891
vn 0.5877 0.6874 0.4267
vn -0.0278 -0.8583 -0.5124
vn -0.2225 -0.8385 -0.4975
vn 0.0253 0.5820 -0.8128
vn 0.1914 0.8407 0.5066
vn -0.9813 0.1020 0.1633
vn 0.9553 -0.0434 -0.2926
vn 0.2116 0.9389 0.2715
vn 0.0446 0.8605 0.5076
vn 0.9309 -0.3093 -0.1942
vn -0.0199 0.5271 -0.8496
vt 0.375000 0.000000
vt 0.625000 0.000000
vt 0.625000 0.250000
vt 0.375000 0.250000
vt 0.375000 0.916667
vt 0.625000 0.916667
vt 0.625000 1.000000
vt 0.375000 1.000000
vt 0.791667 0.500000
vt 0.875000 0.500000
vt 0.875000 0.750000
vt 0.791667 0.750000
vt 0.625000 0.333333
vt 0.375000 0.333333
vt 0.375000 0.750000
vt 0.625000 0.750000
vt 0.625000 0.833333
vt 0.375000 0.833333
vt 0.125000 0.500000
vt 0.208333 0.500000
vt 0.208333 0.750000
vt 0.125000 0.750000
vt 0.625000 0.500000
vt 0.703070 0.500000
vt 0.708333 0.500665
vt 0.708333 0.750000
vt 0.714379 0.500000
vt 0.625000 0.410618
vt 0.375000 0.410618
vt 0.285621 0.500000
vt 0.291667 0.500665
vt 0.291667 0.750000
vt 0.625000 0.421930
vt 0.296930 0.500000
vt 0.358130 0.498828
vt 0.405632 0.500000
vt 0.375000 0.507992
vt 0.375000 0.421930
s 0
usemtl Tile_3
f 2222/2528/2384 2224/2529/2384 2228/2530/2384 2223/2531/2384
f 2229/2532/2385 2232/2533/2385 2224/2534/2385 2222/2535/2385
f 2233/2536/2386 2228/2537/2386 2224/2538/2386 2232/2539/2386
f 2223/2531/2387 2228/2530/2387 2233/2540/2387 2234/2541/2387
f 2225/2542/2388 2226/2543/2388 2231/2544/2388 2230/2545/2388
f 2230/2545/2389 2231/2544/2389 2232/2533/2389 2229/2532/2389
f 2223/2546/2390 2234/2547/2390 2229/2548/2390 2222/2549/2390
f 2227/2550/2391 2235/2551/2391 2237/2552/2391 2231/2553/2391 2226/2543/2391
f 2237/2552/2392 2236/2554/2392 2233/2536/2392 2232/2539/2392 2231/2553/2392
f 2234/2541/2393 2233/2540/2393 2236/2555/2393 2238/2556/2393
f 2234/2547/2394 2238/2557/2394 2240/2558/2394 2230/2559/2394 2229/2548/2394
f 2237/2552/2395 2235/2560/2395 2239/2561/2395 2240/2558/2395
f 2236/2555/2396 2237/2552/2396 2240/2558/2396 2238/2556/2396
f 2241/2562/2397 2242/2563/2397 2243/2564/2397
f 2240/2558/2398 2239/2561/2398 2241/2562/2398 2243/2564/2398 2225/2542/2398 2230/2559/2398
f 2243/2564/2399 2242/2563/2399 2227/2550/2399 2226/2543/2399 2225/2542/2399
f 2239/2565/2400 2235/2560/2400 2227/2550/2400 2242/2563/2400 2241/2562/2400
f 2244/2528/2401 2245/2531/2401 2250/2530/2401 2246/2529/2401
f 2251/2532/2402 2244/2535/2402 2246/2534/2402 2254/2533/2402
f 2255/2536/2403 2254/2539/2403 2246/2538/2403 2250/2537/2403
f 2245/2531/2404 2256/2541/2404 2255/2540/2404 2250/2530/2404
f 2247/2542/2405 2252/2545/2405 2253/2544/2405 2248/2543/2405
f 2252/2545/2406 2251/2532/2406 2254/2533/2406 2253/2544/2406
f 2245/2546/2407 2244/2549/2407 2251/2548/2407 2256/2547/2407
f 2249/2550/2408 2248/2543/2408 2253/2553/2408 2259/2552/2408 2257/2551/2408
f 2259/2552/2409 2253/2553/2409 2254/2539/2409 2255/2536/2409 2258/2554/2409
f 2256/2541/2410 2260/2556/2410 2258/2555/2410 2255/2540/2410
f 2256/2547/2411 2251/2548/2411 2252/2559/2411 2262/2558/2411 2260/2557/2411
f 2259/2552/2412 2262/2558/2412 2261/2561/2412 2257/2560/2412
f 2258/2555/2413 2260/2556/2413 2262/2558/2413 2259/2552/2413
f 2263/2562/2414 2265/2564/2414 2264/2563/2414
f 2262/2558/2415 2252/2559/2415 2247/2542/2415 2265/2564/2415 2263/2562/2415 2261/2561/2415
f 2265/2564/2416 2247/2542/2416 2248/2543/2416 2249/2550/2416 2264/2563/2416
f 2261/2565/2417 2263/2562/2417 2264/2563/2417 2249/2550/2417 2257/2560/2417
o Cylinder.011
v 0.137186 3.692987 -1.976169
v 0.158925 3.257030 -2.670272
v 0.179754 3.755718 -2.005781
v -0.293540 3.783247 -2.033183
v -0.297508 3.363710 -2.745812
v 0.204216 3.330072 -2.719039
v 0.052815 3.749517 -2.011127
v 0.080404 3.817053 -2.050265
v 0.008912 3.407223 -2.768903
v -0.107952 3.430728 -2.786205
v -0.151810 3.358595 -2.731078
v -0.028616 3.332236 -2.726329
v -0.276339 3.419802 -2.775122
v -0.197250 3.432916 -2.783326
v -0.272410 3.459681 -2.748503
v -0.275641 3.803875 -2.164373
v -0.213813 3.859087 -2.066432
v -0.273440 3.842183 -2.059806
v -0.135643 3.779323 -2.029435
v -0.062874 3.773247 -2.019114
v -0.085394 3.718405 -2.109994
v -0.045359 3.849798 -2.072143
v -0.111098 3.852574 -2.072112
v -0.065168 3.771204 -2.198019
v 0.137186 3.692987 0.584136
v 0.158925 3.257029 1.278428
v 0.179754 3.755719 0.614137
v -0.293540 3.783247 0.641630
v -0.297508 3.363710 1.354300
v 0.204216 3.330072 1.327655
v 0.052815 3.749517 0.618554
v 0.080404 3.817052 0.657834
v 0.008912 3.407223 1.376173
v -0.107952 3.430728 1.393464
v -0.151810 3.358595 1.338483
v -0.028616 3.332237 1.333531
v -0.276339 3.419802 1.383397
v -0.197250 3.432916 1.390971
v -0.272410 3.459681 1.356740
v -0.275641 3.803875 0.772642
v -0.213813 3.859087 0.674188
v -0.273440 3.842183 0.668053
v -0.135644 3.779323 0.636778
v -0.062874 3.773247 0.626307
v -0.085394 3.718405 0.717208
v -0.045359 3.849798 0.679333
v -0.111098 3.852573 0.679377
v -0.065168 3.771205 0.805212
vn -0.8718 0.4046 -0.2763
vn 0.0606 -0.4912 -0.8689
vn -0.4938 -0.7439 0.4503
vn -0.0215 0.5337 0.8454
vn 0.0348 0.5395 0.8413
vn 0.5071 0.7276 -0.4620
vn 0.1767 -0.5584 0.8105
vn -0.0167 0.5461 0.8375
vn 0.2912 -0.9003 0.3237
vn 0.9679 -0.2181 0.1250
vn -0.9216 -0.0687 -0.3820
vn 0.9573 -0.2891 -0.0090
vn -0.0187 -0.4370 -0.8993
vn 0.1877 0.8387 -0.5112
vn -0.0204 -0.5342 -0.8451
vn 0.0785 0.8562 -0.5107
vn -0.2481 -0.8281 0.5027
vn -0.0444 -0.8598 0.5087
vn -0.8724 0.4037 0.2757
vn 0.0543 -0.4915 0.8692
vn -0.4913 -0.7452 -0.4509
vn -0.0164 0.5338 -0.8454
vn 0.0341 0.5394 -0.8413
vn 0.5053 0.7286 0.4625
vn 0.1704 -0.5591 -0.8114
vn -0.0222 0.5457 -0.8377
vn 0.2887 -0.9010 -0.3239
vn 0.9678 -0.2183 -0.1252
vn -0.9215 -0.0688 0.3823
vn 0.9573 -0.2891 0.0090
vn -0.0129 -0.4364 0.8996
vn 0.1876 0.8387 0.5112
vn -0.0226 -0.5343 0.8450
vn 0.0818 0.8559 0.5106
vn -0.2474 -0.8283 -0.5028
vn -0.0471 -0.8597 -0.5086
vt 0.425244 0.000000
vt 0.643712 -0.000007
vt 0.625000 0.250000
vt 0.375000 0.259599
vt 0.393293 0.916667
vt 0.625000 0.916667
vt 0.625000 0.988437
vt 0.380972 0.972793
vt 0.752877 0.499728
vt 0.875000 0.500000
vt 0.863437 0.750000
vt 0.791667 0.750000
vt 0.627901 0.374752
vt 0.375000 0.375024
vt 0.632246 0.436774
vt 0.375000 0.437454
vt 0.134599 0.500000
vt 0.250024 0.500000
vt 0.208040 0.751168
vt 0.152111 0.750381
vt 0.571053 0.500000
vt 0.654047 0.497274
vt 0.625000 0.514075
vt 0.375000 0.500000
vt 0.625000 0.716038
vt 0.648875 0.751737
vt 0.581515 0.750000
vt 0.375000 0.750000
vt 0.274657 0.671048
vt 0.375000 0.816853
vt 0.691358 0.750496
vt 0.659365 0.690009
vt 0.375000 0.852272
vt 0.625000 0.852272
vt 0.631816 0.810037
vt 0.312454 0.500000
vt 0.272820 0.750000
vt 0.308147 0.750000
vt 0.694792 0.499320
vt 0.727180 0.750000
s 0
usemtl Tile_2
f 2266/2566/2418 2268/2567/2418 2271/2568/2418 2267/2569/2418
f 2272/2570/2419 2273/2571/2419 2268/2572/2419 2266/2573/2419
f 2274/2574/2420 2271/2575/2420 2268/2576/2420 2273/2577/2420
f 2267/2569/2421 2271/2568/2421 2274/2578/2421 2277/2579/2421
f 2277/2579/2422 2274/2578/2422 2275/2580/2422 2276/2581/2422
f 2267/2582/2423 2277/2583/2423 2272/2584/2423 2266/2585/2423
f 2278/2586/2424 2279/2587/2424 2280/2588/2424
f 2276/2581/2425 2275/2580/2425 2279/2587/2425 2278/2586/2425 2270/2589/2425
f 2281/2590/2426 2282/2591/2426 2283/2592/2426
f 2270/2589/2427 2278/2586/2427 2280/2588/2427 2281/2590/2427 2283/2592/2427 2269/2593/2427
f 2286/2594/2428 2284/2595/2428 2288/2596/2428 2289/2597/2428
f 2285/2598/2429 2286/2594/2429 2289/2597/2429 2287/2599/2429
f 2269/2593/2430 2283/2592/2430 2282/2591/2430 2288/2600/2430 2284/2595/2430
f 2277/2583/2431 2276/2601/2431 2286/2594/2431 2285/2602/2431 2272/2584/2431
f 2285/2598/2432 2287/2599/2432 2273/2571/2432 2272/2570/2432
f 2276/2601/2433 2270/2589/2433 2269/2593/2433 2284/2603/2433 2286/2594/2433
f 2275/2604/2434 2274/2574/2434 2273/2577/2434 2287/2605/2434 2289/2597/2434
f 2280/2588/2435 2279/2587/2435 2275/2604/2435 2289/2597/2435 2288/2596/2435 2282/2591/2435 2281/2590/2435
f 2290/2566/2436 2291/2569/2436 2295/2568/2436 2292/2567/2436
f 2296/2570/2437 2290/2573/2437 2292/2572/2437 2297/2571/2437
f 2298/2574/2438 2297/2577/2438 2292/2576/2438 2295/2575/2438
f 2291/2569/2439 2301/2579/2439 2298/2578/2439 2295/2568/2439
f 2301/2579/2440 2300/2581/2440 2299/2580/2440 2298/2578/2440
f 2291/2582/2441 2290/2585/2441 2296/2584/2441 2301/2583/2441
f 2302/2586/2442 2304/2588/2442 2303/2587/2442
f 2300/2581/2443 2294/2589/2443 2302/2586/2443 2303/2587/2443 2299/2580/2443
f 2305/2590/2444 2307/2592/2444 2306/2591/2444
f 2294/2589/2445 2293/2593/2445 2307/2592/2445 2305/2590/2445 2304/2588/2445 2302/2586/2445
f 2310/2594/2446 2313/2597/2446 2312/2596/2446 2308/2595/2446
f 2309/2598/2447 2311/2599/2447 2313/2597/2447 2310/2594/2447
f 2293/2593/2448 2308/2595/2448 2312/2600/2448 2306/2591/2448 2307/2592/2448
f 2301/2583/2449 2296/2584/2449 2309/2602/2449 2310/2594/2449 2300/2601/2449
f 2309/2598/2450 2296/2570/2450 2297/2571/2450 2311/2599/2450
f 2300/2601/2451 2310/2594/2451 2308/2603/2451 2293/2593/2451 2294/2589/2451
f 2299/2604/2452 2313/2597/2452 2311/2605/2452 2297/2577/2452 2298/2574/2452
f 2304/2588/2453 2305/2590/2453 2306/2591/2453 2312/2596/2453 2313/2597/2453 2299/2604/2453 2303/2587/2453
o Cylinder.012
v -0.142649 3.675931 -2.000752
v -0.157483 3.262172 -2.708237
v -0.141726 3.771598 -2.050799
v -0.480374 3.795423 -2.043273
v -0.445437 3.832155 -2.087641
v -0.460935 3.434534 -2.807245
v -0.150578 3.344937 -2.772043
v -0.218355 3.758765 -2.048249
v -0.190599 3.822946 -2.083986
v -0.213967 3.387033 -2.822661
v -0.242325 3.331363 -2.746917
v -0.320424 3.430713 -2.813426
v -0.302257 3.428229 -2.812980
v -0.310495 3.488682 -2.714009
v -0.330626 3.355954 -2.773261
v -0.351361 3.362182 -2.766656
v -0.340589 3.420537 -2.667228
v -0.451494 3.359543 -2.764428
v -0.466347 3.400428 -2.791932
v -0.480768 3.381577 -2.742006
v -0.361903 3.778463 -2.054712
v -0.311641 3.780482 -2.060369
v -0.319158 3.795037 -2.128609
v -0.284812 3.844902 -2.095900
v -0.341497 3.845068 -2.086517
v -0.309514 3.809676 -2.174108
v -0.142648 3.675931 0.608120
v -0.157484 3.262172 1.315668
v -0.141726 3.771598 0.658163
v -0.480373 3.795424 0.654388
v -0.445437 3.832155 0.698149
v -0.460935 3.434535 1.418015
v -0.150578 3.344937 1.379444
v -0.218355 3.758764 0.656035
v -0.190599 3.822945 0.691592
v -0.213967 3.387033 1.430419
v -0.242325 3.331364 1.354888
v -0.320424 3.430714 1.422167
v -0.302257 3.428228 1.421519
v -0.310495 3.488683 1.322638
v -0.330626 3.355954 1.382122
v -0.351361 3.362181 1.375774
v -0.340589 3.420536 1.276209
v -0.451494 3.359544 1.375036
v -0.466347 3.400429 1.402797
v -0.480768 3.381577 1.353127
v -0.361903 3.778463 0.663967
v -0.311641 3.780482 0.669010
v -0.319157 3.795037 0.737336
v -0.284811 3.844902 0.704259
v -0.341496 3.845069 0.695511
v -0.309514 3.809676 0.782726
vn -0.9992 0.0396 -0.0067
vn 0.0511 -0.4794 -0.8761
vn -0.7402 -0.5717 0.3541
vn 0.0924 0.6951 0.7129
vn 0.7360 0.5718 -0.3624
vn 0.1592 0.6216 0.7670
vn -0.9328 0.3449 -0.1047
vn 0.9402 -0.2472 0.2342
vn 0.7284 0.5444 0.4160
vn 0.9238 -0.3355 0.1848
vn 0.0163 0.5234 0.8519
vn -0.9086 -0.0576 -0.4137
vn 0.8518 -0.5111 -0.1153
vn -0.1064 0.8533 -0.5105
vn -0.0483 -0.5758 -0.8162
vn 0.4537 0.7556 -0.4724
vn -0.0007 -0.4845 -0.8748
vn 0.0793 -0.8680 0.4902
vn -0.2945 -0.8212 0.4888
vn -0.9992 0.0396 0.0067
vn 0.0559 -0.4791 0.8760
vn -0.7410 -0.5709 -0.3536
vn 0.0880 0.6953 -0.7133
vn 0.7370 0.5709 0.3618
vn 0.1521 0.6223 -0.7679
vn -0.9326 0.3453 0.1048
vn 0.9399 -0.2478 -0.2348
vn 0.7249 0.5473 -0.4182
vn 0.9233 -0.3365 -0.1853
vn 0.0037 0.5239 -0.8518
vn -0.9077 -0.0578 0.4156
vn 0.8521 -0.5105 0.1151
vn -0.0988 0.8539 0.5109
vn -0.0360 -0.5759 0.8167
vn 0.4574 0.7540 0.4714
vn 0.0068 -0.4845 0.8748
vn 0.0724 -0.8685 -0.4905
vn -0.2984 -0.8202 -0.4881
vt 0.375000 0.000000
vt 0.671954 0.000480
vt 0.625000 0.260493
vt 0.375000 0.250000
vt 0.375000 0.916667
vt 0.625000 0.916667
vt 0.625000 0.974902
vt 0.375000 1.000000
vt 0.791667 0.500000
vt 0.864507 0.500000
vt 0.849902 0.750000
vt 0.791667 0.750000
vt 0.625000 0.333333
vt 0.375000 0.333333
vt 0.125000 0.500000
vt 0.208333 0.500000
vt 0.208333 0.750000
vt 0.125000 0.750000
vt 0.625000 0.410618
vt 0.375000 0.410618
vt 0.708333 0.500665
vt 0.625000 0.421930
vt 0.296930 0.500000
vt 0.291667 0.500665
vt 0.358130 0.498828
vt 0.405632 0.500000
vt 0.375000 0.507992
vt 0.625000 0.500000
vt 0.538355 0.757042
vt 0.375000 0.750000
vt 0.375000 0.421930
vt 0.397578 0.731893
vt 0.375000 0.818610
vt 0.668492 0.751651
vt 0.690090 0.716421
vt 0.375198 0.852460
vt 0.625000 0.852823
vt 0.306390 0.750000
vt 0.604691 0.815452
vt 0.285621 0.500000
vt 0.272177 0.750000
vt 0.703070 0.500000
vt 0.714379 0.500000
vt 0.727662 0.750000
s 0
usemtl Tile_3
f 2314/2606/2454 2316/2607/2454 2320/2608/2454 2315/2609/2454
f 2321/2610/2455 2322/2611/2455 2316/2612/2455 2314/2613/2455
f 2323/2614/2456 2320/2615/2456 2316/2616/2456 2322/2617/2456
f 2315/2609/2457 2320/2608/2457 2323/2618/2457 2324/2619/2457
f 2315/2620/2458 2324/2621/2458 2321/2622/2458 2314/2623/2458
f 2324/2619/2459 2323/2618/2459 2326/2624/2459 2328/2625/2459
f 2327/2626/2460 2325/2627/2460 2329/2628/2460 2330/2629/2460
f 2326/2624/2461 2327/2626/2461 2330/2629/2461 2328/2625/2461
f 2331/2630/2462 2332/2631/2462 2333/2632/2462
f 2333/2632/2463 2332/2631/2463 2319/2633/2463 2318/2634/2463 2317/2635/2463
f 2329/2636/2464 2325/2627/2464 2319/2633/2464 2332/2631/2464 2331/2630/2464
f 2336/2637/2465 2334/2638/2465 2338/2639/2465 2339/2640/2465
f 2335/2641/2466 2336/2637/2466 2339/2640/2466 2337/2642/2466
f 2330/2629/2467 2329/2628/2467 2331/2630/2467 2333/2632/2467 2317/2635/2467 2334/2643/2467 2336/2637/2467
f 2317/2635/2468 2318/2634/2468 2338/2644/2468 2334/2638/2468
f 2324/2621/2469 2328/2645/2469 2330/2629/2469 2336/2637/2469 2335/2646/2469 2321/2622/2469
f 2335/2641/2470 2337/2642/2470 2322/2611/2470 2321/2610/2470
f 2319/2633/2471 2325/2647/2471 2327/2626/2471 2339/2640/2471 2338/2639/2471 2318/2634/2471
f 2327/2626/2472 2326/2648/2472 2323/2614/2472 2322/2617/2472 2337/2649/2472 2339/2640/2472
f 2340/2606/2473 2341/2609/2473 2346/2608/2473 2342/2607/2473
f 2347/2610/2474 2340/2613/2474 2342/2612/2474 2348/2611/2474
f 2349/2614/2475 2348/2617/2475 2342/2616/2475 2346/2615/2475
f 2341/2609/2476 2350/2619/2476 2349/2618/2476 2346/2608/2476
f 2341/2620/2477 2340/2623/2477 2347/2622/2477 2350/2621/2477
f 2350/2619/2478 2354/2625/2478 2352/2624/2478 2349/2618/2478
f 2353/2626/2479 2356/2629/2479 2355/2628/2479 2351/2627/2479
f 2352/2624/2480 2354/2625/2480 2356/2629/2480 2353/2626/2480
f 2357/2630/2481 2359/2632/2481 2358/2631/2481
f 2359/2632/2482 2343/2635/2482 2344/2634/2482 2345/2633/2482 2358/2631/2482
f 2355/2636/2483 2357/2630/2483 2358/2631/2483 2345/2633/2483 2351/2627/2483
f 2362/2637/2484 2365/2640/2484 2364/2639/2484 2360/2638/2484
f 2361/2641/2485 2363/2642/2485 2365/2640/2485 2362/2637/2485
f 2356/2629/2486 2362/2637/2486 2360/2643/2486 2343/2635/2486 2359/2632/2486 2357/2630/2486 2355/2628/2486
f 2343/2635/2487 2360/2638/2487 2364/2644/2487 2344/2634/2487
f 2350/2621/2488 2347/2622/2488 2361/2646/2488 2362/2637/2488 2356/2629/2488 2354/2645/2488
f 2361/2641/2489 2347/2610/2489 2348/2611/2489 2363/2642/2489
f 2345/2633/2490 2344/2634/2490 2364/2639/2490 2365/2640/2490 2353/2626/2490 2351/2647/2490
f 2353/2626/2491 2365/2640/2491 2363/2649/2491 2348/2617/2491 2349/2614/2491 2352/2648/2491
o Cylinder.013
v -0.361894 3.697756 -1.975525
v -0.339878 3.260055 -2.669863
v -0.318783 3.757073 -2.005598
v -0.797881 3.821056 -2.028074
v -0.801894 3.401798 -2.740665
v -0.294008 3.329464 -2.719121
v -0.447340 3.761032 -2.009570
v -0.419400 3.826367 -2.049006
v -0.491797 3.422223 -2.766876
v -0.610113 3.454845 -2.782946
v -0.654502 3.386050 -2.727367
v -0.529797 3.350193 -2.723902
v -0.780487 3.456396 -2.770176
v -0.700483 3.463770 -2.779156
v -0.776513 3.495996 -2.743595
v -0.779781 3.840419 -2.159434
v -0.717241 3.891162 -2.062097
v -0.777555 3.878571 -2.054888
v -0.638141 3.805554 -2.025890
v -0.564480 3.793880 -2.016325
v -0.587279 3.740784 -2.106970
v -0.546748 3.869066 -2.069539
v -0.613297 3.876932 -2.068820
v -0.566803 3.792016 -2.195206
v -0.361894 3.697757 0.584780
v -0.339878 3.260056 1.278836
v -0.318783 3.757074 0.614320
v -0.797881 3.821056 0.646741
v -0.801894 3.401798 1.359450
v -0.294008 3.329464 1.327573
v -0.447340 3.761032 0.620110
v -0.419400 3.826367 0.659093
v -0.491798 3.422223 1.378200
v -0.610113 3.454845 1.396723
v -0.654502 3.386052 1.342195
v -0.529797 3.350192 1.335957
v -0.780487 3.456396 1.388342
v -0.700483 3.463770 1.395142
v -0.776513 3.495996 1.361647
v -0.779781 3.840419 0.777580
v -0.717241 3.891161 0.678523
v -0.777555 3.878571 0.672971
v -0.638141 3.805554 0.640322
v -0.564480 3.793880 0.629096
v -0.587279 3.740784 0.720232
v -0.546749 3.869066 0.681938
v -0.613297 3.876933 0.682670
v -0.566803 3.792017 0.808025
vn -0.8616 0.4192 -0.2863
vn 0.0117 -0.4921 -0.8705
vn -0.5286 -0.7262 0.4396
vn 0.0298 0.5335 0.8453
vn 0.0841 0.5378 0.8388
vn 0.5401 0.7105 -0.4511
vn 0.1432 -0.5615 0.8150
vn 0.0315 0.5457 0.8374
vn 0.2305 -0.9157 0.3293
vn 0.9663 -0.2234 0.1281
vn -0.9213 -0.0688 -0.3827
vn 0.9543 -0.2988 -0.0093
vn -0.0591 -0.4360 -0.8980
vn 0.2417 0.8286 -0.5051
vn -0.0706 -0.5330 -0.8432
vn 0.1341 0.8511 -0.5077
vn -0.2995 -0.8156 0.4951
vn -0.1017 -0.8562 0.5066
vn -0.8607 0.4204 0.2871
vn 0.0240 -0.4921 0.8702
vn -0.5331 -0.7238 -0.4380
vn 0.0169 0.5338 -0.8454
vn 0.0662 0.5385 -0.8400
vn 0.5452 0.7077 0.4493
vn 0.1214 -0.5632 -0.8174
vn 0.0096 0.5456 -0.8380
vn 0.2219 -0.9176 -0.3299
vn 0.9660 -0.2242 -0.1286
vn -0.9200 -0.0694 0.3857
vn 0.9543 -0.2987 0.0093
vn -0.0357 -0.4360 0.8992
vn 0.2515 0.8264 0.5038
vn -0.0550 -0.5336 0.8439
vn 0.1470 0.8495 0.5067
vn -0.3082 -0.8132 -0.4936
vn -0.1144 -0.8550 -0.5059
vt 0.425244 0.000000
vt 0.643712 -0.000007
vt 0.625000 0.250000
vt 0.375000 0.259599
vt 0.393293 0.916667
vt 0.625000 0.916667
vt 0.625000 0.988437
vt 0.380972 0.972793
vt 0.752877 0.499728
vt 0.875000 0.500000
vt 0.863437 0.750000
vt 0.791667 0.750000
vt 0.627901 0.374752
vt 0.375000 0.375024
vt 0.632246 0.436774
vt 0.375000 0.437454
vt 0.134599 0.500000
vt 0.250024 0.500000
vt 0.208040 0.751168
vt 0.152111 0.750381
vt 0.571053 0.500000
vt 0.654047 0.497274
vt 0.625000 0.514075
vt 0.375000 0.500000
vt 0.625000 0.716038
vt 0.648875 0.751737
vt 0.581515 0.750000
vt 0.375000 0.750000
vt 0.274657 0.671048
vt 0.375000 0.816853
vt 0.691358 0.750496
vt 0.659365 0.690009
vt 0.375000 0.852272
vt 0.625000 0.852272
vt 0.631816 0.810037
vt 0.312454 0.500000
vt 0.272820 0.750000
vt 0.308147 0.750000
vt 0.694792 0.499320
vt 0.727180 0.750000
s 0
usemtl Tile_2
f 2366/2650/2492 2368/2651/2492 2371/2652/2492 2367/2653/2492
f 2372/2654/2493 2373/2655/2493 2368/2656/2493 2366/2657/2493
f 2374/2658/2494 2371/2659/2494 2368/2660/2494 2373/2661/2494
f 2367/2653/2495 2371/2652/2495 2374/2662/2495 2377/2663/2495
f 2377/2663/2496 2374/2662/2496 2375/2664/2496 2376/2665/2496
f 2367/2666/2497 2377/2667/2497 2372/2668/2497 2366/2669/2497
f 2378/2670/2498 2379/2671/2498 2380/2672/2498
f 2376/2665/2499 2375/2664/2499 2379/2671/2499 2378/2670/2499 2370/2673/2499
f 2381/2674/2500 2382/2675/2500 2383/2676/2500
f 2370/2673/2501 2378/2670/2501 2380/2672/2501 2381/2674/2501 2383/2676/2501 2369/2677/2501
f 2386/2678/2502 2384/2679/2502 2388/2680/2502 2389/2681/2502
f 2385/2682/2503 2386/2678/2503 2389/2681/2503 2387/2683/2503
f 2369/2677/2504 2383/2676/2504 2382/2675/2504 2388/2684/2504 2384/2679/2504
f 2377/2667/2505 2376/2685/2505 2386/2678/2505 2385/2686/2505 2372/2668/2505
f 2385/2682/2506 2387/2683/2506 2373/2655/2506 2372/2654/2506
f 2376/2685/2507 2370/2673/2507 2369/2677/2507 2384/2687/2507 2386/2678/2507
f 2375/2688/2508 2374/2658/2508 2373/2661/2508 2387/2689/2508 2389/2681/2508
f 2380/2672/2509 2379/2671/2509 2375/2688/2509 2389/2681/2509 2388/2680/2509 2382/2675/2509 2381/2674/2509
f 2390/2650/2510 2391/2653/2510 2395/2652/2510 2392/2651/2510
f 2396/2654/2511 2390/2657/2511 2392/2656/2511 2397/2655/2511
f 2398/2658/2512 2397/2661/2512 2392/2660/2512 2395/2659/2512
f 2391/2653/2513 2401/2663/2513 2398/2662/2513 2395/2652/2513
f 2401/2663/2514 2400/2665/2514 2399/2664/2514 2398/2662/2514
f 2391/2666/2515 2390/2669/2515 2396/2668/2515 2401/2667/2515
f 2402/2670/2516 2404/2672/2516 2403/2671/2516
f 2400/2665/2517 2394/2673/2517 2402/2670/2517 2403/2671/2517 2399/2664/2517
f 2405/2674/2518 2407/2676/2518 2406/2675/2518
f 2394/2673/2519 2393/2677/2519 2407/2676/2519 2405/2674/2519 2404/2672/2519 2402/2670/2519
f 2410/2678/2520 2413/2681/2520 2412/2680/2520 2408/2679/2520
f 2409/2682/2521 2411/2683/2521 2413/2681/2521 2410/2678/2521
f 2393/2677/2522 2408/2679/2522 2412/2684/2522 2406/2675/2522 2407/2676/2522
f 2401/2667/2523 2396/2668/2523 2409/2686/2523 2410/2678/2523 2400/2685/2523
f 2409/2682/2524 2396/2654/2524 2397/2655/2524 2411/2683/2524
f 2400/2685/2525 2410/2678/2525 2408/2687/2525 2393/2677/2525 2394/2673/2525
f 2399/2688/2526 2413/2681/2526 2411/2689/2526 2397/2661/2526 2398/2658/2526
f 2404/2672/2527 2405/2674/2527 2406/2675/2527 2412/2680/2527 2413/2681/2527 2399/2688/2527 2403/2671/2527
o Cylinder.014
v -0.624489 3.702136 -1.966017
v -0.625594 3.288539 -2.663010
v -0.606038 3.776396 -1.998081
v -0.990812 3.832249 -2.025161
v -0.970159 3.908340 -2.067589
v -0.958263 3.488510 -2.768312
v -0.609318 3.364265 -2.730798
v -0.710690 3.792391 -2.013078
v -0.830848 3.816653 -2.012589
v -0.814608 3.891276 -2.065270
v -0.692115 3.863811 -2.034369
v -0.711866 3.434911 -2.762448
v -0.734443 3.362870 -2.719090
v -0.825220 3.470523 -2.772781
v -0.808481 3.467402 -2.782934
v -0.837823 3.540501 -2.671580
v -0.836758 3.402707 -2.720751
v -0.849191 3.394556 -2.724509
v -0.847652 3.465299 -2.641526
v -0.956525 3.417025 -2.721877
v -0.986078 3.421399 -2.739974
v -1.000390 3.434124 -2.712587
v -0.624489 3.702136 0.580126
v -0.625594 3.288539 1.277145
v -0.606038 3.776396 0.611765
v -0.990812 3.832249 0.649963
v -0.970159 3.908341 0.691686
v -0.958263 3.488510 1.392009
v -0.609318 3.364265 1.344556
v -0.710690 3.792391 0.629331
v -0.830848 3.816652 0.632230
v -0.814608 3.891276 0.684426
v -0.692115 3.863811 0.650138
v -0.711866 3.434911 1.378732
v -0.734443 3.362871 1.335975
v -0.825220 3.470524 1.392254
v -0.808481 3.467402 1.401911
v -0.837823 3.540501 1.291430
v -0.836759 3.402708 1.340571
v -0.849191 3.394556 1.344706
v -0.847652 3.465299 1.261674
v -0.956525 3.417025 1.345515
v -0.986077 3.421400 1.364615
v -1.000390 3.434124 1.337721
vn -0.9818 0.1656 -0.0927
vn 0.0781 -0.3603 -0.9296
vn -0.6708 -0.6381 0.3779
vn 0.0688 0.5881 0.8059
vn -0.0150 -0.5310 -0.8472
vn 0.0147 -0.4546 -0.8906
vn 0.7056 0.6018 -0.3741
vn -0.0747 -0.8565 0.5108
vn -0.3218 -0.8143 0.4830
vn 0.1204 0.5781 0.8070
vn 0.2846 0.8212 -0.4946
vn -0.9776 0.1348 -0.1617
vn 0.9604 -0.0871 0.2647
vn 0.2999 0.9154 -0.2686
vn 0.0931 0.8577 -0.5056
vn 0.9323 -0.3074 0.1904
vn 0.0563 0.5283 0.8472
vn -0.9817 0.1660 0.0928
vn 0.1008 -0.3596 0.9277
vn -0.6759 -0.6341 -0.3756
vn 0.0488 0.5887 -0.8069
vn 0.0122 -0.5310 0.8473
vn 0.0395 -0.4543 0.8900
vn 0.7103 0.5978 0.3717
vn -0.0908 -0.8553 -0.5101
vn -0.3339 -0.8107 -0.4809
vn 0.0978 0.5796 -0.8090
vn 0.2975 0.8179 0.4926
vn -0.9774 0.1354 0.1625
vn 0.9598 -0.0877 -0.2668
vn 0.3082 0.9128 0.2679
vn 0.1094 0.8563 0.5047
vn 0.9315 -0.3093 -0.1916
vn 0.0292 0.5291 -0.8481
vt 0.375000 0.000000
vt 0.625000 0.000000
vt 0.625000 0.250000
vt 0.375000 0.250000
vt 0.375000 0.916667
vt 0.625000 0.916667
vt 0.625000 1.000000
vt 0.375000 1.000000
vt 0.791667 0.500000
vt 0.875000 0.500000
vt 0.875000 0.750000
vt 0.791667 0.750000
vt 0.625000 0.333333
vt 0.375000 0.333333
vt 0.375000 0.750000
vt 0.625000 0.750000
vt 0.625000 0.833333
vt 0.375000 0.833333
vt 0.125000 0.500000
vt 0.208333 0.500000
vt 0.208333 0.750000
vt 0.125000 0.750000
vt 0.625000 0.500000
vt 0.703070 0.500000
vt 0.708333 0.500665
vt 0.708333 0.750000
vt 0.714379 0.500000
vt 0.625000 0.410618
vt 0.375000 0.410618
vt 0.285621 0.500000
vt 0.291667 0.500665
vt 0.291667 0.750000
vt 0.625000 0.421930
vt 0.296930 0.500000
vt 0.358130 0.498828
vt 0.405632 0.500000
vt 0.375000 0.507992
vt 0.375000 0.421930
s 0
usemtl Tile_3
f 2414/2690/2528 2416/2691/2528 2420/2692/2528 2415/2693/2528
f 2421/2694/2529 2424/2695/2529 2416/2696/2529 2414/2697/2529
f 2425/2698/2530 2420/2699/2530 2416/2700/2530 2424/2701/2530
f 2415/2693/2531 2420/2692/2531 2425/2702/2531 2426/2703/2531
f 2417/2704/2532 2418/2705/2532 2423/2706/2532 2422/2707/2532
f 2422/2707/2533 2423/2706/2533 2424/2695/2533 2421/2694/2533
f 2415/2708/2534 2426/2709/2534 2421/2710/2534 2414/2711/2534
f 2419/2712/2535 2427/2713/2535 2429/2714/2535 2423/2715/2535 2418/2705/2535
f 2429/2714/2536 2428/2716/2536 2425/2698/2536 2424/2701/2536 2423/2715/2536
f 2426/2703/2537 2425/2702/2537 2428/2717/2537 2430/2718/2537
f 2426/2709/2538 2430/2719/2538 2432/2720/2538 2422/2721/2538 2421/2710/2538
f 2429/2714/2539 2427/2722/2539 2431/2723/2539 2432/2720/2539
f 2428/2717/2540 2429/2714/2540 2432/2720/2540 2430/2718/2540
f 2433/2724/2541 2434/2725/2541 2435/2726/2541
f 2432/2720/2542 2431/2723/2542 2433/2724/2542 2435/2726/2542 2417/2704/2542 2422/2721/2542
f 2435/2726/2543 2434/2725/2543 2419/2712/2543 2418/2705/2543 2417/2704/2543
f 2431/2727/2544 2427/2722/2544 2419/2712/2544 2434/2725/2544 2433/2724/2544
f 2436/2690/2545 2437/2693/2545 2442/2692/2545 2438/2691/2545
f 2443/2694/2546 2436/2697/2546 2438/2696/2546 2446/2695/2546
f 2447/2698/2547 2446/2701/2547 2438/2700/2547 2442/2699/2547
f 2437/2693/2548 2448/2703/2548 2447/2702/2548 2442/2692/2548
f 2439/2704/2549 2444/2707/2549 2445/2706/2549 2440/2705/2549
f 2444/2707/2550 2443/2694/2550 2446/2695/2550 2445/2706/2550
f 2437/2708/2551 2436/2711/2551 2443/2710/2551 2448/2709/2551
f 2441/2712/2552 2440/2705/2552 2445/2715/2552 2451/2714/2552 2449/2713/2552
f 2451/2714/2553 2445/2715/2553 2446/2701/2553 2447/2698/2553 2450/2716/2553
f 2448/2703/2554 2452/2718/2554 2450/2717/2554 2447/2702/2554
f 2448/2709/2555 2443/2710/2555 2444/2721/2555 2454/2720/2555 2452/2719/2555
f 2451/2714/2556 2454/2720/2556 2453/2723/2556 2449/2722/2556
f 2450/2717/2557 2452/2718/2557 2454/2720/2557 2451/2714/2557
f 2455/2724/2558 2457/2726/2558 2456/2725/2558
f 2454/2720/2559 2444/2721/2559 2439/2704/2559 2457/2726/2559 2455/2724/2559 2453/2723/2559
f 2457/2726/2560 2439/2704/2560 2440/2705/2560 2441/2712/2560 2456/2725/2560
f 2453/2727/2561 2455/2724/2561 2456/2725/2561 2441/2712/2561 2449/2722/2561
o Cylinder.015
v -0.835796 3.341394 -2.582318
v -0.834071 3.653879 -2.050204
v -0.819056 3.403908 -2.630544
v -1.313002 3.527742 -2.637937
v -1.294174 3.598939 -2.685244
v -1.275657 3.908438 -2.148278
v -0.821611 3.745263 -2.088493
v -0.953981 3.443227 -2.632409
v -1.108519 3.479191 -2.642920
v -1.095490 3.558147 -2.685361
v -0.936470 3.495687 -2.681956
v -0.958549 3.827271 -2.127382
v -0.980229 3.758125 -2.083829
v -1.105715 3.876627 -2.143793
v -1.084613 3.879539 -2.139515
v -1.122918 3.839219 -2.227727
v -1.113298 3.801023 -2.106730
v -1.128633 3.801838 -2.098356
v -1.128646 3.776248 -2.178357
v -1.266331 3.832609 -2.107694
v -1.304777 3.854462 -2.102946
v -1.322743 3.842810 -2.119883
v -0.835797 3.341394 1.202108
v -0.834071 3.653879 0.669942
v -0.819056 3.403908 1.249834
v -1.313002 3.527742 1.274332
v -1.294174 3.598938 1.320974
v -1.275657 3.908438 0.783350
v -0.821611 3.745263 0.707858
v -0.953981 3.443227 1.255962
v -1.108519 3.479190 1.271908
v -1.095490 3.558147 1.313876
v -0.936470 3.495688 1.304929
v -0.958549 3.827271 0.751088
v -0.980229 3.758126 0.708270
v -1.105715 3.876627 0.772679
v -1.084613 3.879538 0.767636
v -1.122918 3.839219 0.857240
v -1.113298 3.801023 0.735892
v -1.128633 3.801838 0.728077
v -1.128645 3.776248 0.808078
v -1.266331 3.832609 0.742432
v -1.304777 3.854461 0.739052
v -1.322743 3.842809 0.756618
vn -0.9866 0.1391 -0.0855
vn 0.1669 0.6094 0.7751
vn -0.6095 -0.6818 0.4047
vn -0.0622 -0.4428 -0.8945
vn 0.1196 0.4905 0.8632
vn 0.1350 0.5469 0.8262
vn 0.6410 0.6701 -0.3744
vn -0.1540 -0.8531 0.4984
vn -0.3412 -0.8097 0.4775
vn -0.0434 -0.4471 -0.8934
vn 0.3145 0.8219 -0.4749
vn -0.9761 0.2163 0.0194
vn 0.9276 -0.3287 -0.1775
vn 0.2711 0.6343 -0.7240
vn 0.1653 0.8481 -0.5034
vn 0.9207 -0.3447 0.1832
vn -0.0954 -0.4914 -0.8657
vn -0.9865 0.1395 0.0857
vn 0.1429 0.6117 -0.7780
vn -0.6174 -0.6764 -0.4015
vn -0.0336 -0.4433 0.8957
vn 0.0886 0.4922 -0.8659
vn 0.1065 0.5489 -0.8291
vn 0.6479 0.6649 0.3716
vn -0.1716 -0.8506 -0.4970
vn -0.3559 -0.8050 -0.4747
vn -0.0119 -0.4475 0.8942
vn 0.3296 0.8175 0.4724
vn -0.9762 0.2162 -0.0194
vn 0.9285 -0.3267 0.1764
vn 0.2946 0.6295 0.7189
vn 0.1830 0.8454 0.5018
vn 0.9197 -0.3467 -0.1843
vn -0.0641 -0.4926 0.8679
vt 0.375000 0.000000
vt 0.625000 0.000000
vt 0.625000 0.250000
vt 0.375000 0.250000
vt 0.375000 0.916667
vt 0.625000 0.916667
vt 0.625000 1.000000
vt 0.375000 1.000000
vt 0.791667 0.500000
vt 0.875000 0.500000
vt 0.875000 0.750000
vt 0.791667 0.750000
vt 0.625000 0.333333
vt 0.375000 0.333333
vt 0.375000 0.750000
vt 0.625000 0.750000
vt 0.625000 0.833333
vt 0.375000 0.833333
vt 0.125000 0.500000
vt 0.208333 0.500000
vt 0.208333 0.750000
vt 0.125000 0.750000
vt 0.625000 0.500000
vt 0.703070 0.500000
vt 0.708333 0.500665
vt 0.708333 0.750000
vt 0.714379 0.500000
vt 0.625000 0.410618
vt 0.375000 0.410618
vt 0.285621 0.500000
vt 0.291667 0.500665
vt 0.291667 0.750000
vt 0.625000 0.421930
vt 0.296930 0.500000
vt 0.358130 0.498828
vt 0.405632 0.500000
vt 0.375000 0.507992
vt 0.375000 0.421930
s 0
usemtl Tile_2
f 2458/2728/2562 2459/2731/2562 2464/2730/2562 2460/2729/2562
f 2465/2732/2563 2458/2735/2563 2460/2734/2563 2468/2733/2563
f 2469/2736/2564 2468/2739/2564 2460/2738/2564 2464/2737/2564
f 2459/2731/2565 2470/2741/2565 2469/2740/2565 2464/2730/2565
f 2461/2742/2566 2466/2745/2566 2467/2744/2566 2462/2743/2566
f 2466/2745/2567 2465/2732/2567 2468/2733/2567 2467/2744/2567
f 2459/2746/2568 2458/2749/2568 2465/2748/2568 2470/2747/2568
f 2463/2750/2569 2462/2743/2569 2467/2753/2569 2473/2752/2569 2471/2751/2569
f 2473/2752/2570 2467/2753/2570 2468/2739/2570 2469/2736/2570 2472/2754/2570
f 2470/2741/2571 2474/2756/2571 2472/2755/2571 2469/2740/2571
f 2470/2747/2572 2465/2748/2572 2466/2759/2572 2476/2758/2572 2474/2757/2572
f 2473/2752/2573 2476/2758/2573 2475/2761/2573 2471/2760/2573
f 2472/2755/2574 2474/2756/2574 2476/2758/2574 2473/2752/2574
f 2477/2762/2575 2479/2764/2575 2478/2763/2575
f 2476/2758/2576 2466/2759/2576 2461/2742/2576 2479/2764/2576 2477/2762/2576 2475/2761/2576
f 2479/2764/2577 2461/2742/2577 2462/2743/2577 2463/2750/2577 2478/2763/2577
f 2475/2765/2578 2477/2762/2578 2478/2763/2578 2463/2750/2578 2471/2760/2578
f 2480/2728/2579 2482/2729/2579 2486/2730/2579 2481/2731/2579
f 2487/2732/2580 2490/2733/2580 2482/2734/2580 2480/2735/2580
f 2491/2736/2581 2486/2737/2581 2482/2738/2581 2490/2739/2581
f 2481/2731/2582 2486/2730/2582 2491/2740/2582 2492/2741/2582
f 2483/2742/2583 2484/2743/2583 2489/2744/2583 2488/2745/2583
f 2488/2745/2584 2489/2744/2584 2490/2733/2584 2487/2732/2584
f 2481/2746/2585 2492/2747/2585 2487/2748/2585 2480/2749/2585
f 2485/2750/2586 2493/2751/2586 2495/2752/2586 2489/2753/2586 2484/2743/2586
f 2495/2752/2587 2494/2754/2587 2491/2736/2587 2490/2739/2587 2489/2753/2587
f 2492/2741/2588 2491/2740/2588 2494/2755/2588 2496/2756/2588
f 2492/2747/2589 2496/2757/2589 2498/2758/2589 2488/2759/2589 2487/2748/2589
f 2495/2752/2590 2493/2760/2590 2497/2761/2590 2498/2758/2590
f 2494/2755/2591 2495/2752/2591 2498/2758/2591 2496/2756/2591
f 2499/2762/2592 2500/2763/2592 2501/2764/2592
f 2498/2758/2593 2497/2761/2593 2499/2762/2593 2501/2764/2593 2483/2742/2593 2488/2759/2593
f 2501/2764/2594 2500/2763/2594 2485/2750/2594 2484/2743/2594 2483/2742/2594
f 2497/2765/2595 2493/2760/2595 2485/2750/2595 2500/2763/2595 2499/2762/2595
o Cylinder.016
v -1.074621 3.705420 -1.942100
v -1.073009 3.345779 -2.668608
v -1.055976 3.782463 -1.969075
v -1.551601 3.891023 -2.008080
v -1.530865 3.972266 -2.045020
v -1.512520 3.605569 -2.775053
v -1.058272 3.428180 -2.731478
v -1.191693 3.816686 -1.986797
v -1.346852 3.858234 -1.989345
v -1.331782 3.938528 -2.037010
v -1.172465 3.889882 -2.003083
v -1.194811 3.520231 -2.762464
v -1.218487 3.444764 -2.724189
v -1.342216 3.573689 -2.774920
v -1.320941 3.569332 -2.784658
v -1.359305 3.637739 -2.669327
v -1.351675 3.499894 -2.727301
v -1.367201 3.493323 -2.732092
v -1.366795 3.558212 -2.644197
v -1.505011 3.527088 -2.732726
v -1.543252 3.535563 -2.752052
v -1.561302 3.546990 -2.724425
v -1.074620 3.705420 0.569861
v -1.073009 3.345779 1.296310
v -1.055976 3.782464 0.596167
v -1.551601 3.891023 0.651907
v -1.530865 3.972266 0.688298
v -1.512520 3.605569 1.417828
v -1.058272 3.428180 1.358651
v -1.191693 3.816686 0.618825
v -1.346852 3.858234 0.626913
v -1.331782 3.938528 0.674058
v -1.172465 3.889881 0.634407
v -1.194811 3.520231 1.394606
v -1.218487 3.444764 1.357195
v -1.342216 3.573689 1.412328
v -1.320941 3.569331 1.421329
v -1.359305 3.637739 1.307321
v -1.351674 3.499893 1.365033
v -1.367200 3.493323 1.370351
v -1.366795 3.558212 1.282443
v -1.505010 3.527089 1.375290
v -1.543252 3.535564 1.395661
v -1.561301 3.546990 1.368499
vn -0.9837 0.1623 -0.0774
vn 0.0521 -0.2884 -0.9561
vn -0.6345 -0.6939 0.3404
vn 0.0925 0.5211 0.8485
vn -0.0172 -0.4609 -0.8873
vn -0.0030 -0.3840 -0.9233
vn 0.6635 0.6647 -0.3436
vn -0.1459 -0.8859 0.4403
vn -0.3562 -0.8380 0.4133
vn 0.1237 0.5138 0.8489
vn 0.3265 0.8448 -0.4240
vn -0.9775 0.1268 -0.1688
vn 0.9497 -0.0753 0.3041
vn 0.3025 0.9343 -0.1888
vn 0.1562 0.8870 -0.4346
vn 0.9205 -0.3446 0.1843
vn 0.0499 0.4620 0.8855
vn -0.9836 0.1628 0.0776
vn 0.0867 -0.2878 0.9538
vn -0.6418 -0.6885 -0.3377
vn 0.0618 0.5224 -0.8505
vn 0.0102 -0.4611 0.8873
vn 0.0300 -0.3839 0.9229
vn 0.6704 0.6591 0.3407
vn -0.1593 -0.8841 -0.4393
vn -0.3690 -0.8336 -0.4111
vn 0.0937 0.5156 -0.8517
vn 0.3398 0.8406 0.4219
vn -0.9772 0.1275 0.1697
vn 0.9486 -0.0761 -0.3071
vn 0.3071 0.9329 0.1884
vn 0.1690 0.8851 0.4336
vn 0.9197 -0.3462 -0.1852
vn 0.0224 0.4621 -0.8865
vt 0.375000 0.000000
vt 0.625000 0.000000
vt 0.625000 0.250000
vt 0.375000 0.250000
vt 0.375000 0.916667
vt 0.625000 0.916667
vt 0.625000 1.000000
vt 0.375000 1.000000
vt 0.791667 0.500000
vt 0.875000 0.500000
vt 0.875000 0.750000
vt 0.791667 0.750000
vt 0.625000 0.333333
vt 0.375000 0.333333
vt 0.375000 0.750000
vt 0.625000 0.750000
vt 0.625000 0.833333
vt 0.375000 0.833333
vt 0.125000 0.500000
vt 0.208333 0.500000
vt 0.208333 0.750000
vt 0.125000 0.750000
vt 0.625000 0.500000
vt 0.703070 0.500000
vt 0.708333 0.500665
vt 0.708333 0.750000
vt 0.714379 0.500000
vt 0.625000 0.410618
vt 0.375000 0.410618
vt 0.285621 0.500000
vt 0.291667 0.500665
vt 0.291667 0.750000
vt 0.625000 0.421930
vt 0.296930 0.500000
vt 0.358130 0.498828
vt 0.405632 0.500000
vt 0.375000 0.507992
vt 0.375000 0.421930
s 0
usemtl Tile_1
f 2502/2766/2596 2504/2767/2596 2508/2768/2596 2503/2769/2596
f 2509/2770/2597 2512/2771/2597 2504/2772/2597 2502/2773/2597
f 2513/2774/2598 2508/2775/2598 2504/2776/2598 2512/2777/2598
f 2503/2769/2599 2508/2768/2599 2513/2778/2599 2514/2779/2599
f 2505/2780/2600 2506/2781/2600 2511/2782/2600 2510/2783/2600
f 2510/2783/2601 2511/2782/2601 2512/2771/2601 2509/2770/2601
f 2503/2784/2602 2514/2785/2602 2509/2786/2602 2502/2787/2602
f 2507/2788/2603 2515/2789/2603 2517/2790/2603 2511/2791/2603 2506/2781/2603
f 2517/2790/2604 2516/2792/2604 2513/2774/2604 2512/2777/2604 2511/2791/2604
f 2514/2779/2605 2513/2778/2605 2516/2793/2605 2518/2794/2605
f 2514/2785/2606 2518/2795/2606 2520/2796/2606 2510/2797/2606 2509/2786/2606
f 2517/2790/2607 2515/2798/2607 2519/2799/2607 2520/2796/2607
f 2516/2793/2608 2517/2790/2608 2520/2796/2608 2518/2794/2608
f 2521/2800/2609 2522/2801/2609 2523/2802/2609
f 2520/2796/2610 2519/2799/2610 2521/2800/2610 2523/2802/2610 2505/2780/2610 2510/2797/2610
f 2523/2802/2611 2522/2801/2611 2507/2788/2611 2506/2781/2611 2505/2780/2611
f 2519/2803/2612 2515/2798/2612 2507/2788/2612 2522/2801/2612 2521/2800/2612
f 2524/2766/2613 2525/2769/2613 2530/2768/2613 2526/2767/2613
f 2531/2770/2614 2524/2773/2614 2526/2772/2614 2534/2771/2614
f 2535/2774/2615 2534/2777/2615 2526/2776/2615 2530/2775/2615
f 2525/2769/2616 2536/2779/2616 2535/2778/2616 2530/2768/2616
f 2527/2780/2617 2532/2783/2617 2533/2782/2617 2528/2781/2617
f 2532/2783/2618 2531/2770/2618 2534/2771/2618 2533/2782/2618
f 2525/2784/2619 2524/2787/2619 2531/2786/2619 2536/2785/2619
f 2529/2788/2620 2528/2781/2620 2533/2791/2620 2539/2790/2620 2537/2789/2620
f 2539/2790/2621 2533/2791/2621 2534/2777/2621 2535/2774/2621 2538/2792/2621
f 2536/2779/2622 2540/2794/2622 2538/2793/2622 2535/2778/2622
f 2536/2785/2623 2531/2786/2623 2532/2797/2623 2542/2796/2623 2540/2795/2623
f 2539/2790/2624 2542/2796/2624 2541/2799/2624 2537/2798/2624
f 2538/2793/2625 2540/2794/2625 2542/2796/2625 2539/2790/2625
f 2543/2800/2626 2545/2802/2626 2544/2801/2626
f 2542/2796/2627 2532/2797/2627 2527/2780/2627 2545/2802/2627 2543/2800/2627 2541/2799/2627
f 2545/2802/2628 2527/2780/2628 2528/2781/2628 2529/2788/2628 2544/2801/2628
f 2541/2803/2629 2543/2800/2629 2544/2801/2629 2529/2788/2629 2537/2798/2629
o Cylinder.017
v 1.493010 4.051744 -1.010693
v 1.472006 3.528275 -2.097588
v 1.507262 4.164169 -1.055902
v 1.067773 4.231567 -1.103921
v 1.119497 4.272262 -1.149017
v 1.100305 3.765715 -2.249229
v 1.493572 3.623554 -2.164055
v 1.405195 4.162532 -1.069114
v 1.450419 4.233596 -1.097546
v 1.417809 3.683233 -2.234838
v 1.370389 3.623650 -2.149029
v 1.282807 3.750037 -2.230901
v 1.306193 3.745094 -2.227437
v 1.295934 3.822740 -2.076672
v 1.259349 3.662615 -2.196017
v 1.232633 3.672318 -2.189325
v 1.246877 3.745561 -2.034786
v 1.102218 3.676400 -2.206866
v 1.088836 3.725463 -2.237705
v 1.065247 3.705398 -2.176234
v 1.220419 4.202858 -1.100240
v 1.286372 4.200258 -1.097836
v 1.282125 4.215866 -1.190167
v 1.330179 4.273331 -1.125781
v 1.255784 4.280022 -1.123572
v 1.298901 4.230650 -1.247683
v 1.493009 4.051744 -0.343394
v 1.472006 3.528276 0.743052
v 1.507262 4.164169 -0.297898
v 1.067773 4.231567 -0.263714
v 1.119497 4.272263 -0.216655
v 1.100305 3.765716 0.882832
v 1.493572 3.623555 0.809980
v 1.405195 4.162532 -0.287054
v 1.450419 4.233596 -0.257484
v 1.417809 3.683233 0.879001
v 1.370389 3.623650 0.791898
v 1.282807 3.750037 0.871059
v 1.306193 3.745094 0.868356
v 1.295933 3.822740 0.717260
v 1.259349 3.662616 0.835390
v 1.232633 3.672318 0.827778
v 1.246877 3.745561 0.673732
v 1.102218 3.676400 0.840541
v 1.088836 3.725463 0.870872
v 1.065248 3.705399 0.808502
v 1.220419 4.202858 -0.261737
v 1.286372 4.200258 -0.261889
v 1.282125 4.215866 -0.169697
v 1.330179 4.273331 -0.232547
v 1.255784 4.280022 -0.237176
v 1.298902 4.230650 -0.111633
vn -0.9885 0.1419 -0.0532
vn 0.1238 -0.4039 -0.9064
vn -0.7818 -0.5544 0.2855
vn 0.0895 0.6777 0.7298
vn 0.7767 0.5574 -0.2933
vn 0.1210 0.5828 0.8036
vn -0.8671 0.4757 -0.1480
vn 0.8751 -0.4015 0.2704
vn 0.7512 0.4858 0.4468
vn 0.8531 -0.4735 0.2192
vn -0.0905 0.4619 0.8823
vn -0.8859 0.1052 -0.4517
vn 0.7958 -0.6030 -0.0558
vn 0.0241 0.8960 -0.4435
vn 0.0473 -0.5274 -0.8483
vn 0.5257 0.7558 -0.3904
vn 0.0845 -0.4078 -0.9092
vn -0.0510 -0.9033 0.4259
vn -0.3988 -0.8223 0.4059
vn -0.9885 0.1417 0.0531
vn 0.1030 -0.4051 0.9085
vn -0.7792 -0.5572 -0.2869
vn 0.1074 0.6767 -0.7284
vn 0.7738 0.5605 0.2949
vn 0.1449 0.5809 -0.8010
vn -0.8683 0.4737 0.1474
vn 0.8771 -0.3983 -0.2683
vn 0.7585 0.4796 -0.4412
vn 0.8554 -0.4701 -0.2176
vn -0.0587 0.4625 -0.8847
vn -0.8892 0.1037 0.4457
vn 0.7951 -0.6039 0.0558
vn 0.0079 0.8962 0.4436
vn 0.0162 -0.5280 0.8491
vn 0.5169 0.7606 0.3929
vn 0.0586 -0.4085 0.9109
vn -0.0358 -0.9039 -0.4262
vn -0.3889 -0.8261 -0.4078
vt 0.375000 0.000000
vt 0.671954 0.000480
vt 0.625000 0.260493
vt 0.375000 0.250000
vt 0.375000 0.916667
vt 0.625000 0.916667
vt 0.625000 0.974902
vt 0.375000 1.000000
vt 0.791667 0.500000
vt 0.864507 0.500000
vt 0.849902 0.750000
vt 0.791667 0.750000
vt 0.625000 0.333333
vt 0.375000 0.333333
vt 0.125000 0.500000
vt 0.208333 0.500000
vt 0.208333 0.750000
vt 0.125000 0.750000
vt 0.625000 0.410618
vt 0.375000 0.410618
vt 0.708333 0.500665
vt 0.625000 0.421930
vt 0.296930 0.500000
vt 0.291667 0.500665
vt 0.358130 0.498828
vt 0.405632 0.500000
vt 0.375000 0.507992
vt 0.625000 0.500000
vt 0.538355 0.757042
vt 0.375000 0.750000
vt 0.375000 0.421930
vt 0.397578 0.731893
vt 0.375000 0.818610
vt 0.668492 0.751651
vt 0.690090 0.716421
vt 0.375198 0.852460
vt 0.625000 0.852823
vt 0.306390 0.750000
vt 0.604691 0.815452
vt 0.285621 0.500000
vt 0.272177 0.750000
vt 0.703070 0.500000
vt 0.714379 0.500000
vt 0.727662 0.750000
s 0
usemtl Tile_2
f 2546/2804/2630 2548/2805/2630 2552/2806/2630 2547/2807/2630
f 2553/2808/2631 2554/2809/2631 2548/2810/2631 2546/2811/2631
f 2555/2812/2632 2552/2813/2632 2548/2814/2632 2554/2815/2632
f 2547/2807/2633 2552/2806/2633 2555/2816/2633 2556/2817/2633
f 2547/2818/2634 2556/2819/2634 2553/2820/2634 2546/2821/2634
f 2556/2817/2635 2555/2816/2635 2558/2822/2635 2560/2823/2635
f 2559/2824/2636 2557/2825/2636 2561/2826/2636 2562/2827/2636
f 2558/2822/2637 2559/2824/2637 2562/2827/2637 2560/2823/2637
f 2563/2828/2638 2564/2829/2638 2565/2830/2638
f 2565/2830/2639 2564/2829/2639 2551/2831/2639 2550/2832/2639 2549/2833/2639
f 2561/2834/2640 2557/2825/2640 2551/2831/2640 2564/2829/2640 2563/2828/2640
f 2568/2835/2641 2566/2836/2641 2570/2837/2641 2571/2838/2641
f 2567/2839/2642 2568/2835/2642 2571/2838/2642 2569/2840/2642
f 2562/2827/2643 2561/2826/2643 2563/2828/2643 2565/2830/2643 2549/2833/2643 2566/2841/2643 2568/2835/2643
f 2549/2833/2644 2550/2832/2644 2570/2842/2644 2566/2836/2644
f 2556/2819/2645 2560/2843/2645 2562/2827/2645 2568/2835/2645 2567/2844/2645 2553/2820/2645
f 2567/2839/2646 2569/2840/2646 2554/2809/2646 2553/2808/2646
f 2551/2831/2647 2557/2845/2647 2559/2824/2647 2571/2838/2647 2570/2837/2647 2550/2832/2647
f 2559/2824/2648 2558/2846/2648 2555/2812/2648 2554/2815/2648 2569/2847/2648 2571/2838/2648
f 2572/2804/2649 2573/2807/2649 2578/2806/2649 2574/2805/2649
f 2579/2808/2650 2572/2811/2650 2574/2810/2650 2580/2809/2650
f 2581/2812/2651 2580/2815/2651 2574/2814/2651 2578/2813/2651
f 2573/2807/2652 2582/2817/2652 2581/2816/2652 2578/2806/2652
f 2573/2818/2653 2572/2821/2653 2579/2820/2653 2582/2819/2653
f 2582/2817/2654 2586/2823/2654 2584/2822/2654 2581/2816/2654
f 2585/2824/2655 2588/2827/2655 2587/2826/2655 2583/2825/2655
f 2584/2822/2656 2586/2823/2656 2588/2827/2656 2585/2824/2656
f 2589/2828/2657 2591/2830/2657 2590/2829/2657
f 2591/2830/2658 2575/2833/2658 2576/2832/2658 2577/2831/2658 2590/2829/2658
f 2587/2834/2659 2589/2828/2659 2590/2829/2659 2577/2831/2659 2583/2825/2659
f 2594/2835/2660 2597/2838/2660 2596/2837/2660 2592/2836/2660
f 2593/2839/2661 2595/2840/2661 2597/2838/2661 2594/2835/2661
f 2588/2827/2662 2594/2835/2662 2592/2841/2662 2575/2833/2662 2591/2830/2662 2589/2828/2662 2587/2826/2662
f 2575/2833/2663 2592/2836/2663 2596/2842/2663 2576/2832/2663
f 2582/2819/2664 2579/2820/2664 2593/2844/2664 2594/2835/2664 2588/2827/2664 2586/2843/2664
f 2593/2839/2665 2579/2808/2665 2580/2809/2665 2595/2840/2665
f 2577/2831/2666 2576/2832/2666 2596/2837/2666 2597/2838/2666 2585/2824/2666 2583/2845/2666
f 2585/2824/2667 2597/2838/2667 2595/2847/2667 2580/2815/2667 2581/2812/2667 2584/2846/2667
o Cylinder.018
v -0.819651 4.103515 -0.937796
v -0.823605 3.507165 -2.154002
v -0.799452 4.192251 -0.961805
v -1.302882 4.287649 -1.006266
v -1.280297 4.377994 -1.045211
v -1.267242 3.772692 -2.268447
v -0.807268 3.594058 -2.232895
v -0.936759 4.218871 -0.984757
v -1.094117 4.258889 -0.982325
v -1.077405 4.346130 -1.038054
v -0.916001 4.305183 -0.992965
v -0.944475 3.687693 -2.263302
v -0.969815 3.603284 -2.221383
v -1.093740 3.740421 -2.273447
v -1.072109 3.734102 -2.289268
v -1.110168 3.840492 -2.094265
v -1.104623 3.661329 -2.216199
v -1.120574 3.651577 -2.225435
v -1.119130 3.749587 -2.073387
v -1.260863 3.687401 -2.220319
v -1.299864 3.692582 -2.248760
v -1.318174 3.712270 -2.203089
v -0.819651 4.103515 -0.442898
v -0.823605 3.507164 0.773426
v -0.799452 4.192251 -0.419482
v -1.302882 4.287648 -0.357695
v -1.280297 4.377994 -0.319552
v -1.267242 3.772693 0.903217
v -0.807268 3.594058 0.851836
v -0.936759 4.218871 -0.392262
v -1.094117 4.258889 -0.389210
v -1.077405 4.346129 -0.334085
v -0.916001 4.305183 -0.384733
v -0.944475 3.687693 0.886538
v -0.969815 3.603284 0.845469
v -1.093740 3.740421 0.901899
v -1.072109 3.734103 0.916939
v -1.110168 3.840492 0.723314
v -1.104623 3.661330 0.845045
v -1.120574 3.651578 0.854862
v -1.119129 3.749587 0.702762
v -1.260863 3.687400 0.854860
v -1.299864 3.692582 0.884691
v -1.318174 3.712270 0.839664
vn -0.9841 0.1619 -0.0731
vn 0.1221 -0.2072 -0.9706
vn -0.6421 -0.6880 0.3383
vn 0.0901 0.5593 0.8241
vn -0.0025 -0.4700 -0.8827
vn 0.0357 -0.3522 -0.9352
vn 0.6741 0.6581 -0.3353
vn -0.1316 -0.8893 0.4380
vn -0.3443 -0.8427 0.4138
vn 0.1523 0.5464 0.8235
vn 0.3132 0.8506 -0.4224
vn -0.9807 0.1450 -0.1311
vn 0.9683 -0.1194 0.2195
vn 0.3152 0.9109 -0.2663
vn 0.1454 0.8891 -0.4339
vn 0.9262 -0.3368 0.1693
vn 0.0557 0.4694 0.8813
vn -0.9840 0.1622 0.0732
vn 0.1516 -0.2064 0.9667
vn -0.6482 -0.6833 -0.3360
vn 0.0642 0.5603 -0.8258
vn 0.0295 -0.4699 0.8822
vn 0.0679 -0.3517 0.9336
vn 0.6799 0.6534 0.3329
vn -0.1472 -0.8873 -0.4370
vn -0.3569 -0.8385 -0.4118
vn 0.1239 0.5486 -0.8268
vn 0.3264 0.8466 0.4204
vn -0.9805 0.1457 0.1317
vn 0.9678 -0.1203 -0.2212
vn 0.3237 0.9082 0.2654
vn 0.1608 0.8870 0.4329
vn 0.9254 -0.3387 -0.1702
vn 0.0237 0.4699 -0.8824
vt 0.375000 0.000000
vt 0.625000 0.000000
vt 0.625000 0.250000
vt 0.375000 0.250000
vt 0.375000 0.916667
vt 0.625000 0.916667
vt 0.625000 1.000000
vt 0.375000 1.000000
vt 0.791667 0.500000
vt 0.875000 0.500000
vt 0.875000 0.750000
vt 0.791667 0.750000
vt 0.625000 0.333333
vt 0.375000 0.333333
vt 0.375000 0.750000
vt 0.625000 0.750000
vt 0.625000 0.833333
vt 0.375000 0.833333
vt 0.125000 0.500000
vt 0.208333 0.500000
vt 0.208333 0.750000
vt 0.125000 0.750000
vt 0.625000 0.500000
vt 0.703070 0.500000
vt 0.708333 0.500665
vt 0.708333 0.750000
vt 0.714379 0.500000
vt 0.625000 0.410618
vt 0.375000 0.410618
vt 0.285621 0.500000
vt 0.291667 0.500665
vt 0.291667 0.750000
vt 0.625000 0.421930
vt 0.296930 0.500000
vt 0.358130 0.498828
vt 0.405632 0.500000
vt 0.375000 0.507992
vt 0.375000 0.421930
s 0
usemtl Tile_1
f 2598/2848/2668 2600/2849/2668 2604/2850/2668 2599/2851/2668
f 2605/2852/2669 2608/2853/2669 2600/2854/2669 2598/2855/2669
f 2609/2856/2670 2604/2857/2670 2600/2858/2670 2608/2859/2670
f 2599/2851/2671 2604/2850/2671 2609/2860/2671 2610/2861/2671
f 2601/2862/2672 2602/2863/2672 2607/2864/2672 2606/2865/2672
f 2606/2865/2673 2607/2864/2673 2608/2853/2673 2605/2852/2673
f 2599/2866/2674 2610/2867/2674 2605/2868/2674 2598/2869/2674
f 2603/2870/2675 2611/2871/2675 2613/2872/2675 2607/2873/2675 2602/2863/2675
f 2613/2872/2676 2612/2874/2676 2609/2856/2676 2608/2859/2676 2607/2873/2676
f 2610/2861/2677 2609/2860/2677 2612/2875/2677 2614/2876/2677
f 2610/2867/2678 2614/2877/2678 2616/2878/2678 2606/2879/2678 2605/2868/2678
f 2613/2872/2679 2611/2880/2679 2615/2881/2679 2616/2878/2679
f 2612/2875/2680 2613/2872/2680 2616/2878/2680 2614/2876/2680
f 2617/2882/2681 2618/2883/2681 2619/2884/2681
f 2616/2878/2682 2615/2881/2682 2617/2882/2682 2619/2884/2682 2601/2862/2682 2606/2879/2682
f 2619/2884/2683 2618/2883/2683 2603/2870/2683 2602/2863/2683 2601/2862/2683
f 2615/2885/2684 2611/2880/2684 2603/2870/2684 2618/2883/2684 2617/2882/2684
f 2620/2848/2685 2621/2851/2685 2626/2850/2685 2622/2849/2685
f 2627/2852/2686 2620/2855/2686 2622/2854/2686 2630/2853/2686
f 2631/2856/2687 2630/2859/2687 2622/2858/2687 2626/2857/2687
f 2621/2851/2688 2632/2861/2688 2631/2860/2688 2626/2850/2688
f 2623/2862/2689 2628/2865/2689 2629/2864/2689 2624/2863/2689
f 2628/2865/2690 2627/2852/2690 2630/2853/2690 2629/2864/2690
f 2621/2866/2691 2620/2869/2691 2627/2868/2691 2632/2867/2691
f 2625/2870/2692 2624/2863/2692 2629/2873/2692 2635/2872/2692 2633/2871/2692
f 2635/2872/2693 2629/2873/2693 2630/2859/2693 2631/2856/2693 2634/2874/2693
f 2632/2861/2694 2636/2876/2694 2634/2875/2694 2631/2860/2694
f 2632/2867/2695 2627/2868/2695 2628/2879/2695 2638/2878/2695 2636/2877/2695
f 2635/2872/2696 2638/2878/2696 2637/2881/2696 2633/2880/2696
f 2634/2875/2697 2636/2876/2697 2638/2878/2697 2635/2872/2697
f 2639/2882/2698 2641/2884/2698 2640/2883/2698
f 2638/2878/2699 2628/2879/2699 2623/2862/2699 2641/2884/2699 2639/2882/2699 2637/2881/2699
f 2641/2884/2700 2623/2862/2700 2624/2863/2700 2625/2870/2700 2640/2883/2700
f 2637/2885/2701 2639/2882/2701 2640/2883/2701 2625/2870/2701 2633/2880/2701
o Cylinder.019
v 1.179025 4.040395 -1.198933
v 1.193100 3.663509 -1.926028
v 1.215545 4.108756 -1.223234
v 0.854221 4.064122 -1.243063
v 0.849749 3.701170 -1.986575
v 1.232718 3.743333 -1.968427
v 1.117635 4.086921 -1.226989
v 1.143023 4.159367 -1.259885
v 1.087239 3.796973 -2.007487
v 0.999110 3.802839 -2.021275
v 0.960705 3.721218 -1.973076
v 1.053819 3.715133 -1.971851
v 0.869337 3.761883 -2.010455
v 0.930718 3.789522 -2.017659
v 0.873535 3.799799 -1.980465
v 0.872252 4.096409 -1.370977
v 0.919669 4.155010 -1.269231
v 0.873055 4.127234 -1.264024
v 0.974863 4.088096 -1.240419
v 1.030108 4.093382 -1.231362
v 1.012590 4.042267 -1.326102
v 1.048491 4.174573 -1.276938
v 0.998201 4.166708 -1.276068
v 1.032829 4.103080 -1.408491
v 1.179025 4.040395 -0.164531
v 1.193099 3.663508 0.563076
v 1.215545 4.108756 -0.138915
v 0.854221 4.064122 -0.132575
v 0.849749 3.701170 0.610778
v 1.232718 3.743333 0.606882
v 1.117635 4.086921 -0.138754
v 1.143023 4.159367 -0.104906
v 1.087239 3.796972 0.640593
v 0.999110 3.802839 0.651015
v 0.960705 3.721219 0.601356
v 1.053819 3.715133 0.603682
v 0.869337 3.761883 0.635357
v 0.930718 3.789522 0.644812
v 0.873535 3.799799 0.605517
v 0.872252 4.096409 -0.004016
v 0.919669 4.155010 -0.104026
v 0.873055 4.127235 -0.110941
v 0.974863 4.088096 -0.130765
v 1.030108 4.093382 -0.137714
v 1.012590 4.042267 -0.043643
v 1.048491 4.174573 -0.091434
v 0.998201 4.166708 -0.094227
v 1.032829 4.103081 0.039520
vn -0.9050 0.3719 -0.2067
vn 0.1283 -0.4212 -0.8979
vn -0.5039 -0.7712 0.3890
vn -0.0903 0.4657 0.8803
vn -0.0420 0.4705 0.8814
vn 0.5175 0.7555 -0.4018
vn 0.3556 -0.6037 0.7135
vn -0.1262 0.4774 0.8696
vn 0.5168 -0.8236 0.2335
vn 0.9706 -0.2181 0.1020
vn -0.9457 0.0210 -0.3243
vn 0.9651 -0.2620 0.0005
vn 0.0526 -0.3601 -0.9314
vn 0.0556 0.8909 -0.4508
vn 0.0486 -0.4653 -0.8838
vn -0.1092 0.8913 -0.4401
vn -0.1437 -0.8838 0.4453
vn 0.1491 -0.8882 0.4347
vn -0.9063 0.3695 0.2054
vn 0.0957 -0.4227 0.9012
vn -0.4931 -0.7767 -0.3918
vn -0.0578 0.4667 -0.8825
vn -0.0084 0.4709 -0.8822
vn 0.5063 0.7614 0.4049
vn 0.3781 -0.5980 -0.7067
vn -0.0943 0.4790 -0.8727
vn 0.5231 -0.8200 -0.2325
vn 0.9708 -0.2173 -0.1017
vn -0.9470 0.0208 0.3205
vn 0.9651 -0.2620 -0.0005
vn 0.0180 -0.3603 0.9326
vn 0.0384 0.8916 0.4512
vn 0.0151 -0.4658 0.8848
vn -0.1253 0.8896 0.4393
vn -0.1270 -0.8858 -0.4464
vn 0.1649 -0.8859 -0.4336
vt 0.425244 0.000000
vt 0.643712 -0.000007
vt 0.625000 0.250000
vt 0.375000 0.259599
vt 0.393293 0.916667
vt 0.625000 0.916667
vt 0.625000 0.988437
vt 0.380972 0.972793
vt 0.752877 0.499728
vt 0.875000 0.500000
vt 0.863437 0.750000
vt 0.791667 0.750000
vt 0.627901 0.374752
vt 0.375000 0.375024
vt 0.632246 0.436774
vt 0.375000 0.437454
vt 0.134599 0.500000
vt 0.250024 0.500000
vt 0.208040 0.751168
vt 0.152111 0.750381
vt 0.571053 0.500000
vt 0.654047 0.497274
vt 0.625000 0.514075
vt 0.375000 0.500000
vt 0.625000 0.716038
vt 0.648875 0.751737
vt 0.581515 0.750000
vt 0.375000 0.750000
vt 0.274657 0.671048
vt 0.375000 0.816853
vt 0.691358 0.750496
vt 0.659365 0.690009
vt 0.375000 0.852272
vt 0.625000 0.852272
vt 0.631816 0.810037
vt 0.312454 0.500000
vt 0.272820 0.750000
vt 0.308147 0.750000
vt 0.694792 0.499320
vt 0.727180 0.750000
s 0
usemtl Tile_3
f 2642/2886/2702 2644/2887/2702 2647/2888/2702 2643/2889/2702
f 2648/2890/2703 2649/2891/2703 2644/2892/2703 2642/2893/2703
f 2650/2894/2704 2647/2895/2704 2644/2896/2704 2649/2897/2704
f 2643/2889/2705 2647/2888/2705 2650/2898/2705 2653/2899/2705
f 2653/2899/2706 2650/2898/2706 2651/2900/2706 2652/2901/2706
f 2643/2902/2707 2653/2903/2707 2648/2904/2707 2642/2905/2707
f 2654/2906/2708 2655/2907/2708 2656/2908/2708
f 2652/2901/2709 2651/2900/2709 2655/2907/2709 2654/2906/2709 2646/2909/2709
f 2657/2910/2710 2658/2911/2710 2659/2912/2710
f 2646/2909/2711 2654/2906/2711 2656/2908/2711 2657/2910/2711 2659/2912/2711 2645/2913/2711
f 2662/2914/2712 2660/2915/2712 2664/2916/2712 2665/2917/2712
f 2661/2918/2713 2662/2914/2713 2665/2917/2713 2663/2919/2713
f 2645/2913/2714 2659/2912/2714 2658/2911/2714 2664/2920/2714 2660/2915/2714
f 2653/2903/2715 2652/2921/2715 2662/2914/2715 2661/2922/2715 2648/2904/2715
f 2661/2918/2716 2663/2919/2716 2649/2891/2716 2648/2890/2716
f 2652/2921/2717 2646/2909/2717 2645/2913/2717 2660/2923/2717 2662/2914/2717
f 2651/2924/2718 2650/2894/2718 2649/2897/2718 2663/2925/2718 2665/2917/2718
f 2656/2908/2719 2655/2907/2719 2651/2924/2719 2665/2917/2719 2664/2916/2719 2658/2911/2719 2657/2910/2719
f 2666/2886/2720 2667/2889/2720 2671/2888/2720 2668/2887/2720
f 2672/2890/2721 2666/2893/2721 2668/2892/2721 2673/2891/2721
f 2674/2894/2722 2673/2897/2722 2668/2896/2722 2671/2895/2722
f 2667/2889/2723 2677/2899/2723 2674/2898/2723 2671/2888/2723
f 2677/2899/2724 2676/2901/2724 2675/2900/2724 2674/2898/2724
f 2667/2902/2725 2666/2905/2725 2672/2904/2725 2677/2903/2725
f 2678/2906/2726 2680/2908/2726 2679/2907/2726
f 2676/2901/2727 2670/2909/2727 2678/2906/2727 2679/2907/2727 2675/2900/2727
f 2681/2910/2728 2683/2912/2728 2682/2911/2728
f 2670/2909/2729 2669/2913/2729 2683/2912/2729 2681/2910/2729 2680/2908/2729 2678/2906/2729
f 2686/2914/2730 2689/2917/2730 2688/2916/2730 2684/2915/2730
f 2685/2918/2731 2687/2919/2731 2689/2917/2731 2686/2914/2731
f 2669/2913/2732 2684/2915/2732 2688/2920/2732 2682/2911/2732 2683/2912/2732
f 2677/2903/2733 2672/2904/2733 2685/2922/2733 2686/2914/2733 2676/2921/2733
f 2685/2918/2734 2672/2890/2734 2673/2891/2734 2687/2919/2734
f 2676/2921/2735 2686/2914/2735 2684/2923/2735 2669/2913/2735 2670/2909/2735
f 2675/2924/2736 2689/2917/2736 2687/2925/2736 2673/2897/2736 2674/2894/2736
f 2680/2908/2737 2681/2910/2737 2682/2911/2737 2688/2916/2737 2689/2917/2737 2675/2924/2737 2679/2907/2737
o Cylinder.021
v 0.394078 3.958034 -1.193177
v 0.392027 3.600347 -1.920603
v 0.411328 4.039009 -1.219593
v -0.072400 4.065011 -1.265018
v -0.052894 4.148484 -1.301644
v -0.038490 3.785675 -2.032506
v 0.405158 3.685915 -1.982980
v 0.279584 4.045619 -1.239746
v 0.128496 4.059342 -1.244553
v 0.142197 4.142196 -1.291811
v 0.297558 4.122583 -1.255507
v 0.272074 3.750319 -2.016246
v 0.249976 3.670275 -1.978564
v 0.128340 3.777437 -2.030801
v 0.149009 3.776615 -2.040267
v 0.112126 3.838486 -1.925260
v 0.120055 3.702022 -1.983496
v 0.104922 3.693006 -1.988496
v 0.105604 3.757738 -1.900428
v -0.030188 3.707945 -1.990339
v -0.068013 3.712320 -2.009855
v -0.085633 3.721897 -1.982275
v 0.394078 3.958035 -0.195296
v 0.392027 3.600347 0.532091
v 0.411328 4.039009 -0.168538
v -0.072400 4.065011 -0.127782
v -0.052894 4.148484 -0.091166
v -0.038490 3.785675 0.639700
v 0.405158 3.685915 0.594725
v 0.279584 4.045619 -0.150669
v 0.128496 4.059343 -0.147551
v 0.142197 4.142196 -0.100182
v 0.297558 4.122583 -0.134640
v 0.272074 3.750319 0.625723
v 0.249976 3.670275 0.587738
v 0.128340 3.777437 0.638696
v 0.149009 3.776615 0.648334
v 0.112126 3.838486 0.533034
v 0.120055 3.702022 0.591327
v 0.104922 3.693007 0.596219
v 0.105604 3.757738 0.508156
v -0.030188 3.707945 0.597540
v -0.068012 3.712320 0.617051
v -0.085633 3.721897 0.589490
vn -0.9872 0.1459 -0.0641
vn 0.1311 -0.2830 -0.9501
vn -0.5518 -0.7486 0.3677
vn -0.0283 0.5213 0.8529
vn 0.0540 -0.4582 -0.8872
vn 0.0823 -0.3797 -0.9215
vn 0.5910 0.7164 -0.3709
vn -0.0293 -0.8960 0.4431
vn -0.2262 -0.8741 0.4298
vn 0.0204 0.5162 0.8562
vn 0.1950 0.8772 -0.4387
vn -0.9814 0.1154 -0.1537
vn 0.9554 -0.0672 0.2875
vn 0.2122 0.9572 -0.1968
vn 0.0458 0.8977 -0.4382
vn 0.9309 -0.3244 0.1680
vn -0.0207 0.4582 0.8886
vn -0.9873 0.1457 0.0640
vn 0.1149 -0.2835 0.9520
vn -0.5473 -0.7512 -0.3690
vn -0.0141 0.5214 -0.8532
vn 0.0507 -0.4582 0.8874
vn 0.0717 -0.3800 0.9222
vn 0.5869 0.7190 0.3722
vn -0.0275 -0.8960 -0.4432
vn -0.2216 -0.8751 -0.4303
vn 0.0297 0.5160 -0.8560
vn 0.1906 0.8780 0.4391
vn -0.9814 0.1153 0.1535
vn 0.9556 -0.0670 -0.2869
vn 0.2123 0.9572 0.1969
vn 0.0444 0.8978 0.4382
vn 0.9309 -0.3244 -0.1681
vn -0.0174 0.4587 -0.8884
vt 0.375000 0.000000
vt 0.625000 0.000000
vt 0.625000 0.250000
vt 0.375000 0.250000
vt 0.375000 0.916667
vt 0.625000 0.916667
vt 0.625000 1.000000
vt 0.375000 1.000000
vt 0.791667 0.500000
vt 0.875000 0.500000
vt 0.875000 0.750000
vt 0.791667 0.750000
vt 0.625000 0.333333
vt 0.375000 0.333333
vt 0.375000 0.750000
vt 0.625000 0.750000
vt 0.625000 0.833333
vt 0.375000 0.833333
vt 0.125000 0.500000
vt 0.208333 0.500000
vt 0.208333 0.750000
vt 0.125000 0.750000
vt 0.625000 0.500000
vt 0.703070 0.500000
vt 0.708333 0.500665
vt 0.708333 0.750000
vt 0.714379 0.500000
vt 0.625000 0.410618
vt 0.375000 0.410618
vt 0.285621 0.500000
vt 0.291667 0.500665
vt 0.291667 0.750000
vt 0.625000 0.421930
vt 0.296930 0.500000
vt 0.358130 0.498828
vt 0.405632 0.500000
vt 0.375000 0.507992
vt 0.375000 0.421930
s 0
usemtl Tile_3
f 2690/2926/2738 2692/2927/2738 2696/2928/2738 2691/2929/2738
f 2697/2930/2739 2700/2931/2739 2692/2932/2739 2690/2933/2739
f 2701/2934/2740 2696/2935/2740 2692/2936/2740 2700/2937/2740
f 2691/2929/2741 2696/2928/2741 2701/2938/2741 2702/2939/2741
f 2693/2940/2742 2694/2941/2742 2699/2942/2742 2698/2943/2742
f 2698/2943/2743 2699/2942/2743 2700/2931/2743 2697/2930/2743
f 2691/2944/2744 2702/2945/2744 2697/2946/2744 2690/2947/2744
f 2695/2948/2745 2703/2949/2745 2705/2950/2745 2699/2951/2745 2694/2941/2745
f 2705/2950/2746 2704/2952/2746 2701/2934/2746 2700/2937/2746 2699/2951/2746
f 2702/2939/2747 2701/2938/2747 2704/2953/2747 2706/2954/2747
f 2702/2945/2748 2706/2955/2748 2708/2956/2748 2698/2957/2748 2697/2946/2748
f 2705/2950/2749 2703/2958/2749 2707/2959/2749 2708/2956/2749
f 2704/2953/2750 2705/2950/2750 2708/2956/2750 2706/2954/2750
f 2709/2960/2751 2710/2961/2751 2711/2962/2751
f 2708/2956/2752 2707/2959/2752 2709/2960/2752 2711/2962/2752 2693/2940/2752 2698/2957/2752
f 2711/2962/2753 2710/2961/2753 2695/2948/2753 2694/2941/2753 2693/2940/2753
f 2707/2963/2754 2703/2958/2754 2695/2948/2754 2710/2961/2754 2709/2960/2754
f 2712/2926/2755 2713/2929/2755 2718/2928/2755 2714/2927/2755
f 2719/2930/2756 2712/2933/2756 2714/2932/2756 2722/2931/2756
f 2723/2934/2757 2722/2937/2757 2714/2936/2757 2718/2935/2757
f 2713/2929/2758 2724/2939/2758 2723/2938/2758 2718/2928/2758
f 2715/2940/2759 2720/2943/2759 2721/2942/2759 2716/2941/2759
f 2720/2943/2760 2719/2930/2760 2722/2931/2760 2721/2942/2760
f 2713/2944/2761 2712/2947/2761 2719/2946/2761 2724/2945/2761
f 2717/2948/2762 2716/2941/2762 2721/2951/2762 2727/2950/2762 2725/2949/2762
f 2727/2950/2763 2721/2951/2763 2722/2937/2763 2723/2934/2763 2726/2952/2763
f 2724/2939/2764 2728/2954/2764 2726/2953/2764 2723/2938/2764
f 2724/2945/2765 2719/2946/2765 2720/2957/2765 2730/2956/2765 2728/2955/2765
f 2727/2950/2766 2730/2956/2766 2729/2959/2766 2725/2958/2766
f 2726/2953/2767 2728/2954/2767 2730/2956/2767 2727/2950/2767
f 2731/2960/2768 2733/2962/2768 2732/2961/2768
f 2730/2956/2769 2720/2957/2769 2715/2940/2769 2733/2962/2769 2731/2960/2769 2729/2959/2769
f 2733/2962/2770 2715/2940/2770 2716/2941/2770 2717/2948/2770 2732/2961/2770
f 2729/2963/2771 2731/2960/2771 2732/2961/2771 2717/2948/2771 2725/2958/2771
o Cylinder.022
v 0.617089 4.006028 -1.203351
v 0.637387 3.627549 -1.929548
v 0.659199 4.073895 -1.227685
v 0.191574 4.068249 -1.257090
v 0.186441 3.705842 -2.000625
v 0.682184 3.707353 -1.972169
v 0.533709 4.059039 -1.234313
v 0.560991 4.131467 -1.267807
v 0.489142 3.774194 -2.017068
v 0.373692 3.790218 -2.033514
v 0.330368 3.710637 -1.984687
v 0.452045 3.693287 -1.980852
v 0.207369 3.765672 -2.025166
v 0.285492 3.785393 -2.031402
v 0.211318 3.803629 -1.995439
v 0.209120 4.100506 -1.386030
v 0.270354 4.152534 -1.283323
v 0.211450 4.130627 -1.278742
v 0.347533 4.076054 -1.251888
v 0.419421 4.074701 -1.241370
v 0.397019 4.025479 -1.336503
v 0.436731 4.156515 -1.288041
v 0.371796 4.154308 -1.288411
v 0.416945 4.086578 -1.419903
v 0.617089 4.006028 -0.179830
v 0.637387 3.627549 0.546938
v 0.659199 4.073895 -0.154292
v 0.191574 4.068249 -0.134431
v 0.186441 3.705842 0.609050
v 0.682184 3.707353 0.590875
v 0.533709 4.059038 -0.151068
v 0.560991 4.131466 -0.116883
v 0.489142 3.774195 0.630617
v 0.373692 3.790218 0.644655
v 0.330368 3.710637 0.595065
v 0.452045 3.693287 0.593570
v 0.207369 3.765672 0.633818
v 0.285492 3.785393 0.641074
v 0.211318 3.803630 0.604136
v 0.209120 4.100506 -0.005298
v 0.270354 4.152534 -0.107224
v 0.211450 4.130627 -0.112559
v 0.347533 4.076054 -0.137441
v 0.419421 4.074701 -0.146598
v 0.397019 4.025479 -0.051912
v 0.436731 4.156515 -0.099568
v 0.371796 4.154308 -0.100482
v 0.416945 4.086578 0.031883
vn -0.8805 0.4119 -0.2346
vn 0.0974 -0.4201 -0.9023
vn -0.4563 -0.7948 0.4001
vn -0.0617 0.4648 0.8833
vn -0.0090 0.4717 0.8817
vn 0.4709 0.7793 -0.4134
vn 0.2159 -0.6159 0.7577
vn -0.0634 0.4774 0.8764
vn 0.3546 -0.9022 0.2456
vn 0.9696 -0.2220 0.1034
vn -0.9228 -0.0375 -0.3836
vn 0.9597 -0.2791 -0.0319
vn 0.0196 -0.3646 -0.9310
vn 0.1286 0.8847 -0.4481
vn 0.0217 -0.4660 -0.8845
vn 0.0157 0.8964 -0.4431
vn -0.1920 -0.8763 0.4419
vn 0.0193 -0.8979 0.4397
vn -0.8821 0.4094 0.2332
vn 0.0731 -0.4210 0.9041
vn -0.4477 -0.7987 -0.4020
vn -0.0388 0.4654 -0.8843
vn 0.0086 0.4717 -0.8817
vn 0.4626 0.7832 0.4154
vn 0.2253 -0.6146 -0.7560
vn -0.0507 0.4773 -0.8773
vn 0.3574 -0.9012 -0.2453
vn 0.9696 -0.2217 -0.1033
vn -0.9238 -0.0372 0.3810
vn 0.9597 -0.2792 0.0319
vn 0.0059 -0.3640 0.9314
vn 0.1194 0.8857 0.4486
vn 0.0012 -0.4662 0.8847
vn 0.0093 0.8964 0.4431
vn -0.1826 -0.8779 -0.4427
vn 0.0262 -0.8978 -0.4397
vt 0.425244 0.000000
vt 0.643712 -0.000007
vt 0.625000 0.250000
vt 0.375000 0.259599
vt 0.393293 0.916667
vt 0.625000 0.916667
vt 0.625000 0.988437
vt 0.380972 0.972793
vt 0.752877 0.499728
vt 0.875000 0.500000
vt 0.863437 0.750000
vt 0.791667 0.750000
vt 0.627901 0.374752
vt 0.375000 0.375024
vt 0.632246 0.436774
vt 0.375000 0.437454
vt 0.134599 0.500000
vt 0.250024 0.500000
vt 0.208040 0.751168
vt 0.152111 0.750381
vt 0.571053 0.500000
vt 0.654047 0.497274
vt 0.625000 0.514075
vt 0.375000 0.500000
vt 0.625000 0.716038
vt 0.648875 0.751737
vt 0.581515 0.750000
vt 0.375000 0.750000
vt 0.274657 0.671048
vt 0.375000 0.816853
vt 0.691358 0.750496
vt 0.659365 0.690009
vt 0.375000 0.852272
vt 0.625000 0.852272
vt 0.631816 0.810037
vt 0.312454 0.500000
vt 0.272820 0.750000
vt 0.308147 0.750000
vt 0.694792 0.499320
vt 0.727180 0.750000
s 0
usemtl Tile_1
f 2734/2964/2772 2736/2965/2772 2739/2966/2772 2735/2967/2772
f 2740/2968/2773 2741/2969/2773 2736/2970/2773 2734/2971/2773
f 2742/2972/2774 2739/2973/2774 2736/2974/2774 2741/2975/2774
f 2735/2967/2775 2739/2966/2775 2742/2976/2775 2745/2977/2775
f 2745/2977/2776 2742/2976/2776 2743/2978/2776 2744/2979/2776
f 2735/2980/2777 2745/2981/2777 2740/2982/2777 2734/2983/2777
f 2746/2984/2778 2747/2985/2778 2748/2986/2778
f 2744/2979/2779 2743/2978/2779 2747/2985/2779 2746/2984/2779 2738/2987/2779
f 2749/2988/2780 2750/2989/2780 2751/2990/2780
f 2738/2987/2781 2746/2984/2781 2748/2986/2781 2749/2988/2781 2751/2990/2781 2737/2991/2781
f 2754/2992/2782 2752/2993/2782 2756/2994/2782 2757/2995/2782
f 2753/2996/2783 2754/2992/2783 2757/2995/2783 2755/2997/2783
f 2737/2991/2784 2751/2990/2784 2750/2989/2784 2756/2998/2784 2752/2993/2784
f 2745/2981/2785 2744/2999/2785 2754/2992/2785 2753/3000/2785 2740/2982/2785
f 2753/2996/2786 2755/2997/2786 2741/2969/2786 2740/2968/2786
f 2744/2999/2787 2738/2987/2787 2737/2991/2787 2752/3001/2787 2754/2992/2787
f 2743/3002/2788 2742/2972/2788 2741/2975/2788 2755/3003/2788 2757/2995/2788
f 2748/2986/2789 2747/2985/2789 2743/3002/2789 2757/2995/2789 2756/2994/2789 2750/2989/2789 2749/2988/2789
f 2758/2964/2790 2759/2967/2790 2763/2966/2790 2760/2965/2790
f 2764/2968/2791 2758/2971/2791 2760/2970/2791 2765/2969/2791
f 2766/2972/2792 2765/2975/2792 2760/2974/2792 2763/2973/2792
f 2759/2967/2793 2769/2977/2793 2766/2976/2793 2763/2966/2793
f 2769/2977/2794 2768/2979/2794 2767/2978/2794 2766/2976/2794
f 2759/2980/2795 2758/2983/2795 2764/2982/2795 2769/2981/2795
f 2770/2984/2796 2772/2986/2796 2771/2985/2796
f 2768/2979/2797 2762/2987/2797 2770/2984/2797 2771/2985/2797 2767/2978/2797
f 2773/2988/2798 2775/2990/2798 2774/2989/2798
f 2762/2987/2799 2761/2991/2799 2775/2990/2799 2773/2988/2799 2772/2986/2799 2770/2984/2799
f 2778/2992/2800 2781/2995/2800 2780/2994/2800 2776/2993/2800
f 2777/2996/2801 2779/2997/2801 2781/2995/2801 2778/2992/2801
f 2761/2991/2802 2776/2993/2802 2780/2998/2802 2774/2989/2802 2775/2990/2802
f 2769/2981/2803 2764/2982/2803 2777/3000/2803 2778/2992/2803 2768/2999/2803
f 2777/2996/2804 2764/2968/2804 2765/2969/2804 2779/2997/2804
f 2768/2999/2805 2778/2992/2805 2776/3001/2805 2761/2991/2805 2762/2987/2805
f 2767/3002/2806 2781/2995/2806 2779/3003/2806 2765/2975/2806 2766/2972/2806
f 2772/2986/2807 2773/2988/2807 2774/2989/2807 2780/2994/2807 2781/2995/2807 2767/3002/2807 2771/2985/2807
o Cylinder.023
v 0.103984 3.941114 -1.225819
v 0.084053 3.584869 -1.964357
v 0.096375 4.044941 -1.270454
v -0.334815 4.084487 -1.274974
v -0.294952 4.125030 -1.316067
v -0.317393 3.787368 -2.065817
v 0.084351 3.676582 -2.023387
v 0.000107 4.033980 -1.271774
v 0.029347 4.102944 -1.302788
v -0.001202 3.727373 -2.074426
v -0.030099 3.663235 -2.002609
v -0.139016 3.776265 -2.066740
v -0.115760 3.772778 -2.065718
v -0.126243 3.825722 -1.962661
v -0.145019 3.695227 -2.031209
v -0.171492 3.702027 -2.025003
v -0.157677 3.751826 -1.920856
v -0.298302 3.704565 -2.026879
v -0.321209 3.750730 -2.052679
v -0.336052 3.726923 -2.004096
v -0.183748 4.061346 -1.282855
v -0.120335 4.061570 -1.286428
v -0.133799 4.083936 -1.354603
v -0.092300 4.130660 -1.317255
v -0.163872 4.132578 -1.310048
v -0.124518 4.103264 -1.399175
v 0.103984 3.941114 -0.166463
v 0.084052 3.584869 0.571947
v 0.096375 4.044941 -0.121879
v -0.334815 4.084488 -0.116115
v -0.294952 4.125030 -0.075471
v -0.317393 3.787368 0.674523
v 0.084351 3.676581 0.630979
v 0.000107 4.033980 -0.120977
v 0.029346 4.102944 -0.089880
v -0.001202 3.727373 0.681672
v -0.030099 3.663235 0.609810
v -0.139016 3.776264 0.674094
v -0.115760 3.772778 0.672997
v -0.126243 3.825721 0.569971
v -0.145019 3.695227 0.638588
v -0.171493 3.702027 0.632504
v -0.157678 3.751826 0.528288
v -0.298302 3.704565 0.635377
v -0.321209 3.750730 0.661430
v -0.336052 3.726923 0.613022
v -0.183748 4.061346 -0.109579
v -0.120335 4.061570 -0.106280
v -0.133799 4.083936 -0.038061
v -0.092300 4.130660 -0.075520
v -0.163872 4.132578 -0.082490
v -0.124518 4.103264 0.006479
vn -0.9993 -0.0207 0.0315
vn 0.0588 -0.4065 -0.9117
vn -0.6624 -0.6658 0.3434
vn 0.0659 0.6343 0.7702
vn 0.6584 0.6654 -0.3517
vn 0.1194 0.5641 0.8170
vn -0.9280 0.3682 -0.0570
vn 0.9374 -0.2578 0.2340
vn 0.6436 0.5911 0.4863
vn 0.9172 -0.3646 0.1607
vn 0.0049 0.4524 0.8918
vn -0.8717 -0.0995 -0.4798
vn 0.8115 -0.5377 -0.2290
vn -0.0357 0.8952 -0.4443
vn -0.0337 -0.5078 -0.8608
vn 0.4110 0.8083 -0.4216
vn 0.0149 -0.4139 -0.9102
vn 0.0139 -0.9071 0.4206
vn -0.2807 -0.8607 0.4248
vn -0.9993 -0.0207 -0.0315
vn 0.0548 -0.4063 0.9121
vn -0.6615 -0.6665 -0.3437
vn 0.0685 0.6341 -0.7702
vn 0.6576 0.6660 0.3520
vn 0.1187 0.5641 -0.8171
vn -0.9280 0.3683 0.0570
vn 0.9373 -0.2580 -0.2342
vn 0.6403 0.5932 -0.4880
vn 0.9169 -0.3653 -0.1609
vn -0.0021 0.4531 -0.8915
vn -0.8712 -0.0996 0.4806
vn 0.8117 -0.5374 0.2288
vn -0.0321 0.8953 0.4443
vn -0.0266 -0.5076 0.8612
vn 0.4115 0.8081 0.4215
vn 0.0147 -0.4139 0.9102
vn 0.0109 -0.9072 -0.4206
vn -0.2808 -0.8607 -0.4248
vt 0.375000 0.000000
vt 0.671954 0.000480
vt 0.625000 0.260493
vt 0.375000 0.250000
vt 0.375000 0.916667
vt 0.625000 0.916667
vt 0.625000 0.974902
vt 0.375000 1.000000
vt 0.791667 0.500000
vt 0.864507 0.500000
vt 0.849902 0.750000
vt 0.791667 0.750000
vt 0.625000 0.333333
vt 0.375000 0.333333
vt 0.125000 0.500000
vt 0.208333 0.500000
vt 0.208333 0.750000
vt 0.125000 0.750000
vt 0.625000 0.410618
vt 0.375000 0.410618
vt 0.708333 0.500665
vt 0.625000 0.421930
vt 0.296930 0.500000
vt 0.291667 0.500665
vt 0.358130 0.498828
vt 0.405632 0.500000
vt 0.375000 0.507992
vt 0.625000 0.500000
vt 0.538355 0.757042
vt 0.375000 0.750000
vt 0.375000 0.421930
vt 0.397578 0.731893
vt 0.375000 0.818610
vt 0.668492 0.751651
vt 0.690090 0.716421
vt 0.375198 0.852460
vt 0.625000 0.852823
vt 0.306390 0.750000
vt 0.604691 0.815452
vt 0.285621 0.500000
vt 0.272177 0.750000
vt 0.703070 0.500000
vt 0.714379 0.500000
vt 0.727662 0.750000
s 0
usemtl Tile_1
f 2782/3004/2808 2784/3005/2808 2788/3006/2808 2783/3007/2808
f 2789/3008/2809 2790/3009/2809 2784/3010/2809 2782/3011/2809
f 2791/3012/2810 2788/3013/2810 2784/3014/2810 2790/3015/2810
f 2783/3007/2811 2788/3006/2811 2791/3016/2811 2792/3017/2811
f 2783/3018/2812 2792/3019/2812 2789/3020/2812 2782/3021/2812
f 2792/3017/2813 2791/3016/2813 2794/3022/2813 2796/3023/2813
f 2795/3024/2814 2793/3025/2814 2797/3026/2814 2798/3027/2814
f 2794/3022/2815 2795/3024/2815 2798/3027/2815 2796/3023/2815
f 2799/3028/2816 2800/3029/2816 2801/3030/2816
f 2801/3030/2817 2800/3029/2817 2787/3031/2817 2786/3032/2817 2785/3033/2817
f 2797/3034/2818 2793/3025/2818 2787/3031/2818 2800/3029/2818 2799/3028/2818
f 2804/3035/2819 2802/3036/2819 2806/3037/2819 2807/3038/2819
f 2803/3039/2820 2804/3035/2820 2807/3038/2820 2805/3040/2820
f 2798/3027/2821 2797/3026/2821 2799/3028/2821 2801/3030/2821 2785/3033/2821 2802/3041/2821 2804/3035/2821
f 2785/3033/2822 2786/3032/2822 2806/3042/2822 2802/3036/2822
f 2792/3019/2823 2796/3043/2823 2798/3027/2823 2804/3035/2823 2803/3044/2823 2789/3020/2823
f 2803/3039/2824 2805/3040/2824 2790/3009/2824 2789/3008/2824
f 2787/3031/2825 2793/3045/2825 2795/3024/2825 2807/3038/2825 2806/3037/2825 2786/3032/2825
f 2795/3024/2826 2794/3046/2826 2791/3012/2826 2790/3015/2826 2805/3047/2826 2807/3038/2826
f 2808/3004/2827 2809/3007/2827 2814/3006/2827 2810/3005/2827
f 2815/3008/2828 2808/3011/2828 2810/3010/2828 2816/3009/2828
f 2817/3012/2829 2816/3015/2829 2810/3014/2829 2814/3013/2829
f 2809/3007/2830 2818/3017/2830 2817/3016/2830 2814/3006/2830
f 2809/3018/2831 2808/3021/2831 2815/3020/2831 2818/3019/2831
f 2818/3017/2832 2822/3023/2832 2820/3022/2832 2817/3016/2832
f 2821/3024/2833 2824/3027/2833 2823/3026/2833 2819/3025/2833
f 2820/3022/2834 2822/3023/2834 2824/3027/2834 2821/3024/2834
f 2825/3028/2835 2827/3030/2835 2826/3029/2835
f 2827/3030/2836 2811/3033/2836 2812/3032/2836 2813/3031/2836 2826/3029/2836
f 2823/3034/2837 2825/3028/2837 2826/3029/2837 2813/3031/2837 2819/3025/2837
f 2830/3035/2838 2833/3038/2838 2832/3037/2838 2828/3036/2838
f 2829/3039/2839 2831/3040/2839 2833/3038/2839 2830/3035/2839
f 2824/3027/2840 2830/3035/2840 2828/3041/2840 2811/3033/2840 2827/3030/2840 2825/3028/2840 2823/3026/2840
f 2811/3033/2841 2828/3036/2841 2832/3042/2841 2812/3032/2841
f 2818/3019/2842 2815/3020/2842 2829/3044/2842 2830/3035/2842 2824/3027/2842 2822/3043/2842
f 2829/3039/2843 2815/3008/2843 2816/3009/2843 2831/3040/2843
f 2813/3031/2844 2812/3032/2844 2832/3037/2844 2833/3038/2844 2821/3024/2844 2819/3045/2844
f 2821/3024/2845 2833/3038/2845 2831/3047/2845 2816/3015/2845 2817/3012/2845 2820/3046/2845
o Cylinder.024
v -1.145074 4.055988 -1.196599
v -1.123984 3.672538 -1.923467
v -1.101314 4.113494 -1.222333
v -1.583929 4.201997 -1.239015
v -1.589167 3.840250 -1.982460
v -1.077417 3.741224 -1.967591
v -1.231611 4.128829 -1.224881
v -1.203315 4.194887 -1.259236
v -1.277788 3.854098 -2.006269
v -1.397075 3.894221 -2.019458
v -1.441689 3.822741 -1.969536
v -1.316176 3.781292 -1.968958
v -1.567800 3.897323 -2.007373
v -1.487800 3.905254 -2.015203
v -1.563766 3.934740 -1.977719
v -1.566011 4.231918 -1.368270
v -1.503330 4.274856 -1.266791
v -1.563630 4.261719 -1.261025
v -1.424024 4.185017 -1.237162
v -1.349891 4.169562 -1.228550
v -1.373017 4.124891 -1.323068
v -1.332007 4.247771 -1.275708
v -1.399030 4.258677 -1.274306
v -1.352448 4.181949 -1.407013
v -1.145074 4.055988 -0.173079
v -1.123984 3.672538 0.553018
v -1.101314 4.113494 -0.148941
v -1.583930 4.201997 -0.116355
v -1.589167 3.840250 0.627216
v -1.077417 3.741225 0.595452
v -1.231611 4.128829 -0.141636
v -1.203315 4.194887 -0.108312
v -1.277788 3.854099 0.641417
v -1.397075 3.894221 0.658711
v -1.441689 3.822741 0.610216
v -1.316176 3.781292 0.605463
v -1.567801 3.897323 0.651610
v -1.487800 3.905254 0.657272
v -1.563766 3.934741 0.621856
v -1.566011 4.231918 0.012462
v -1.503330 4.274856 -0.090693
v -1.563630 4.261719 -0.094843
v -1.424024 4.185017 -0.122715
v -1.349891 4.169563 -0.133778
v -1.373017 4.124890 -0.038477
v -1.332007 4.247771 -0.087235
v -1.399030 4.258678 -0.086377
v -1.352448 4.181949 0.044773
vn -0.8475 0.4612 -0.2627
vn -0.0320 -0.4220 -0.9060
vn -0.5658 -0.7363 0.3710
vn 0.0729 0.4643 0.8827
vn 0.1069 0.4687 0.8769
vn 0.5732 0.7237 -0.3844
vn 0.1372 -0.6243 0.7691
vn 0.0324 0.4757 0.8790
vn 0.2291 -0.9392 0.2559
vn 0.9665 -0.2326 0.1083
vn -0.9211 -0.0379 -0.3875
vn 0.9519 -0.3043 -0.0348
vn -0.0589 -0.3612 -0.9306
vn 0.2814 0.8560 -0.4337
vn -0.1041 -0.4638 -0.8798
vn 0.1460 0.8869 -0.4383
vn -0.3415 -0.8392 0.4232
vn -0.1201 -0.8916 0.4366
vn -0.8448 0.4650 0.2648
vn 0.0011 -0.4222 0.9065
vn -0.5749 -0.7307 -0.3682
vn 0.0410 0.4652 -0.8842
vn 0.0774 0.4701 -0.8792
vn 0.5825 0.7179 0.3813
vn 0.1166 -0.6258 -0.7712
vn 0.0073 0.4765 -0.8792
vn 0.2226 -0.9406 -0.2563
vn 0.9663 -0.2332 -0.1086
vn -0.9191 -0.0383 0.3921
vn 0.9521 -0.3040 0.0347
vn -0.0321 -0.3625 0.9314
vn 0.2951 0.8523 0.4318
vn -0.0729 -0.4651 0.8823
vn 0.1583 0.8852 0.4374
vn -0.3546 -0.8349 -0.4210
vn -0.1329 -0.8901 -0.4359
vt 0.425244 0.000000
vt 0.643712 -0.000007
vt 0.625000 0.250000
vt 0.375000 0.259599
vt 0.393293 0.916667
vt 0.625000 0.916667
vt 0.625000 0.988437
vt 0.380972 0.972793
vt 0.752877 0.499728
vt 0.875000 0.500000
vt 0.863437 0.750000
vt 0.791667 0.750000
vt 0.627901 0.374752
vt 0.375000 0.375024
vt 0.632246 0.436774
vt 0.375000 0.437454
vt 0.134599 0.500000
vt 0.250024 0.500000
vt 0.208040 0.751168
vt 0.152111 0.750381
vt 0.571053 0.500000
vt 0.654047 0.497274
vt 0.625000 0.514075
vt 0.375000 0.500000
vt 0.625000 0.716038
vt 0.648875 0.751737
vt 0.581515 0.750000
vt 0.375000 0.750000
vt 0.274657 0.671048
vt 0.375000 0.816853
vt 0.691358 0.750496
vt 0.659365 0.690009
vt 0.375000 0.852272
vt 0.625000 0.852272
vt 0.631816 0.810037
vt 0.312454 0.500000
vt 0.272820 0.750000
vt 0.308147 0.750000
vt 0.694792 0.499320
vt 0.727180 0.750000
s 0
usemtl Tile_2
f 2834/3048/2846 2836/3049/2846 2839/3050/2846 2835/3051/2846
f 2840/3052/2847 2841/3053/2847 2836/3054/2847 2834/3055/2847
f 2842/3056/2848 2839/3057/2848 2836/3058/2848 2841/3059/2848
f 2835/3051/2849 2839/3050/2849 2842/3060/2849 2845/3061/2849
f 2845/3061/2850 2842/3060/2850 2843/3062/2850 2844/3063/2850
f 2835/3064/2851 2845/3065/2851 2840/3066/2851 2834/3067/2851
f 2846/3068/2852 2847/3069/2852 2848/3070/2852
f 2844/3063/2853 2843/3062/2853 2847/3069/2853 2846/3068/2853 2838/3071/2853
f 2849/3072/2854 2850/3073/2854 2851/3074/2854
f 2838/3071/2855 2846/3068/2855 2848/3070/2855 2849/3072/2855 2851/3074/2855 2837/3075/2855
f 2854/3076/2856 2852/3077/2856 2856/3078/2856 2857/3079/2856
f 2853/3080/2857 2854/3076/2857 2857/3079/2857 2855/3081/2857
f 2837/3075/2858 2851/3074/2858 2850/3073/2858 2856/3082/2858 2852/3077/2858
f 2845/3065/2859 2844/3083/2859 2854/3076/2859 2853/3084/2859 2840/3066/2859
f 2853/3080/2860 2855/3081/2860 2841/3053/2860 2840/3052/2860
f 2844/3083/2861 2838/3071/2861 2837/3075/2861 2852/3085/2861 2854/3076/2861
f 2843/3086/2862 2842/3056/2862 2841/3059/2862 2855/3087/2862 2857/3079/2862
f 2848/3070/2863 2847/3069/2863 2843/3086/2863 2857/3079/2863 2856/3078/2863 2850/3073/2863 2849/3072/2863
f 2858/3048/2864 2859/3051/2864 2863/3050/2864 2860/3049/2864
f 2864/3052/2865 2858/3055/2865 2860/3054/2865 2865/3053/2865
f 2866/3056/2866 2865/3059/2866 2860/3058/2866 2863/3057/2866
f 2859/3051/2867 2869/3061/2867 2866/3060/2867 2863/3050/2867
f 2869/3061/2868 2868/3063/2868 2867/3062/2868 2866/3060/2868
f 2859/3064/2869 2858/3067/2869 2864/3066/2869 2869/3065/2869
f 2870/3068/2870 2872/3070/2870 2871/3069/2870
f 2868/3063/2871 2862/3071/2871 2870/3068/2871 2871/3069/2871 2867/3062/2871
f 2873/3072/2872 2875/3074/2872 2874/3073/2872
f 2862/3071/2873 2861/3075/2873 2875/3074/2873 2873/3072/2873 2872/3070/2873 2870/3068/2873
f 2878/3076/2874 2881/3079/2874 2880/3078/2874 2876/3077/2874
f 2877/3080/2875 2879/3081/2875 2881/3079/2875 2878/3076/2875
f 2861/3075/2876 2876/3077/2876 2880/3082/2876 2874/3073/2876 2875/3074/2876
f 2869/3065/2877 2864/3066/2877 2877/3084/2877 2878/3076/2877 2868/3083/2877
f 2877/3080/2878 2864/3052/2878 2865/3053/2878 2879/3081/2878
f 2868/3083/2879 2878/3076/2879 2876/3085/2879 2861/3075/2879 2862/3071/2879
f 2867/3086/2880 2881/3079/2880 2879/3087/2880 2865/3059/2880 2866/3056/2880
f 2872/3070/2881 2873/3072/2881 2874/3073/2881 2880/3078/2881 2881/3079/2881 2867/3086/2881 2871/3069/2881
o Cylinder.025
v -0.446665 3.954338 -1.193676
v -0.448760 3.596927 -1.921065
v -0.429044 4.032985 -1.220407
v -0.922757 4.121697 -1.257357
v -0.902878 4.202825 -1.294299
v -0.888196 3.838270 -2.025398
v -0.435346 3.680724 -1.983681
v -0.563612 4.057333 -1.238163
v -0.717870 4.090961 -1.240280
v -0.703886 4.172040 -1.287777
v -0.545255 4.131888 -1.254249
v -0.571282 3.763038 -2.014527
v -0.593850 3.685942 -1.976446
v -0.718029 3.809076 -2.026525
v -0.696933 3.805575 -2.036354
v -0.734575 3.872215 -1.920702
v -0.726484 3.734730 -1.979075
v -0.741927 3.727661 -1.983813
v -0.741231 3.792305 -1.895756
v -0.879732 3.759530 -1.983368
v -0.918286 3.768481 -2.002265
v -0.936241 3.780162 -1.974400
v -0.446665 3.954338 -0.195796
v -0.448760 3.596927 0.531629
v -0.429044 4.032986 -0.169353
v -0.922757 4.121696 -0.120121
v -0.902878 4.202825 -0.083822
v -0.888196 3.838270 0.646808
v -0.435346 3.680725 0.594022
v -0.563613 4.057333 -0.149086
v -0.717870 4.090961 -0.143278
v -0.703886 4.172040 -0.096148
v -0.545255 4.131888 -0.133383
v -0.571282 3.763038 0.627442
v -0.593850 3.685942 0.589856
v -0.718029 3.809076 0.642972
v -0.696933 3.805574 0.652248
v -0.734575 3.872215 0.537592
v -0.726484 3.734730 0.595747
v -0.741927 3.727661 0.600903
v -0.741230 3.792305 0.512827
v -0.879732 3.759530 0.604511
v -0.918286 3.768480 0.624641
v -0.936241 3.780162 0.597365
vn -0.9862 0.1517 -0.0667
vn 0.0746 -0.2846 -0.9557
vn -0.6042 -0.7152 0.3513
vn 0.0560 0.5207 0.8519
vn -0.0180 -0.4587 -0.8884
vn 0.0155 -0.3809 -0.9245
vn 0.6368 0.6847 -0.3545
vn -0.1305 -0.8887 0.4395
vn -0.3181 -0.8508 0.4183
vn 0.1009 0.5136 0.8520
vn 0.2892 0.8562 -0.4282
vn -0.9801 0.1191 -0.1586
vn 0.9534 -0.0687 0.2939
vn 0.3098 0.9315 -0.1908
vn 0.1457 0.8891 -0.4338
vn 0.9232 -0.3412 0.1767
vn 0.0506 0.4580 0.8875
vn -0.9861 0.1519 0.0668
vn 0.0923 -0.2842 0.9543
vn -0.6083 -0.7124 -0.3499
vn 0.0396 0.5210 -0.8526
vn 0.0082 -0.4587 0.8885
vn 0.0373 -0.3808 0.9239
vn 0.6409 0.6817 0.3529
vn -0.1431 -0.8872 -0.4387
vn -0.3271 -0.8480 -0.4169
vn 0.0805 0.5146 -0.8537
vn 0.2987 0.8536 0.4269
vn -0.9800 0.1196 0.1593
vn 0.9526 -0.0692 -0.2961
vn 0.3153 0.9296 0.1906
vn 0.1584 0.8874 0.4330
vn 0.9224 -0.3430 -0.1777
vn 0.0244 0.4587 -0.8882
vt 0.375000 0.000000
vt 0.625000 0.000000
vt 0.625000 0.250000
vt 0.375000 0.250000
vt 0.375000 0.916667
vt 0.625000 0.916667
vt 0.625000 1.000000
vt 0.375000 1.000000
vt 0.791667 0.500000
vt 0.875000 0.500000
vt 0.875000 0.750000
vt 0.791667 0.750000
vt 0.625000 0.333333
vt 0.375000 0.333333
vt 0.375000 0.750000
vt 0.625000 0.750000
vt 0.625000 0.833333
vt 0.375000 0.833333
vt 0.125000 0.500000
vt 0.208333 0.500000
vt 0.208333 0.750000
vt 0.125000 0.750000
vt 0.625000 0.500000
vt 0.703070 0.500000
vt 0.708333 0.500665
vt 0.708333 0.750000
vt 0.714379 0.500000
vt 0.625000 0.410618
vt 0.375000 0.410618
vt 0.285621 0.500000
vt 0.291667 0.500665
vt 0.291667 0.750000
vt 0.625000 0.421930
vt 0.296930 0.500000
vt 0.358130 0.498828
vt 0.405632 0.500000
vt 0.375000 0.507992
vt 0.375000 0.421930
s 0
usemtl Tile_1
f 2882/3088/2882 2884/3089/2882 2888/3090/2882 2883/3091/2882
f 2889/3092/2883 2892/3093/2883 2884/3094/2883 2882/3095/2883
f 2893/3096/2884 2888/3097/2884 2884/3098/2884 2892/3099/2884
f 2883/3091/2885 2888/3090/2885 2893/3100/2885 2894/3101/2885
f 2885/3102/2886 2886/3103/2886 2891/3104/2886 2890/3105/2886
f 2890/3105/2887 2891/3104/2887 2892/3093/2887 2889/3092/2887
f 2883/3106/2888 2894/3107/2888 2889/3108/2888 2882/3109/2888
f 2887/3110/2889 2895/3111/2889 2897/3112/2889 2891/3113/2889 2886/3103/2889
f 2897/3112/2890 2896/3114/2890 2893/3096/2890 2892/3099/2890 2891/3113/2890
f 2894/3101/2891 2893/3100/2891 2896/3115/2891 2898/3116/2891
f 2894/3107/2892 2898/3117/2892 2900/3118/2892 2890/3119/2892 2889/3108/2892
f 2897/3112/2893 2895/3120/2893 2899/3121/2893 2900/3118/2893
f 2896/3115/2894 2897/3112/2894 2900/3118/2894 2898/3116/2894
f 2901/3122/2895 2902/3123/2895 2903/3124/2895
f 2900/3118/2896 2899/3121/2896 2901/3122/2896 2903/3124/2896 2885/3102/2896 2890/3119/2896
f 2903/3124/2897 2902/3123/2897 2887/3110/2897 2886/3103/2897 2885/3102/2897
f 2899/3125/2898 2895/3120/2898 2887/3110/2898 2902/3123/2898 2901/3122/2898
f 2904/3088/2899 2905/3091/2899 2910/3090/2899 2906/3089/2899
f 2911/3092/2900 2904/3095/2900 2906/3094/2900 2914/3093/2900
f 2915/3096/2901 2914/3099/2901 2906/3098/2901 2910/3097/2901
f 2905/3091/2902 2916/3101/2902 2915/3100/2902 2910/3090/2902
f 2907/3102/2903 2912/3105/2903 2913/3104/2903 2908/3103/2903
f 2912/3105/2904 2911/3092/2904 2914/3093/2904 2913/3104/2904
f 2905/3106/2905 2904/3109/2905 2911/3108/2905 2916/3107/2905
f 2909/3110/2906 2908/3103/2906 2913/3113/2906 2919/3112/2906 2917/3111/2906
f 2919/3112/2907 2913/3113/2907 2914/3099/2907 2915/3096/2907 2918/3114/2907
f 2916/3101/2908 2920/3116/2908 2918/3115/2908 2915/3100/2908
f 2916/3107/2909 2911/3108/2909 2912/3119/2909 2922/3118/2909 2920/3117/2909
f 2919/3112/2910 2922/3118/2910 2921/3121/2910 2917/3120/2910
f 2918/3115/2911 2920/3116/2911 2922/3118/2911 2919/3112/2911
f 2923/3122/2912 2925/3124/2912 2924/3123/2912
f 2922/3118/2913 2912/3119/2913 2907/3102/2913 2925/3124/2913 2923/3122/2913 2921/3121/2913
f 2925/3124/2914 2907/3102/2914 2908/3103/2914 2909/3110/2914 2924/3123/2914
f 2921/3125/2915 2923/3122/2915 2924/3123/2915 2909/3110/2915 2917/3120/2915
o Cylinder.026
v 0.940023 4.045179 -1.125263
v 0.937572 3.630205 -1.969390
v 0.957568 4.129718 -1.150689
v 0.478516 4.115377 -1.203703
v 0.498274 4.202589 -1.240395
v 0.512091 3.783525 -2.088551
v 0.951111 3.717314 -2.035317
v 0.826948 4.126198 -1.173546
v 0.677318 4.128249 -1.179088
v 0.691357 4.213603 -1.227963
v 0.845155 4.207324 -1.187075
v 0.819462 3.773469 -2.069859
v 0.797119 3.689978 -2.031687
v 0.677203 3.789573 -2.085676
v 0.697686 3.789915 -2.096307
v 0.661249 3.857982 -1.962813
v 0.668563 3.712465 -2.036299
v 0.653544 3.701463 -2.042574
v 0.654370 3.774193 -1.939188
v 0.519870 3.705163 -2.044986
v 0.482493 3.705239 -2.067232
v 0.465054 3.715179 -2.035628
v 0.940023 4.045179 -0.247235
v 0.937571 3.630206 0.596799
v 0.957568 4.129718 -0.221150
v 0.478516 4.115377 -0.182991
v 0.498274 4.202589 -0.145842
v 0.512091 3.783525 0.702641
v 0.951111 3.717313 0.663235
v 0.826948 4.126198 -0.203050
v 0.677318 4.128249 -0.202352
v 0.691357 4.213603 -0.153053
v 0.845154 4.207324 -0.188884
v 0.819462 3.773469 0.693004
v 0.797119 3.689978 0.654070
v 0.677202 3.789573 0.704231
v 0.697686 3.789915 0.715484
v 0.661249 3.857983 0.580896
v 0.668563 3.712465 0.654598
v 0.653544 3.701463 0.660432
v 0.654370 3.774194 0.557069
v 0.519870 3.705163 0.659265
v 0.482493 3.705239 0.680628
v 0.465054 3.715179 0.648631
vn -0.9874 0.1447 -0.0642
vn 0.1732 -0.2607 -0.9497
vn -0.5270 -0.7628 0.3748
vn -0.0743 0.5308 0.8442
vn 0.1113 -0.4589 -0.8815
vn 0.1306 -0.3701 -0.9198
vn 0.5698 0.7306 -0.3761
vn 0.0453 -0.8957 0.4423
vn -0.1673 -0.8848 0.4348
vn -0.0236 0.5261 0.8501
vn 0.1337 0.8868 -0.4424
vn -0.9828 0.1200 -0.1406
vn 0.9629 -0.0815 0.2573
vn 0.1373 0.9641 -0.2274
vn -0.0291 0.8983 -0.4385
vn 0.9365 -0.3120 0.1600
vn -0.0727 0.4601 0.8849
vn -0.9875 0.1443 0.0640
vn 0.1394 -0.2621 0.9549
vn -0.5170 -0.7683 -0.3775
vn -0.0440 0.5317 -0.8458
vn 0.0879 -0.4599 0.8836
vn 0.1009 -0.3714 0.9230
vn 0.5606 0.7363 0.3790
vn 0.0572 -0.8951 -0.4421
vn -0.1535 -0.8868 -0.4358
vn 0.0037 0.5262 -0.8503
vn 0.1198 0.8884 0.4432
vn -0.9829 0.1195 0.1400
vn 0.9634 -0.0809 -0.2554
vn 0.1321 0.9647 0.2277
vn -0.0405 0.8979 0.4383
vn 0.9370 -0.3109 -0.1594
vn -0.0492 0.4611 -0.8860
vt 0.375000 0.000000
vt 0.625000 0.000000
vt 0.625000 0.250000
vt 0.375000 0.250000
vt 0.375000 0.916667
vt 0.625000 0.916667
vt 0.625000 1.000000
vt 0.375000 1.000000
vt 0.791667 0.500000
vt 0.875000 0.500000
vt 0.875000 0.750000
vt 0.791667 0.750000
vt 0.625000 0.333333
vt 0.375000 0.333333
vt 0.375000 0.750000
vt 0.625000 0.750000
vt 0.625000 0.833333
vt 0.375000 0.833333
vt 0.125000 0.500000
vt 0.208333 0.500000
vt 0.208333 0.750000
vt 0.125000 0.750000
vt 0.625000 0.500000
vt 0.703070 0.500000
vt 0.708333 0.500665
vt 0.708333 0.750000
vt 0.714379 0.500000
vt 0.625000 0.410618
vt 0.375000 0.410618
vt 0.285621 0.500000
vt 0.291667 0.500665
vt 0.291667 0.750000
vt 0.625000 0.421930
vt 0.296930 0.500000
vt 0.358130 0.498828
vt 0.405632 0.500000
vt 0.375000 0.507992
vt 0.375000 0.421930
s 0
usemtl Tile_2
f 2926/3126/2916 2928/3127/2916 2932/3128/2916 2927/3129/2916
f 2933/3130/2917 2936/3131/2917 2928/3132/2917 2926/3133/2917
f 2937/3134/2918 2932/3135/2918 2928/3136/2918 2936/3137/2918
f 2927/3129/2919 2932/3128/2919 2937/3138/2919 2938/3139/2919
f 2929/3140/2920 2930/3141/2920 2935/3142/2920 2934/3143/2920
f 2934/3143/2921 2935/3142/2921 2936/3131/2921 2933/3130/2921
f 2927/3144/2922 2938/3145/2922 2933/3146/2922 2926/3147/2922
f 2931/3148/2923 2939/3149/2923 2941/3150/2923 2935/3151/2923 2930/3141/2923
f 2941/3150/2924 2940/3152/2924 2937/3134/2924 2936/3137/2924 2935/3151/2924
f 2938/3139/2925 2937/3138/2925 2940/3153/2925 2942/3154/2925
f 2938/3145/2926 2942/3155/2926 2944/3156/2926 2934/3157/2926 2933/3146/2926
f 2941/3150/2927 2939/3158/2927 2943/3159/2927 2944/3156/2927
f 2940/3153/2928 2941/3150/2928 2944/3156/2928 2942/3154/2928
f 2945/3160/2929 2946/3161/2929 2947/3162/2929
f 2944/3156/2930 2943/3159/2930 2945/3160/2930 2947/3162/2930 2929/3140/2930 2934/3157/2930
f 2947/3162/2931 2946/3161/2931 2931/3148/2931 2930/3141/2931 2929/3140/2931
f 2943/3163/2932 2939/3158/2932 2931/3148/2932 2946/3161/2932 2945/3160/2932
f 2948/3126/2933 2949/3129/2933 2954/3128/2933 2950/3127/2933
f 2955/3130/2934 2948/3133/2934 2950/3132/2934 2958/3131/2934
f 2959/3134/2935 2958/3137/2935 2950/3136/2935 2954/3135/2935
f 2949/3129/2936 2960/3139/2936 2959/3138/2936 2954/3128/2936
f 2951/3140/2937 2956/3143/2937 2957/3142/2937 2952/3141/2937
f 2956/3143/2938 2955/3130/2938 2958/3131/2938 2957/3142/2938
f 2949/3144/2939 2948/3147/2939 2955/3146/2939 2960/3145/2939
f 2953/3148/2940 2952/3141/2940 2957/3151/2940 2963/3150/2940 2961/3149/2940
f 2963/3150/2941 2957/3151/2941 2958/3137/2941 2959/3134/2941 2962/3152/2941
f 2960/3139/2942 2964/3154/2942 2962/3153/2942 2959/3138/2942
f 2960/3145/2943 2955/3146/2943 2956/3157/2943 2966/3156/2943 2964/3155/2943
f 2963/3150/2944 2966/3156/2944 2965/3159/2944 2961/3158/2944
f 2962/3153/2945 2964/3154/2945 2966/3156/2945 2963/3150/2945
f 2967/3160/2946 2969/3162/2946 2968/3161/2946
f 2966/3156/2947 2956/3157/2947 2951/3140/2947 2969/3162/2947 2967/3160/2947 2965/3159/2947
f 2969/3162/2948 2951/3140/2948 2952/3141/2948 2953/3148/2948 2968/3161/2948
f 2965/3163/2949 2967/3160/2949 2968/3161/2949 2953/3148/2949 2961/3158/2949
o Cylinder.027
v -0.127822 4.033629 -0.999256
v -0.131314 3.489573 -2.107870
v -0.108547 4.121622 -1.023499
v -0.603775 4.179316 -1.071317
v -0.582039 4.268385 -1.109537
v -0.568739 3.716763 -2.224314
v -0.115936 3.576859 -2.182831
v -0.243322 4.136078 -1.046903
v -0.397967 4.162499 -1.047152
v -0.382132 4.249282 -1.100761
v -0.223436 4.221258 -1.056498
v -0.250986 3.656203 -2.214840
v -0.275306 3.571647 -2.174180
v -0.397789 3.695872 -2.226958
v -0.376543 3.691728 -2.241234
v -0.414052 3.786622 -2.064081
v -0.407939 3.617338 -2.172105
v -0.423585 3.607086 -2.180515
v -0.422337 3.697784 -2.042517
v -0.561889 3.633515 -2.177612
v -0.600474 3.637618 -2.204202
v -0.618564 3.654762 -2.162573
v -0.127822 4.033629 -0.393429
v -0.131314 3.489573 0.715196
v -0.108547 4.121622 -0.369241
v -0.603776 4.179316 -0.315051
v -0.582039 4.268385 -0.277315
v -0.568739 3.716763 0.837175
v -0.115936 3.576859 0.790110
v -0.243322 4.136078 -0.345117
v -0.397967 4.162499 -0.343087
v -0.382132 4.249282 -0.289707
v -0.223436 4.221258 -0.335677
v -0.250986 3.656203 0.822885
v -0.275306 3.571648 0.782445
v -0.397789 3.695872 0.836717
v -0.376543 3.691728 0.850688
v -0.414052 3.786622 0.674084
v -0.407939 3.617338 0.782014
v -0.423585 3.607087 0.790667
v -0.422337 3.697784 0.652649
v -0.561889 3.633515 0.790326
v -0.600474 3.637618 0.817761
v -0.618564 3.654762 0.776544
vn -0.9854 0.1553 -0.0698
vn 0.1438 -0.2210 -0.9646
vn -0.6038 -0.7154 0.3517
vn 0.0271 0.5537 0.8323
vn 0.0303 -0.4678 -0.8833
vn 0.0703 -0.3570 -0.9315
vn 0.6400 0.6843 -0.3494
vn -0.0819 -0.8940 0.4406
vn -0.2857 -0.8601 0.4225
vn 0.0925 0.5438 0.8341
vn 0.2541 0.8661 -0.4306
vn -0.9816 0.1378 -0.1321
vn 0.9679 -0.1095 0.2264
vn 0.2776 0.9248 -0.2602
vn 0.0989 0.8942 -0.4366
vn 0.9285 -0.3314 0.1673
vn 0.0193 0.4670 0.8841
vn -0.9854 0.1553 0.0698
vn 0.1488 -0.2208 0.9639
vn -0.6050 -0.7146 -0.3513
vn 0.0219 0.5537 -0.8324
vn 0.0466 -0.4674 0.8828
vn 0.0806 -0.3567 0.9307
vn 0.6413 0.6834 0.3489
vn -0.0898 -0.8933 -0.4403
vn -0.2901 -0.8589 -0.4219
vn 0.0827 0.5442 -0.8349
vn 0.2589 0.8649 0.4300
vn -0.9815 0.1381 0.1323
vn 0.9677 -0.1099 -0.2271
vn 0.2829 0.9233 0.2598
vn 0.1072 0.8934 0.4363
vn 0.9280 -0.3325 -0.1679
vn 0.0028 0.4674 -0.8840
vt 0.375000 0.000000
vt 0.625000 0.000000
vt 0.625000 0.250000
vt 0.375000 0.250000
vt 0.375000 0.916667
vt 0.625000 0.916667
vt 0.625000 1.000000
vt 0.375000 1.000000
vt 0.791667 0.500000
vt 0.875000 0.500000
vt 0.875000 0.750000
vt 0.791667 0.750000
vt 0.625000 0.333333
vt 0.375000 0.333333
vt 0.375000 0.750000
vt 0.625000 0.750000
vt 0.625000 0.833333
vt 0.375000 0.833333
vt 0.125000 0.500000
vt 0.208333 0.500000
vt 0.208333 0.750000
vt 0.125000 0.750000
vt 0.625000 0.500000
vt 0.703070 0.500000
vt 0.708333 0.500665
vt 0.708333 0.750000
vt 0.714379 0.500000
vt 0.625000 0.410618
vt 0.375000 0.410618
vt 0.285621 0.500000
vt 0.291667 0.500665
vt 0.291667 0.750000
vt 0.625000 0.421930
vt 0.296930 0.500000
vt 0.358130 0.498828
vt 0.405632 0.500000
vt 0.375000 0.507992
vt 0.375000 0.421930
s 0
usemtl Tile_3
f 2970/3164/2950 2972/3165/2950 2976/3166/2950 2971/3167/2950
f 2977/3168/2951 2980/3169/2951 2972/3170/2951 2970/3171/2951
f 2981/3172/2952 2976/3173/2952 2972/3174/2952 2980/3175/2952
f 2971/3167/2953 2976/3166/2953 2981/3176/2953 2982/3177/2953
f 2973/3178/2954 2974/3179/2954 2979/3180/2954 2978/3181/2954
f 2978/3181/2955 2979/3180/2955 2980/3169/2955 2977/3168/2955
f 2971/3182/2956 2982/3183/2956 2977/3184/2956 2970/3185/2956
f 2975/3186/2957 2983/3187/2957 2985/3188/2957 2979/3189/2957 2974/3179/2957
f 2985/3188/2958 2984/3190/2958 2981/3172/2958 2980/3175/2958 2979/3189/2958
f 2982/3177/2959 2981/3176/2959 2984/3191/2959 2986/3192/2959
f 2982/3183/2960 2986/3193/2960 2988/3194/2960 2978/3195/2960 2977/3184/2960
f 2985/3188/2961 2983/3196/2961 2987/3197/2961 2988/3194/2961
f 2984/3191/2962 2985/3188/2962 2988/3194/2962 2986/3192/2962
f 2989/3198/2963 2990/3199/2963 2991/3200/2963
f 2988/3194/2964 2987/3197/2964 2989/3198/2964 2991/3200/2964 2973/3178/2964 2978/3195/2964
f 2991/3200/2965 2990/3199/2965 2975/3186/2965 2974/3179/2965 2973/3178/2965
f 2987/3201/2966 2983/3196/2966 2975/3186/2966 2990/3199/2966 2989/3198/2966
f 2992/3164/2967 2993/3167/2967 2998/3166/2967 2994/3165/2967
f 2999/3168/2968 2992/3171/2968 2994/3170/2968 3002/3169/2968
f 3003/3172/2969 3002/3175/2969 2994/3174/2969 2998/3173/2969
f 2993/3167/2970 3004/3177/2970 3003/3176/2970 2998/3166/2970
f 2995/3178/2971 3000/3181/2971 3001/3180/2971 2996/3179/2971
f 3000/3181/2972 2999/3168/2972 3002/3169/2972 3001/3180/2972
f 2993/3182/2973 2992/3185/2973 2999/3184/2973 3004/3183/2973
f 2997/3186/2974 2996/3179/2974 3001/3189/2974 3007/3188/2974 3005/3187/2974
f 3007/3188/2975 3001/3189/2975 3002/3175/2975 3003/3172/2975 3006/3190/2975
f 3004/3177/2976 3008/3192/2976 3006/3191/2976 3003/3176/2976
f 3004/3183/2977 2999/3184/2977 3000/3195/2977 3010/3194/2977 3008/3193/2977
f 3007/3188/2978 3010/3194/2978 3009/3197/2978 3005/3196/2978
f 3006/3191/2979 3008/3192/2979 3010/3194/2979 3007/3188/2979
f 3011/3198/2980 3013/3200/2980 3012/3199/2980
f 3010/3194/2981 3000/3195/2981 2995/3178/2981 3013/3200/2981 3011/3198/2981 3009/3197/2981
f 3013/3200/2982 2995/3178/2982 2996/3179/2982 2997/3186/2982 3012/3199/2982
f 3009/3201/2983 3011/3198/2983 3012/3199/2983 2997/3186/2983 3005/3196/2983
o Cylinder.028
v 1.410530 4.214044 -0.714715
v 1.428073 3.861760 -1.454393
v 1.458833 4.278822 -0.734876
v 1.000243 4.293092 -0.783606
v 0.994735 3.959519 -1.540837
v 1.480812 3.938596 -1.492284
v 1.333900 4.275218 -0.746326
v 1.368149 4.347412 -0.775769
v 1.297537 4.024016 -1.540906
v 1.186175 4.045247 -1.561400
v 1.135213 3.963830 -1.517918
v 1.252921 3.942918 -1.509598
v 1.021101 4.021070 -1.561797
v 1.099341 4.041466 -1.563467
v 1.026919 4.058082 -1.530361
v 1.025165 4.331250 -0.910047
v 1.085243 4.379585 -0.802465
v 1.025678 4.357061 -0.801631
v 1.153189 4.300570 -0.770757
v 1.223127 4.296961 -0.757216
v 1.200853 4.252116 -0.855133
v 1.248754 4.380608 -0.799666
v 1.184888 4.380424 -0.802870
v 1.228775 4.316494 -0.934965
v 1.410530 4.214044 -0.641312
v 1.428073 3.861760 0.098818
v 1.458833 4.278823 -0.619958
v 1.000243 4.293092 -0.586612
v 0.994735 3.959519 0.170410
v 1.480812 3.938596 0.137940
v 1.333900 4.275218 -0.611889
v 1.368149 4.347412 -0.581427
v 1.297537 4.024016 0.181546
v 1.186175 4.045247 0.198197
v 1.135213 3.963830 0.152835
v 1.252921 3.942918 0.148751
v 1.021101 4.021070 0.192377
v 1.099341 4.041466 0.197033
v 1.026919 4.058082 0.161164
v 1.025165 4.331250 -0.459217
v 1.085242 4.379585 -0.564505
v 1.025678 4.357061 -0.567614
v 1.153189 4.300570 -0.593656
v 1.223126 4.296961 -0.604665
v 1.200853 4.252116 -0.507540
v 1.248754 4.380608 -0.561323
v 1.184888 4.380424 -0.560380
v 1.228775 4.316494 -0.426718
vn -0.8337 0.4925 -0.2498
vn 0.0952 -0.3892 -0.9162
vn -0.5433 -0.7631 0.3500
vn -0.0602 0.4315 0.9001
vn -0.0334 0.4340 0.9003
vn 0.5504 0.7508 -0.3652
vn 0.1859 -0.6529 0.7343
vn -0.1055 0.4430 0.8903
vn 0.3480 -0.9124 0.2156
vn 0.9477 -0.2940 0.1244
vn -0.9090 0.0552 -0.4131
vn 0.9381 -0.3462 -0.0082
vn 0.0635 -0.3261 -0.9432
vn 0.1847 0.8930 -0.4104
vn 0.0339 -0.4294 -0.9025
vn 0.0387 0.9122 -0.4080
vn -0.2574 -0.8787 0.4020
vn -0.0073 -0.9143 0.4049
vn -0.8355 0.4900 0.2486
vn 0.0706 -0.3899 0.9182
vn -0.5366 -0.7670 -0.3518
vn -0.0346 0.4317 -0.9013
vn -0.0017 0.4342 -0.9008
vn 0.5428 0.7552 0.3675
vn 0.2127 -0.6493 -0.7302
vn -0.0721 0.4443 -0.8930
vn 0.3552 -0.9097 -0.2149
vn 0.9481 -0.2927 -0.1239
vn -0.9116 0.0544 0.4075
vn 0.9381 -0.3463 0.0082
vn 0.0279 -0.3267 0.9447
vn 0.1709 0.8953 0.4114
vn 0.0047 -0.4295 0.9031
vn 0.0233 0.9126 0.4081
vn -0.2449 -0.8817 -0.4033
vn 0.0079 -0.9143 -0.4049
vt 0.425244 0.000000
vt 0.643712 -0.000007
vt 0.625000 0.250000
vt 0.375000 0.259599
vt 0.393293 0.916667
vt 0.625000 0.916667
vt 0.625000 0.988437
vt 0.380972 0.972793
vt 0.752877 0.499728
vt 0.875000 0.500000
vt 0.863437 0.750000
vt 0.791667 0.750000
vt 0.627901 0.374752
vt 0.375000 0.375024
vt 0.632246 0.436774
vt 0.375000 0.437454
vt 0.134599 0.500000
vt 0.250024 0.500000
vt 0.208040 0.751168
vt 0.152111 0.750381
vt 0.571053 0.500000
vt 0.654047 0.497274
vt 0.625000 0.514075
vt 0.375000 0.500000
vt 0.625000 0.716038
vt 0.648875 0.751737
vt 0.581515 0.750000
vt 0.375000 0.750000
vt 0.274657 0.671048
vt 0.375000 0.816853
vt 0.691358 0.750496
vt 0.659365 0.690009
vt 0.375000 0.852272
vt 0.625000 0.852272
vt 0.631816 0.810037
vt 0.312454 0.500000
vt 0.272820 0.750000
vt 0.308147 0.750000
vt 0.694792 0.499320
vt 0.727180 0.750000
s 0
usemtl Tile_1
f 3014/3202/2984 3016/3203/2984 3019/3204/2984 3015/3205/2984
f 3020/3206/2985 3021/3207/2985 3016/3208/2985 3014/3209/2985
f 3022/3210/2986 3019/3211/2986 3016/3212/2986 3021/3213/2986
f 3015/3205/2987 3019/3204/2987 3022/3214/2987 3025/3215/2987
f 3025/3215/2988 3022/3214/2988 3023/3216/2988 3024/3217/2988
f 3015/3218/2989 3025/3219/2989 3020/3220/2989 3014/3221/2989
f 3026/3222/2990 3027/3223/2990 3028/3224/2990
f 3024/3217/2991 3023/3216/2991 3027/3223/2991 3026/3222/2991 3018/3225/2991
f 3029/3226/2992 3030/3227/2992 3031/3228/2992
f 3018/3225/2993 3026/3222/2993 3028/3224/2993 3029/3226/2993 3031/3228/2993 3017/3229/2993
f 3034/3230/2994 3032/3231/2994 3036/3232/2994 3037/3233/2994
f 3033/3234/2995 3034/3230/2995 3037/3233/2995 3035/3235/2995
f 3017/3229/2996 3031/3228/2996 3030/3227/2996 3036/3236/2996 3032/3231/2996
f 3025/3219/2997 3024/3237/2997 3034/3230/2997 3033/3238/2997 3020/3220/2997
f 3033/3234/2998 3035/3235/2998 3021/3207/2998 3020/3206/2998
f 3024/3237/2999 3018/3225/2999 3017/3229/2999 3032/3239/2999 3034/3230/2999
f 3023/3240/3000 3022/3210/3000 3021/3213/3000 3035/3241/3000 3037/3233/3000
f 3028/3224/3001 3027/3223/3001 3023/3240/3001 3037/3233/3001 3036/3232/3001 3030/3227/3001 3029/3226/3001
f 3038/3202/3002 3039/3205/3002 3043/3204/3002 3040/3203/3002
f 3044/3206/3003 3038/3209/3003 3040/3208/3003 3045/3207/3003
f 3046/3210/3004 3045/3213/3004 3040/3212/3004 3043/3211/3004
f 3039/3205/3005 3049/3215/3005 3046/3214/3005 3043/3204/3005
f 3049/3215/3006 3048/3217/3006 3047/3216/3006 3046/3214/3006
f 3039/3218/3007 3038/3221/3007 3044/3220/3007 3049/3219/3007
f 3050/3222/3008 3052/3224/3008 3051/3223/3008
f 3048/3217/3009 3042/3225/3009 3050/3222/3009 3051/3223/3009 3047/3216/3009
f 3053/3226/3010 3055/3228/3010 3054/3227/3010
f 3042/3225/3011 3041/3229/3011 3055/3228/3011 3053/3226/3011 3052/3224/3011 3050/3222/3011
f 3058/3230/3012 3061/3233/3012 3060/3232/3012 3056/3231/3012
f 3057/3234/3013 3059/3235/3013 3061/3233/3013 3058/3230/3013
f 3041/3229/3014 3056/3231/3014 3060/3236/3014 3054/3227/3014 3055/3228/3014
f 3049/3219/3015 3044/3220/3015 3057/3238/3015 3058/3230/3015 3048/3237/3015
f 3057/3234/3016 3044/3206/3016 3045/3207/3016 3059/3235/3016
f 3048/3237/3017 3058/3230/3017 3056/3239/3017 3041/3229/3017 3042/3225/3017
f 3047/3240/3018 3061/3233/3018 3059/3241/3018 3045/3213/3018 3046/3210/3018
f 3052/3224/3019 3053/3226/3019 3054/3227/3019 3060/3232/3019 3061/3233/3019 3047/3240/3019 3051/3223/3019
o Cylinder.029
v 1.139356 4.171930 -0.699063
v 1.136603 3.842541 -1.439862
v 1.164012 4.254155 -0.721303
v 0.695037 4.278219 -0.789162
v 0.722499 4.364178 -0.821223
v 0.735544 4.030147 -1.564814
v 1.159029 3.931030 -1.497964
v 1.036395 4.263465 -0.747050
v 0.890080 4.276194 -0.758628
v 0.912201 4.361835 -0.801641
v 1.060965 4.341605 -0.758726
v 1.035417 3.998961 -1.534471
v 1.005697 3.916704 -1.501262
v 0.897795 4.025538 -1.554878
v 0.918293 4.025449 -1.563322
v 0.882823 4.082259 -1.447845
v 0.881579 3.947474 -1.511236
v 0.866246 3.938342 -1.517363
v 0.868778 3.999806 -1.426761
v 0.735527 3.950466 -1.525526
v 0.699690 3.954665 -1.546804
v 0.682158 3.962658 -1.519816
v 1.139356 4.171930 -0.665865
v 1.136603 3.842541 0.074831
v 1.164012 4.254155 -0.642711
v 0.695037 4.278219 -0.591742
v 0.722499 4.364178 -0.558830
v 0.735544 4.030147 0.185174
v 1.159029 3.931030 0.133767
v 1.036395 4.263465 -0.621785
v 0.890080 4.276194 -0.615720
v 0.912201 4.361835 -0.571894
v 1.060965 4.341605 -0.609170
v 1.035417 3.998961 0.165599
v 1.005697 3.916704 0.131253
v 0.897795 4.025538 0.180813
v 0.918293 4.025449 0.190013
v 0.882823 4.082259 0.073234
v 0.881579 3.947474 0.136579
v 0.866246 3.938342 0.142154
v 0.868778 3.999806 0.051642
v 0.735527 3.950466 0.145885
v 0.699690 3.954664 0.166042
v 0.682158 3.962658 0.138521
vn -0.9702 0.2245 -0.0916
vn 0.1734 -0.2544 -0.9514
vn -0.6045 -0.7277 0.3240
vn -0.0641 0.4858 0.8717
vn 0.1122 -0.4253 -0.8981
vn 0.1326 -0.3477 -0.9282
vn 0.6434 0.6920 -0.3274
vn -0.0305 -0.9124 0.4082
vn -0.2489 -0.8849 0.3936
vn -0.0276 0.4786 0.8776
vn 0.2151 0.8895 -0.4031
vn -0.9639 0.1973 -0.1787
vn 0.9377 -0.1549 0.3109
vn 0.2044 0.9668 -0.1535
vn 0.0470 0.9139 -0.4031
vn 0.9040 -0.3881 0.1796
vn -0.0785 0.4238 0.9024
vn -0.9704 0.2237 0.0913
vn 0.1382 -0.2558 0.9568
vn -0.5967 -0.7331 -0.3264
vn -0.0311 0.4865 -0.8731
vn 0.0819 -0.4265 0.9008
vn 0.0979 -0.3491 0.9320
vn 0.6360 0.6975 0.3300
vn -0.0165 -0.9127 -0.4084
vn -0.2349 -0.8881 -0.3951
vn 0.0054 0.4787 -0.8779
vn 0.2006 0.8923 0.4044
vn -0.9644 0.1961 0.1776
vn 0.9391 -0.1533 -0.3076
vn 0.1998 0.9677 0.1538
vn 0.0336 0.9144 0.4034
vn 0.9050 -0.3861 -0.1787
vn -0.0480 0.4248 -0.9040
vt 0.375000 0.000000
vt 0.625000 0.000000
vt 0.625000 0.250000
vt 0.375000 0.250000
vt 0.375000 0.916667
vt 0.625000 0.916667
vt 0.625000 1.000000
vt 0.375000 1.000000
vt 0.791667 0.500000
vt 0.875000 0.500000
vt 0.875000 0.750000
vt 0.791667 0.750000
vt 0.625000 0.333333
vt 0.375000 0.333333
vt 0.375000 0.750000
vt 0.625000 0.750000
vt 0.625000 0.833333
vt 0.375000 0.833333
vt 0.125000 0.500000
vt 0.208333 0.500000
vt 0.208333 0.750000
vt 0.125000 0.750000
vt 0.625000 0.500000
vt 0.703070 0.500000
vt 0.708333 0.500665
vt 0.708333 0.750000
vt 0.714379 0.500000
vt 0.625000 0.410618
vt 0.375000 0.410618
vt 0.285621 0.500000
vt 0.291667 0.500665
vt 0.291667 0.750000
vt 0.625000 0.421930
vt 0.296930 0.500000
vt 0.358130 0.498828
vt 0.405632 0.500000
vt 0.375000 0.507992
vt 0.375000 0.421930
s 0
usemtl Tile_2
f 3062/3242/3020 3064/3243/3020 3068/3244/3020 3063/3245/3020
f 3069/3246/3021 3072/3247/3021 3064/3248/3021 3062/3249/3021
f 3073/3250/3022 3068/3251/3022 3064/3252/3022 3072/3253/3022
f 3063/3245/3023 3068/3244/3023 3073/3254/3023 3074/3255/3023
f 3065/3256/3024 3066/3257/3024 3071/3258/3024 3070/3259/3024
f 3070/3259/3025 3071/3258/3025 3072/3247/3025 3069/3246/3025
f 3063/3260/3026 3074/3261/3026 3069/3262/3026 3062/3263/3026
f 3067/3264/3027 3075/3265/3027 3077/3266/3027 3071/3267/3027 3066/3257/3027
f 3077/3266/3028 3076/3268/3028 3073/3250/3028 3072/3253/3028 3071/3267/3028
f 3074/3255/3029 3073/3254/3029 3076/3269/3029 3078/3270/3029
f 3074/3261/3030 3078/3271/3030 3080/3272/3030 3070/3273/3030 3069/3262/3030
f 3077/3266/3031 3075/3274/3031 3079/3275/3031 3080/3272/3031
f 3076/3269/3032 3077/3266/3032 3080/3272/3032 3078/3270/3032
f 3081/3276/3033 3082/3277/3033 3083/3278/3033
f 3080/3272/3034 3079/3275/3034 3081/3276/3034 3083/3278/3034 3065/3256/3034 3070/3273/3034
f 3083/3278/3035 3082/3277/3035 3067/3264/3035 3066/3257/3035 3065/3256/3035
f 3079/3279/3036 3075/3274/3036 3067/3264/3036 3082/3277/3036 3081/3276/3036
f 3084/3242/3037 3085/3245/3037 3090/3244/3037 3086/3243/3037
f 3091/3246/3038 3084/3249/3038 3086/3248/3038 3094/3247/3038
f 3095/3250/3039 3094/3253/3039 3086/3252/3039 3090/3251/3039
f 3085/3245/3040 3096/3255/3040 3095/3254/3040 3090/3244/3040
f 3087/3256/3041 3092/3259/3041 3093/3258/3041 3088/3257/3041
f 3092/3259/3042 3091/3246/3042 3094/3247/3042 3093/3258/3042
f 3085/3260/3043 3084/3263/3043 3091/3262/3043 3096/3261/3043
f 3089/3264/3044 3088/3257/3044 3093/3267/3044 3099/3266/3044 3097/3265/3044
f 3099/3266/3045 3093/3267/3045 3094/3253/3045 3095/3250/3045 3098/3268/3045
f 3096/3255/3046 3100/3270/3046 3098/3269/3046 3095/3254/3046
f 3096/3261/3047 3091/3262/3047 3092/3273/3047 3102/3272/3047 3100/3271/3047
f 3099/3266/3048 3102/3272/3048 3101/3275/3048 3097/3274/3048
f 3098/3269/3049 3100/3270/3049 3102/3272/3049 3099/3266/3049
f 3103/3276/3050 3105/3278/3050 3104/3277/3050
f 3102/3272/3051 3092/3273/3051 3087/3256/3051 3105/3278/3051 3103/3276/3051 3101/3275/3051
f 3105/3278/3052 3087/3256/3052 3088/3257/3052 3089/3264/3052 3104/3277/3052
f 3101/3279/3053 3103/3276/3053 3104/3277/3053 3089/3264/3053 3097/3274/3053
o Cylinder.030
v 0.838885 4.210075 -0.802515
v 0.862033 3.938535 -1.373293
v 0.869670 4.279661 -0.821493
v 0.405905 4.219533 -0.839135
v 0.398244 3.960255 -1.429731
v 0.901347 4.027073 -1.419453
v 0.742879 4.255795 -0.829576
v 0.766406 4.327275 -0.858961
v 0.701199 4.077506 -1.456869
v 0.575672 4.063480 -1.463108
v 0.542523 3.979848 -1.410180
v 0.665804 3.978422 -1.417630
v 0.414083 4.017938 -1.448053
v 0.489292 4.046674 -1.455542
v 0.413949 4.050982 -1.428547
v 0.436268 4.285667 -0.900325
v 0.470192 4.310828 -0.856851
v 0.410274 4.239122 -0.843262
v 0.540003 4.243929 -0.838120
v 0.607490 4.241123 -0.852750
v 0.587316 4.228686 -0.872102
v 0.609514 4.325671 -0.889596
v 0.544808 4.320637 -0.865903
v 0.579064 4.306206 -0.907509
v 0.838885 4.210075 -0.573665
v 0.862033 3.938534 -0.002068
v 0.869670 4.279661 -0.553594
v 0.405905 4.219533 -0.549106
v 0.398244 3.960255 0.041339
v 0.901347 4.027073 0.045518
v 0.742879 4.255795 -0.549830
v 0.766406 4.327275 -0.519680
v 0.701199 4.077506 0.076153
v 0.575672 4.063480 0.078802
v 0.542523 3.979848 0.025020
v 0.665804 3.978422 0.035848
v 0.414083 4.017938 0.059975
v 0.489292 4.046674 0.069095
v 0.413949 4.050982 0.040467
v 0.436268 4.285667 -0.487295
v 0.470192 4.310828 -0.530031
v 0.410274 4.239122 -0.544892
v 0.540003 4.243929 -0.547104
v 0.607490 4.241123 -0.530698
v 0.587316 4.228686 -0.511894
v 0.609515 4.325671 -0.493797
v 0.544808 4.320637 -0.519200
v 0.579064 4.306206 -0.476708
vn -0.9241 0.3307 -0.1917
vn 0.1275 -0.3652 -0.9221
vn -0.3670 -0.8539 0.3690
vn -0.0840 0.4403 0.8939
vn -0.0188 0.4559 0.8898
vn 0.3476 0.8410 -0.4145
vn 0.2694 -0.4887 0.8298
vn -0.1057 0.4602 0.8815
vn 0.7338 -0.6504 -0.1962
vn 0.9644 -0.2485 0.0904
vn -0.7053 -0.2822 -0.6503
vn 0.6769 -0.2779 -0.6816
vn 0.0074 -0.2613 -0.9652
vn -0.0302 0.9060 -0.4223
vn 0.1872 -0.4096 -0.8928
vn -0.0982 0.9071 -0.4094
vn 0.0314 -0.9159 0.4002
vn 0.1533 -0.9035 0.4002
vn -0.9251 0.3286 0.1904
vn 0.0965 -0.3666 0.9254
vn -0.3561 -0.8578 -0.3706
vn -0.0544 0.4413 -0.8957
vn 0.0062 0.4560 -0.8900
vn 0.3355 0.8450 0.4164
vn 0.2859 -0.4863 -0.8257
vn -0.0855 0.4606 -0.8835
vn 0.7319 -0.6524 0.1969
vn 0.9645 -0.2481 -0.0902
vn -0.7136 -0.2788 0.6426
vn 0.6667 -0.2814 0.6902
vn -0.0148 -0.2606 0.9653
vn -0.0422 0.9056 0.4221
vn 0.1611 -0.4118 0.8969
vn -0.1075 0.9062 0.4090
vn 0.0431 -0.9155 -0.4000
vn 0.1625 -0.9022 -0.3996
vt 0.425244 0.000000
vt 0.643712 -0.000007
vt 0.625000 0.250000
vt 0.375000 0.259599
vt 0.393293 0.916667
vt 0.625000 0.916667
vt 0.625000 0.988437
vt 0.380972 0.972793
vt 0.752877 0.499728
vt 0.875000 0.500000
vt 0.863437 0.750000
vt 0.791667 0.750000
vt 0.627901 0.374752
vt 0.375000 0.375024
vt 0.632246 0.436774
vt 0.375000 0.437454
vt 0.134599 0.500000
vt 0.250024 0.500000
vt 0.208040 0.751168
vt 0.152111 0.750381
vt 0.571053 0.500000
vt 0.654047 0.497274
vt 0.625000 0.514075
vt 0.375000 0.500000
vt 0.635930 0.732381
vt 0.648875 0.751737
vt 0.444660 0.750000
vt 0.375000 0.750000
vt 0.299649 0.718375
vt 0.375000 0.807172
vt 0.678432 0.750873
vt 0.665233 0.736515
vt 0.332301 0.776397
vt 0.642570 0.801721
vt 0.637007 0.792298
vt 0.312454 0.500000
vt 0.288023 0.732079
vt 0.317828 0.750000
vt 0.694792 0.499320
vt 0.700128 0.744111
s 0
usemtl Tile_3
f 3106/3280/3054 3108/3281/3054 3111/3282/3054 3107/3283/3054
f 3112/3284/3055 3113/3285/3055 3108/3286/3055 3106/3287/3055
f 3114/3288/3056 3111/3289/3056 3108/3290/3056 3113/3291/3056
f 3107/3283/3057 3111/3282/3057 3114/3292/3057 3117/3293/3057
f 3117/3293/3058 3114/3292/3058 3115/3294/3058 3116/3295/3058
f 3107/3296/3059 3117/3297/3059 3112/3298/3059 3106/3299/3059
f 3118/3300/3060 3119/3301/3060 3120/3302/3060
f 3116/3295/3061 3115/3294/3061 3119/3301/3061 3118/3300/3061 3110/3303/3061
f 3121/3304/3062 3122/3305/3062 3123/3306/3062
f 3110/3303/3063 3118/3300/3063 3120/3302/3063 3121/3304/3063 3123/3306/3063 3109/3307/3063
f 3126/3308/3064 3124/3309/3064 3128/3310/3064 3129/3311/3064
f 3125/3312/3065 3126/3308/3065 3129/3311/3065 3127/3313/3065
f 3109/3307/3066 3123/3306/3066 3122/3305/3066 3128/3314/3066 3124/3309/3066
f 3117/3297/3067 3116/3315/3067 3126/3308/3067 3125/3316/3067 3112/3298/3067
f 3125/3312/3068 3127/3313/3068 3113/3285/3068 3112/3284/3068
f 3116/3315/3069 3110/3303/3069 3109/3307/3069 3124/3317/3069 3126/3308/3069
f 3115/3318/3070 3114/3288/3070 3113/3291/3070 3127/3319/3070 3129/3311/3070
f 3120/3302/3071 3119/3301/3071 3115/3318/3071 3129/3311/3071 3128/3310/3071 3122/3305/3071 3121/3304/3071
f 3130/3280/3072 3131/3283/3072 3135/3282/3072 3132/3281/3072
f 3136/3284/3073 3130/3287/3073 3132/3286/3073 3137/3285/3073
f 3138/3288/3074 3137/3291/3074 3132/3290/3074 3135/3289/3074
f 3131/3283/3075 3141/3293/3075 3138/3292/3075 3135/3282/3075
f 3141/3293/3076 3140/3295/3076 3139/3294/3076 3138/3292/3076
f 3131/3296/3077 3130/3299/3077 3136/3298/3077 3141/3297/3077
f 3142/3300/3078 3144/3302/3078 3143/3301/3078
f 3140/3295/3079 3134/3303/3079 3142/3300/3079 3143/3301/3079 3139/3294/3079
f 3145/3304/3080 3147/3306/3080 3146/3305/3080
f 3134/3303/3081 3133/3307/3081 3147/3306/3081 3145/3304/3081 3144/3302/3081 3142/3300/3081
f 3150/3308/3082 3153/3311/3082 3152/3310/3082 3148/3309/3082
f 3149/3312/3083 3151/3313/3083 3153/3311/3083 3150/3308/3083
f 3133/3307/3084 3148/3309/3084 3152/3314/3084 3146/3305/3084 3147/3306/3084
f 3141/3297/3085 3136/3298/3085 3149/3316/3085 3150/3308/3085 3140/3315/3085
f 3149/3312/3086 3136/3284/3086 3137/3285/3086 3151/3313/3086
f 3140/3315/3087 3150/3308/3087 3148/3317/3087 3133/3307/3087 3134/3303/3087
f 3139/3318/3088 3153/3311/3088 3151/3319/3088 3137/3291/3088 3138/3288/3088
f 3144/3302/3089 3145/3304/3089 3146/3305/3089 3152/3310/3089 3153/3311/3089 3139/3318/3089 3143/3301/3089
o Cylinder.032
v 0.463998 3.897744 -1.420195
v 0.490816 4.144069 -0.815070
v 0.502107 3.962030 -1.451763
v 0.032244 3.953764 -1.450684
v 0.032343 4.220563 -0.849435
v 0.530606 4.228965 -0.845662
v 0.376662 3.948477 -1.445817
v 0.399413 4.020855 -1.477296
v 0.332019 4.291091 -0.880261
v 0.214854 4.306789 -0.887525
v 0.176757 4.218718 -0.858325
v 0.299954 4.210783 -0.844522
v 0.049498 4.277791 -0.877978
v 0.126637 4.298182 -0.887368
v 0.051941 4.282838 -0.917842
v 0.045450 4.063825 -1.410559
v 0.106042 4.030553 -1.494272
v 0.048265 4.010663 -1.482326
v 0.188380 3.961720 -1.456068
v 0.260846 3.957179 -1.457963
v 0.239176 3.988328 -1.379872
v 0.272770 4.044061 -1.490237
v 0.207668 4.039613 -1.490759
v 0.254134 4.086668 -1.380499
v 0.463998 3.897744 0.033176
v 0.490816 4.144069 -0.571341
v 0.502107 3.962030 0.065617
v 0.032244 3.953764 0.058027
v 0.032343 4.220563 -0.543221
v 0.530606 4.228965 -0.539796
v 0.376663 3.948477 0.057014
v 0.399413 4.020855 0.088928
v 0.332019 4.291091 -0.509334
v 0.214854 4.306789 -0.503736
v 0.176757 4.218718 -0.533348
v 0.299954 4.210783 -0.545588
v 0.049498 4.277791 -0.514610
v 0.126637 4.298182 -0.504750
v 0.051941 4.282838 -0.474735
v 0.045450 4.063825 0.017955
v 0.106042 4.030553 0.102003
v 0.048265 4.010663 0.089734
v 0.188380 3.961720 0.064513
v 0.260846 3.957179 0.067284
v 0.239176 3.988328 -0.011093
v 0.272770 4.044061 0.099725
v 0.207668 4.039613 0.099414
v 0.254134 4.086667 -0.010271
vn -0.9003 0.4141 -0.1344
vn -0.0023 0.4198 0.9076
vn -0.4086 -0.8383 0.3611
vn 0.0256 -0.3820 -0.9238
vn 0.0442 -0.3755 -0.9258
vn 0.4220 0.8415 -0.3373
vn 0.2419 -0.9644 -0.1073
vn -0.0194 -0.3746 -0.9270
vn 0.3707 -0.7393 0.5622
vn 0.9812 -0.1774 0.0762
vn -0.8956 0.2480 0.3692
vn 0.9647 -0.0965 0.2449
vn -0.0188 0.4657 0.8848
vn 0.0907 0.9172 -0.3880
vn -0.0456 0.3798 0.9239
vn -0.0162 0.9166 -0.3995
vn -0.1525 -0.9091 0.3875
vn 0.0497 -0.9139 0.4030
vn -0.9009 0.4129 0.1340
vn 0.0169 0.4198 -0.9075
vn -0.4022 -0.8408 -0.3622
vn 0.0069 -0.3822 0.9240
vn 0.0318 -0.3756 0.9262
vn 0.4165 0.8438 0.3383
vn 0.2413 -0.9645 0.1073
vn -0.0264 -0.3741 0.9270
vn 0.3735 -0.7384 -0.5615
vn 0.9812 -0.1773 -0.0762
vn -0.8948 0.2490 -0.3707
vn 0.9650 -0.0962 -0.2441
vn -0.0121 0.4651 -0.8852
vn 0.0852 0.9176 0.3882
vn -0.0303 0.3801 -0.9244
vn -0.0192 0.9165 0.3995
vn -0.1466 -0.9100 -0.3879
vn 0.0532 -0.9137 -0.4029
vt 0.425244 0.000000
vt 0.643712 -0.000007
vt 0.625000 0.250000
vt 0.375000 0.259599
vt 0.393293 0.916667
vt 0.625000 0.916667
vt 0.625000 0.988437
vt 0.380972 0.972793
vt 0.752877 0.499728
vt 0.875000 0.500000
vt 0.863437 0.750000
vt 0.791667 0.750000
vt 0.627901 0.374752
vt 0.375000 0.375024
vt 0.632246 0.436774
vt 0.375000 0.437454
vt 0.134599 0.500000
vt 0.250024 0.500000
vt 0.208040 0.751168
vt 0.152111 0.750381
vt 0.571053 0.500000
vt 0.654047 0.497274
vt 0.625000 0.514075
vt 0.375000 0.500000
vt 0.625000 0.716038
vt 0.648875 0.751737
vt 0.581515 0.750000
vt 0.375000 0.750000
vt 0.274657 0.671048
vt 0.375000 0.816853
vt 0.691358 0.750496
vt 0.659365 0.690009
vt 0.375000 0.852272
vt 0.625000 0.852272
vt 0.631816 0.810037
vt 0.312454 0.500000
vt 0.272820 0.750000
vt 0.308147 0.750000
vt 0.694792 0.499320
vt 0.727180 0.750000
s 0
usemtl Tile_2
f 3154/3320/3090 3155/3323/3090 3159/3322/3090 3156/3321/3090
f 3160/3324/3091 3154/3327/3091 3156/3326/3091 3161/3325/3091
f 3162/3328/3092 3161/3331/3092 3156/3330/3092 3159/3329/3092
f 3155/3323/3093 3165/3333/3093 3162/3332/3093 3159/3322/3093
f 3165/3333/3094 3164/3335/3094 3163/3334/3094 3162/3332/3094
f 3155/3336/3095 3154/3339/3095 3160/3338/3095 3165/3337/3095
f 3166/3340/3096 3168/3342/3096 3167/3341/3096
f 3164/3335/3097 3158/3343/3097 3166/3340/3097 3167/3341/3097 3163/3334/3097
f 3169/3344/3098 3171/3346/3098 3170/3345/3098
f 3158/3343/3099 3157/3347/3099 3171/3346/3099 3169/3344/3099 3168/3342/3099 3166/3340/3099
f 3174/3348/3100 3177/3351/3100 3176/3350/3100 3172/3349/3100
f 3173/3352/3101 3175/3353/3101 3177/3351/3101 3174/3348/3101
f 3157/3347/3102 3172/3349/3102 3176/3354/3102 3170/3345/3102 3171/3346/3102
f 3165/3337/3103 3160/3338/3103 3173/3356/3103 3174/3348/3103 3164/3355/3103
f 3173/3352/3104 3160/3324/3104 3161/3325/3104 3175/3353/3104
f 3164/3355/3105 3174/3348/3105 3172/3357/3105 3157/3347/3105 3158/3343/3105
f 3163/3358/3106 3177/3351/3106 3175/3359/3106 3161/3331/3106 3162/3328/3106
f 3168/3342/3107 3169/3344/3107 3170/3345/3107 3176/3350/3107 3177/3351/3107 3163/3358/3107 3167/3341/3107
f 3178/3320/3108 3180/3321/3108 3183/3322/3108 3179/3323/3108
f 3184/3324/3109 3185/3325/3109 3180/3326/3109 3178/3327/3109
f 3186/3328/3110 3183/3329/3110 3180/3330/3110 3185/3331/3110
f 3179/3323/3111 3183/3322/3111 3186/3332/3111 3189/3333/3111
f 3189/3333/3112 3186/3332/3112 3187/3334/3112 3188/3335/3112
f 3179/3336/3113 3189/3337/3113 3184/3338/3113 3178/3339/3113
f 3190/3340/3114 3191/3341/3114 3192/3342/3114
f 3188/3335/3115 3187/3334/3115 3191/3341/3115 3190/3340/3115 3182/3343/3115
f 3193/3344/3116 3194/3345/3116 3195/3346/3116
f 3182/3343/3117 3190/3340/3117 3192/3342/3117 3193/3344/3117 3195/3346/3117 3181/3347/3117
f 3198/3348/3118 3196/3349/3118 3200/3350/3118 3201/3351/3118
f 3197/3352/3119 3198/3348/3119 3201/3351/3119 3199/3353/3119
f 3181/3347/3120 3195/3346/3120 3194/3345/3120 3200/3354/3120 3196/3349/3120
f 3189/3337/3121 3188/3355/3121 3198/3348/3121 3197/3356/3121 3184/3338/3121
f 3197/3352/3122 3199/3353/3122 3185/3325/3122 3184/3324/3122
f 3188/3355/3123 3182/3343/3123 3181/3347/3123 3196/3357/3123 3198/3348/3123
f 3187/3358/3124 3186/3328/3124 3185/3331/3124 3199/3359/3124 3201/3351/3124
f 3192/3342/3125 3191/3341/3125 3187/3358/3125 3201/3351/3125 3200/3350/3125 3194/3345/3125 3193/3344/3125
o Cylinder.033
v 0.144987 4.143397 -0.711558
v 0.142187 3.801597 -1.481156
v 0.163875 4.224884 -0.734558
v -0.322134 4.279165 -0.779399
v -0.300818 4.363203 -0.812740
v -0.287123 4.015474 -1.586145
v 0.157270 3.888894 -1.540999
v 0.031619 4.239417 -0.754613
v -0.120146 4.261810 -0.758590
v -0.104623 4.345864 -0.802958
v 0.051103 4.316501 -0.766821
v 0.024722 3.962182 -1.571510
v 0.000876 3.881655 -1.536842
v -0.119346 3.997915 -1.584852
v -0.098490 3.996187 -1.594685
v -0.135402 4.057648 -1.472691
v -0.129294 3.921066 -1.540045
v -0.144641 3.912944 -1.545672
v -0.143503 3.975910 -1.451359
v -0.280383 3.935548 -1.546761
v -0.318251 3.942552 -1.566692
v -0.336032 3.952467 -1.537740
v 0.144987 4.143397 -0.680410
v 0.142187 3.801597 0.089164
v 0.163875 4.224884 -0.657241
v -0.322134 4.279166 -0.611840
v -0.300818 4.363203 -0.578736
v -0.287123 4.015474 0.194527
v 0.157269 3.888895 0.149139
v 0.031618 4.239417 -0.638046
v -0.120146 4.261810 -0.634119
v -0.104623 4.345864 -0.589792
v 0.051103 4.316501 -0.625759
v 0.024722 3.962182 0.178827
v 0.000877 3.881656 0.144092
v -0.119346 3.997914 0.192141
v -0.098490 3.996187 0.201922
v -0.135402 4.057648 0.080032
v -0.129294 3.921066 0.147365
v -0.144641 3.912944 0.153048
v -0.143503 3.975911 0.058731
v -0.280383 3.935548 0.155076
v -0.318251 3.942552 0.175408
v -0.336032 3.952467 0.146666
vn -0.9840 0.1659 -0.0655
vn 0.1193 -0.2426 -0.9628
vn -0.5833 -0.7422 0.3299
vn 0.0005 0.4906 0.8714
vn 0.0324 -0.4253 -0.9045
vn 0.0645 -0.3430 -0.9371
vn 0.6202 0.7100 -0.3335
vn -0.0789 -0.9101 0.4068
vn -0.2719 -0.8794 0.3909
vn 0.0493 0.4840 0.8737
vn 0.2417 0.8841 -0.4000
vn -0.9781 0.1401 -0.1539
vn 0.9533 -0.0982 0.2855
vn 0.2624 0.9508 -0.1645
vn 0.0956 0.9108 -0.4016
vn 0.9218 -0.3516 0.1635
vn 0.0020 0.4244 0.9055
vn -0.9840 0.1658 0.0654
vn 0.1131 -0.2428 0.9635
vn -0.5819 -0.7431 -0.3304
vn 0.0054 0.4905 -0.8714
vn 0.0387 -0.4251 0.9043
vn 0.0638 -0.3431 0.9371
vn 0.6190 0.7109 0.3339
vn -0.0816 -0.9099 -0.4067
vn -0.2717 -0.8794 -0.3909
vn 0.0493 0.4839 -0.8737
vn 0.2417 0.8841 0.4000
vn -0.9781 0.1401 0.1540
vn 0.9533 -0.0982 -0.2858
vn 0.2641 0.9504 0.1645
vn 0.0987 0.9105 0.4015
vn 0.9215 -0.3522 -0.1638
vn -0.0043 0.4249 -0.9053
vt 0.375000 0.000000
vt 0.625000 0.000000
vt 0.625000 0.250000
vt 0.375000 0.250000
vt 0.375000 0.916667
vt 0.625000 0.916667
vt 0.625000 1.000000
vt 0.375000 1.000000
vt 0.791667 0.500000
vt 0.875000 0.500000
vt 0.875000 0.750000
vt 0.791667 0.750000
vt 0.625000 0.333333
vt 0.375000 0.333333
vt 0.375000 0.750000
vt 0.625000 0.750000
vt 0.625000 0.833333
vt 0.375000 0.833333
vt 0.125000 0.500000
vt 0.208333 0.500000
vt 0.208333 0.750000
vt 0.125000 0.750000
vt 0.625000 0.500000
vt 0.703070 0.500000
vt 0.708333 0.500665
vt 0.708333 0.750000
vt 0.714379 0.500000
vt 0.625000 0.410618
vt 0.375000 0.410618
vt 0.285621 0.500000
vt 0.291667 0.500665
vt 0.291667 0.750000
vt 0.625000 0.421930
vt 0.296930 0.500000
vt 0.358130 0.498828
vt 0.405632 0.500000
vt 0.375000 0.507992
vt 0.375000 0.421930
s 0
usemtl Tile_1
f 3202/3360/3126 3204/3361/3126 3208/3362/3126 3203/3363/3126
f 3209/3364/3127 3212/3365/3127 3204/3366/3127 3202/3367/3127
f 3213/3368/3128 3208/3369/3128 3204/3370/3128 3212/3371/3128
f 3203/3363/3129 3208/3362/3129 3213/3372/3129 3214/3373/3129
f 3205/3374/3130 3206/3375/3130 3211/3376/3130 3210/3377/3130
f 3210/3377/3131 3211/3376/3131 3212/3365/3131 3209/3364/3131
f 3203/3378/3132 3214/3379/3132 3209/3380/3132 3202/3381/3132
f 3207/3382/3133 3215/3383/3133 3217/3384/3133 3211/3385/3133 3206/3375/3133
f 3217/3384/3134 3216/3386/3134 3213/3368/3134 3212/3371/3134 3211/3385/3134
f 3214/3373/3135 3213/3372/3135 3216/3387/3135 3218/3388/3135
f 3214/3379/3136 3218/3389/3136 3220/3390/3136 3210/3391/3136 3209/3380/3136
f 3217/3384/3137 3215/3392/3137 3219/3393/3137 3220/3390/3137
f 3216/3387/3138 3217/3384/3138 3220/3390/3138 3218/3388/3138
f 3221/3394/3139 3222/3395/3139 3223/3396/3139
f 3220/3390/3140 3219/3393/3140 3221/3394/3140 3223/3396/3140 3205/3374/3140 3210/3391/3140
f 3223/3396/3141 3222/3395/3141 3207/3382/3141 3206/3375/3141 3205/3374/3141
f 3219/3397/3142 3215/3392/3142 3207/3382/3142 3222/3395/3142 3221/3394/3142
f 3224/3360/3143 3225/3363/3143 3230/3362/3143 3226/3361/3143
f 3231/3364/3144 3224/3367/3144 3226/3366/3144 3234/3365/3144
f 3235/3368/3145 3234/3371/3145 3226/3370/3145 3230/3369/3145
f 3225/3363/3146 3236/3373/3146 3235/3372/3146 3230/3362/3146
f 3227/3374/3147 3232/3377/3147 3233/3376/3147 3228/3375/3147
f 3232/3377/3148 3231/3364/3148 3234/3365/3148 3233/3376/3148
f 3225/3378/3149 3224/3381/3149 3231/3380/3149 3236/3379/3149
f 3229/3382/3150 3228/3375/3150 3233/3385/3150 3239/3384/3150 3237/3383/3150
f 3239/3384/3151 3233/3385/3151 3234/3371/3151 3235/3368/3151 3238/3386/3151
f 3236/3373/3152 3240/3388/3152 3238/3387/3152 3235/3372/3152
f 3236/3379/3153 3231/3380/3153 3232/3391/3153 3242/3390/3153 3240/3389/3153
f 3239/3384/3154 3242/3390/3154 3241/3393/3154 3237/3392/3154
f 3238/3387/3155 3240/3388/3155 3242/3390/3155 3239/3384/3155
f 3243/3394/3156 3245/3396/3156 3244/3395/3156
f 3242/3390/3157 3232/3391/3157 3227/3374/3157 3245/3396/3157 3243/3394/3157 3241/3393/3157
f 3245/3396/3158 3227/3374/3158 3228/3375/3158 3229/3382/3158 3244/3395/3158
f 3241/3397/3159 3243/3394/3159 3244/3395/3159 3229/3382/3159 3237/3392/3159
o Cylinder.034
v -0.126586 4.120921 -0.695557
v -0.147900 3.795589 -1.447765
v -0.130303 4.228170 -0.736768
v -0.584158 4.312771 -0.749447
v -0.539940 4.351061 -0.788270
v -0.563118 4.045194 -1.551146
v -0.143459 3.890436 -1.503643
v -0.232218 4.226988 -0.740547
v -0.198475 4.294748 -0.768552
v -0.231127 3.952445 -1.554810
v -0.265014 3.887813 -1.485781
v -0.375037 4.015494 -1.548438
v -0.350617 4.009537 -1.547020
v -0.361534 4.059552 -1.442235
v -0.384772 3.933118 -1.515820
v -0.412600 3.942461 -1.509957
v -0.397981 3.986739 -1.403650
v -0.546468 3.958372 -1.514597
v -0.568644 4.008229 -1.539351
v -0.585960 3.983840 -1.491875
v -0.425205 4.274032 -0.754726
v -0.358163 4.267797 -0.756890
v -0.370490 4.294554 -0.824662
v -0.325661 4.335700 -0.784727
v -0.401289 4.344734 -0.779030
v -0.359290 4.314907 -0.868406
v -0.126586 4.120921 -0.697132
v -0.147900 3.795589 0.055155
v -0.130303 4.228170 -0.655909
v -0.584158 4.312771 -0.637357
v -0.539940 4.351061 -0.599470
v -0.563118 4.045194 0.163887
v -0.143459 3.890436 0.111015
v -0.232218 4.226988 -0.651561
v -0.198475 4.294748 -0.623794
v -0.231128 3.952445 0.162693
v -0.265014 3.887813 0.093951
v -0.375037 4.015494 0.157871
v -0.350617 4.009537 0.156129
v -0.361534 4.059552 0.051485
v -0.384772 3.933118 0.125390
v -0.412600 3.942461 0.119939
v -0.397981 3.986740 0.013412
v -0.546468 3.958372 0.126991
v -0.568644 4.008229 0.152210
v -0.585960 3.983840 0.105111
v -0.425205 4.274032 -0.635096
v -0.358163 4.267797 -0.633904
v -0.370490 4.294554 -0.565967
v -0.325661 4.335699 -0.606471
v -0.401289 4.344734 -0.611159
v -0.359290 4.314907 -0.522373
vn -0.9998 0.0120 0.0175
vn 0.0387 -0.3732 -0.9269
vn -0.6974 -0.6487 0.3046
vn 0.1039 0.5977 0.7950
vn 0.6939 0.6485 -0.3129
vn 0.1467 0.5250 0.8384
vn -0.9023 0.4271 -0.0582
vn 0.9150 -0.3149 0.2522
vn 0.6537 0.5492 0.5206
vn 0.8881 -0.4272 0.1696
vn 0.0265 0.4176 0.9083
vn -0.8549 -0.0557 -0.5158
vn 0.7675 -0.5877 -0.2560
vn 0.0646 0.9103 -0.4088
vn -0.0598 -0.4721 -0.8795
vn 0.4731 0.7959 -0.3777
vn -0.0036 -0.3791 -0.9253
vn -0.0855 -0.9195 0.3837
vn -0.3559 -0.8533 0.3811
vn -0.9998 0.0120 -0.0175
vn 0.0439 -0.3729 0.9268
vn -0.6982 -0.6480 -0.3043
vn 0.0988 0.5978 -0.7955
vn 0.6949 0.6477 0.3124
vn 0.1377 0.5257 -0.8395
vn -0.9022 0.4275 0.0582
vn 0.9144 -0.3160 -0.2530
vn 0.6473 0.5532 -0.5244
vn 0.8873 -0.4286 -0.1701
vn 0.0104 0.4184 -0.9082
vn -0.8529 -0.0560 0.5191
vn 0.7688 -0.5862 0.2554
vn 0.0721 0.9099 0.4086
vn -0.0436 -0.4722 0.8804
vn 0.4765 0.7943 0.3770
vn 0.0054 -0.3791 0.9253
vn -0.0920 -0.9190 -0.3834
vn -0.3592 -0.8521 -0.3806
vt 0.375000 0.000000
vt 0.671954 0.000480
vt 0.625000 0.260493
vt 0.375000 0.250000
vt 0.375000 0.916667
vt 0.625000 0.916667
vt 0.625000 0.974902
vt 0.375000 1.000000
vt 0.791667 0.500000
vt 0.864507 0.500000
vt 0.849902 0.750000
vt 0.791667 0.750000
vt 0.625000 0.333333
vt 0.375000 0.333333
vt 0.125000 0.500000
vt 0.208333 0.500000
vt 0.208333 0.750000
vt 0.125000 0.750000
vt 0.625000 0.410618
vt 0.375000 0.410618
vt 0.708333 0.500665
vt 0.625000 0.421930
vt 0.296930 0.500000
vt 0.291667 0.500665
vt 0.358130 0.498828
vt 0.405632 0.500000
vt 0.375000 0.507992
vt 0.625000 0.500000
vt 0.538355 0.757042
vt 0.375000 0.750000
vt 0.375000 0.421930
vt 0.397578 0.731893
vt 0.375000 0.818610
vt 0.668492 0.751651
vt 0.690090 0.716421
vt 0.375198 0.852460
vt 0.625000 0.852823
vt 0.306390 0.750000
vt 0.604691 0.815452
vt 0.285621 0.500000
vt 0.272177 0.750000
vt 0.703070 0.500000
vt 0.714379 0.500000
vt 0.727662 0.750000
s 0
usemtl Tile_2
f 3246/3398/3160 3248/3399/3160 3252/3400/3160 3247/3401/3160
f 3253/3402/3161 3254/3403/3161 3248/3404/3161 3246/3405/3161
f 3255/3406/3162 3252/3407/3162 3248/3408/3162 3254/3409/3162
f 3247/3401/3163 3252/3400/3163 3255/3410/3163 3256/3411/3163
f 3247/3412/3164 3256/3413/3164 3253/3414/3164 3246/3415/3164
f 3256/3411/3165 3255/3410/3165 3258/3416/3165 3260/3417/3165
f 3259/3418/3166 3257/3419/3166 3261/3420/3166 3262/3421/3166
f 3258/3416/3167 3259/3418/3167 3262/3421/3167 3260/3417/3167
f 3263/3422/3168 3264/3423/3168 3265/3424/3168
f 3265/3424/3169 3264/3423/3169 3251/3425/3169 3250/3426/3169 3249/3427/3169
f 3261/3428/3170 3257/3419/3170 3251/3425/3170 3264/3423/3170 3263/3422/3170
f 3268/3429/3171 3266/3430/3171 3270/3431/3171 3271/3432/3171
f 3267/3433/3172 3268/3429/3172 3271/3432/3172 3269/3434/3172
f 3262/3421/3173 3261/3420/3173 3263/3422/3173 3265/3424/3173 3249/3427/3173 3266/3435/3173 3268/3429/3173
f 3249/3427/3174 3250/3426/3174 3270/3436/3174 3266/3430/3174
f 3256/3413/3175 3260/3437/3175 3262/3421/3175 3268/3429/3175 3267/3438/3175 3253/3414/3175
f 3267/3433/3176 3269/3434/3176 3254/3403/3176 3253/3402/3176
f 3251/3425/3177 3257/3439/3177 3259/3418/3177 3271/3432/3177 3270/3431/3177 3250/3426/3177
f 3259/3418/3178 3258/3440/3178 3255/3406/3178 3254/3409/3178 3269/3441/3178 3271/3432/3178
f 3272/3398/3179 3273/3401/3179 3278/3400/3179 3274/3399/3179
f 3279/3402/3180 3272/3405/3180 3274/3404/3180 3280/3403/3180
f 3281/3406/3181 3280/3409/3181 3274/3408/3181 3278/3407/3181
f 3273/3401/3182 3282/3411/3182 3281/3410/3182 3278/3400/3182
f 3273/3412/3183 3272/3415/3183 3279/3414/3183 3282/3413/3183
f 3282/3411/3184 3286/3417/3184 3284/3416/3184 3281/3410/3184
f 3285/3418/3185 3288/3421/3185 3287/3420/3185 3283/3419/3185
f 3284/3416/3186 3286/3417/3186 3288/3421/3186 3285/3418/3186
f 3289/3422/3187 3291/3424/3187 3290/3423/3187
f 3291/3424/3188 3275/3427/3188 3276/3426/3188 3277/3425/3188 3290/3423/3188
f 3287/3428/3189 3289/3422/3189 3290/3423/3189 3277/3425/3189 3283/3419/3189
f 3294/3429/3190 3297/3432/3190 3296/3431/3190 3292/3430/3190
f 3293/3433/3191 3295/3434/3191 3297/3432/3191 3294/3429/3191
f 3288/3421/3192 3294/3429/3192 3292/3435/3192 3275/3427/3192 3291/3424/3192 3289/3422/3192 3287/3420/3192
f 3275/3427/3193 3292/3430/3193 3296/3436/3193 3276/3426/3193
f 3282/3413/3194 3279/3414/3194 3293/3438/3194 3294/3429/3194 3288/3421/3194 3286/3437/3194
f 3293/3433/3195 3279/3402/3195 3280/3403/3195 3295/3434/3195
f 3277/3425/3196 3276/3426/3196 3296/3431/3196 3297/3432/3196 3285/3418/3196 3283/3439/3196
f 3285/3418/3197 3297/3432/3197 3295/3441/3197 3280/3409/3197 3281/3406/3197 3284/3440/3197
o Cylinder.035
v -0.401345 4.194253 -0.737793
v -0.378844 3.843361 -1.479762
v -0.365616 4.260492 -0.762166
v -0.846552 4.285438 -0.759678
v -0.852541 3.952870 -1.516513
v -0.342341 3.922099 -1.522075
v -0.493629 4.253768 -0.760642
v -0.474062 4.325863 -0.792907
v -0.549451 4.003056 -1.550572
v -0.670365 4.027421 -1.558325
v -0.704865 3.948303 -1.510046
v -0.578129 3.922923 -1.515295
v -0.838057 4.012851 -1.539815
v -0.760259 4.028161 -1.550422
v -0.836241 4.049520 -1.508801
v -0.837867 4.322312 -0.888074
v -0.775267 4.366542 -0.787491
v -0.833247 4.347911 -0.779921
v -0.687322 4.283558 -0.764620
v -0.612910 4.277144 -0.759107
v -0.635732 4.233140 -0.854567
v -0.605171 4.359966 -0.803392
v -0.671659 4.362047 -0.799384
v -0.625085 4.296558 -0.936546
v -0.401345 4.194254 -0.652397
v -0.378844 3.843362 0.089248
v -0.365616 4.260492 -0.628529
v -0.846552 4.285438 -0.620206
v -0.852541 3.952870 0.136812
v -0.342341 3.922099 0.131080
v -0.493629 4.253768 -0.628000
v -0.474062 4.325863 -0.596090
v -0.549451 4.003056 0.163027
v -0.670365 4.027420 0.173544
v -0.704865 3.948303 0.126147
v -0.578129 3.922923 0.128358
v -0.838057 4.012852 0.159673
v -0.760259 4.028161 0.168018
v -0.836241 4.049520 0.128604
v -0.837867 4.322312 -0.492074
v -0.775267 4.366542 -0.594490
v -0.833247 4.347912 -0.600366
v -0.687322 4.283558 -0.619733
v -0.612910 4.277144 -0.627052
v -0.635732 4.233140 -0.531058
v -0.605171 4.359966 -0.582944
v -0.671659 4.362047 -0.585365
v -0.625085 4.296558 -0.449330
vn -0.9107 0.3641 -0.1949
vn 0.0091 -0.3820 -0.9241
vn -0.4471 -0.8143 0.3701
vn 0.0275 0.4296 0.9026
vn 0.0790 0.4384 0.8953
vn 0.4590 0.8012 -0.3840
vn 0.2257 -0.6356 0.7383
vn 0.0236 0.4399 0.8977
vn 0.3236 -0.9238 0.2048
vn 0.9887 -0.1392 0.0553
vn -0.9317 -0.1117 -0.3457
vn 0.9759 -0.1993 -0.0888
vn -0.0627 -0.3279 -0.9426
vn 0.1519 0.8987 -0.4115
vn -0.0671 -0.4325 -0.8991
vn 0.0431 0.9123 -0.4072
vn -0.2118 -0.8893 0.4053
vn -0.0109 -0.9146 0.4041
vn -0.9103 0.3650 0.1953
vn 0.0239 -0.3820 0.9238
vn -0.4519 -0.8121 -0.3691
vn 0.0119 0.4298 -0.9028
vn 0.0581 0.4390 -0.8966
vn 0.4643 0.7987 0.3827
vn 0.2052 -0.6386 -0.7417
vn -0.0015 0.4397 -0.8981
vn 0.3182 -0.9255 -0.2052
vn 0.9887 -0.1394 -0.0554
vn -0.9305 -0.1125 0.3485
vn 0.9760 -0.1989 0.0886
vn -0.0366 -0.3278 0.9440
vn 0.1609 0.8974 0.4109
vn -0.0487 -0.4331 0.9000
vn 0.0543 0.9118 0.4069
vn -0.2201 -0.8876 -0.4045
vn -0.0219 -0.9145 -0.4041
vt 0.425244 0.000000
vt 0.643712 -0.000007
vt 0.625000 0.250000
vt 0.375000 0.259599
vt 0.393293 0.916667
vt 0.625000 0.916667
vt 0.625000 0.988437
vt 0.380972 0.972793
vt 0.752877 0.499728
vt 0.875000 0.500000
vt 0.863437 0.750000
vt 0.791667 0.750000
vt 0.627901 0.374752
vt 0.375000 0.375024
vt 0.632246 0.436774
vt 0.375000 0.437454
vt 0.134599 0.500000
vt 0.250024 0.500000
vt 0.208040 0.751168
vt 0.152111 0.750381
vt 0.571053 0.500000
vt 0.654047 0.497274
vt 0.625000 0.514075
vt 0.375000 0.500000
vt 0.625000 0.716038
vt 0.648875 0.751737
vt 0.581515 0.750000
vt 0.375000 0.750000
vt 0.274657 0.671048
vt 0.375000 0.816853
vt 0.691358 0.750496
vt 0.659365 0.690009
vt 0.375000 0.852272
vt 0.625000 0.852272
vt 0.631816 0.810037
vt 0.312454 0.500000
vt 0.272820 0.750000
vt 0.308147 0.750000
vt 0.694792 0.499320
vt 0.727180 0.750000
s 0
usemtl Tile_1
f 3298/3442/3198 3300/3443/3198 3303/3444/3198 3299/3445/3198
f 3304/3446/3199 3305/3447/3199 3300/3448/3199 3298/3449/3199
f 3306/3450/3200 3303/3451/3200 3300/3452/3200 3305/3453/3200
f 3299/3445/3201 3303/3444/3201 3306/3454/3201 3309/3455/3201
f 3309/3455/3202 3306/3454/3202 3307/3456/3202 3308/3457/3202
f 3299/3458/3203 3309/3459/3203 3304/3460/3203 3298/3461/3203
f 3310/3462/3204 3311/3463/3204 3312/3464/3204
f 3308/3457/3205 3307/3456/3205 3311/3463/3205 3310/3462/3205 3302/3465/3205
f 3313/3466/3206 3314/3467/3206 3315/3468/3206
f 3302/3465/3207 3310/3462/3207 3312/3464/3207 3313/3466/3207 3315/3468/3207 3301/3469/3207
f 3318/3470/3208 3316/3471/3208 3320/3472/3208 3321/3473/3208
f 3317/3474/3209 3318/3470/3209 3321/3473/3209 3319/3475/3209
f 3301/3469/3210 3315/3468/3210 3314/3467/3210 3320/3476/3210 3316/3471/3210
f 3309/3459/3211 3308/3477/3211 3318/3470/3211 3317/3478/3211 3304/3460/3211
f 3317/3474/3212 3319/3475/3212 3305/3447/3212 3304/3446/3212
f 3308/3477/3213 3302/3465/3213 3301/3469/3213 3316/3479/3213 3318/3470/3213
f 3307/3480/3214 3306/3450/3214 3305/3453/3214 3319/3481/3214 3321/3473/3214
f 3312/3464/3215 3311/3463/3215 3307/3480/3215 3321/3473/3215 3320/3472/3215 3314/3467/3215 3313/3466/3215
f 3322/3442/3216 3323/3445/3216 3327/3444/3216 3324/3443/3216
f 3328/3446/3217 3322/3449/3217 3324/3448/3217 3329/3447/3217
f 3330/3450/3218 3329/3453/3218 3324/3452/3218 3327/3451/3218
f 3323/3445/3219 3333/3455/3219 3330/3454/3219 3327/3444/3219
f 3333/3455/3220 3332/3457/3220 3331/3456/3220 3330/3454/3220
f 3323/3458/3221 3322/3461/3221 3328/3460/3221 3333/3459/3221
f 3334/3462/3222 3336/3464/3222 3335/3463/3222
f 3332/3457/3223 3326/3465/3223 3334/3462/3223 3335/3463/3223 3331/3456/3223
f 3337/3466/3224 3339/3468/3224 3338/3467/3224
f 3326/3465/3225 3325/3469/3225 3339/3468/3225 3337/3466/3225 3336/3464/3225 3334/3462/3225
f 3342/3470/3226 3345/3473/3226 3344/3472/3226 3340/3471/3226
f 3341/3474/3227 3343/3475/3227 3345/3473/3227 3342/3470/3227
f 3325/3469/3228 3340/3471/3228 3344/3476/3228 3338/3467/3228 3339/3468/3228
f 3333/3459/3229 3328/3460/3229 3341/3478/3229 3342/3470/3229 3332/3477/3229
f 3341/3474/3230 3328/3446/3230 3329/3447/3230 3343/3475/3230
f 3332/3477/3231 3342/3470/3231 3340/3479/3231 3325/3469/3231 3326/3465/3231
f 3331/3480/3232 3345/3473/3232 3343/3481/3232 3329/3453/3232 3330/3450/3232
f 3336/3464/3233 3337/3466/3233 3338/3467/3233 3344/3472/3233 3345/3473/3233 3331/3480/3233 3335/3463/3233
o Cylinder.036
v -0.660011 4.134852 -0.770525
v -0.681344 3.855327 -1.420856
v -0.668658 4.241213 -0.811718
v -1.128752 4.342159 -0.814473
v -1.086580 4.380073 -0.851728
v -1.110607 4.119652 -1.512304
v -0.681522 3.949945 -1.474683
v -0.771436 4.245067 -0.812299
v -0.740559 4.310713 -0.841026
v -0.773208 4.016803 -1.520407
v -0.803650 3.952199 -1.455518
v -0.920476 4.084048 -1.513706
v -0.895650 4.077190 -1.512850
v -0.906842 4.121288 -1.422091
v -0.926471 4.002720 -1.480888
v -0.954720 4.012605 -1.475362
v -0.939980 4.050042 -1.383696
v -1.089864 4.032893 -1.476531
v -1.114489 4.083248 -1.500064
v -1.130083 4.057674 -1.456504
v -0.967754 4.299561 -0.821730
v -0.900129 4.290984 -0.825190
v -0.914725 4.320757 -0.886015
v -0.870565 4.357025 -0.853749
v -0.946909 4.368617 -0.847056
v -0.904995 4.342197 -0.925934
v -0.660011 4.134852 -0.614513
v -0.681344 3.855327 0.036351
v -0.668658 4.241213 -0.573105
v -1.128752 4.342159 -0.555802
v -1.086580 4.380073 -0.520079
v -1.110607 4.119652 0.141368
v -0.681522 3.949946 0.090183
v -0.771436 4.245067 -0.569791
v -0.740559 4.310713 -0.541921
v -0.773208 4.016803 0.138367
v -0.803649 3.952199 0.074353
v -0.920476 4.084048 0.136153
v -0.895650 4.077190 0.134497
v -0.906842 4.121289 0.044097
v -0.926471 4.002720 0.103530
v -0.954720 4.012605 0.098940
v -0.939980 4.050042 0.006783
v -1.089864 4.032893 0.104842
v -1.114489 4.083248 0.129269
v -1.130083 4.057674 0.086278
v -0.967754 4.299561 -0.554253
v -0.900129 4.290985 -0.553019
v -0.914725 4.320757 -0.491725
v -0.870565 4.357025 -0.525395
v -0.946909 4.368617 -0.529626
v -0.904995 4.342198 -0.452119
vn -0.9990 -0.0262 0.0374
vn -0.0089 -0.3756 -0.9267
vn -0.6886 -0.6559 0.3093
vn 0.1372 0.5752 0.8064
vn 0.6848 0.6554 -0.3184
vn 0.1702 0.5116 0.8422
vn -0.9096 0.4145 -0.0281
vn 0.9243 -0.2810 0.2582
vn 0.6192 0.5600 0.5505
vn 0.9004 -0.4057 0.1571
vn 0.0617 0.4153 0.9076
vn -0.8299 -0.1134 -0.5462
vn 0.7322 -0.5922 -0.3364
vn 0.0829 0.9088 -0.4088
vn -0.0907 -0.4625 -0.8820
vn 0.4775 0.7927 -0.3790
vn -0.0445 -0.3813 -0.9234
vn -0.1062 -0.9188 0.3802
vn -0.3697 -0.8483 0.3791
vn -0.9990 -0.0262 -0.0374
vn 0.0158 -0.3753 0.9268
vn -0.6929 -0.6522 -0.3075
vn 0.1155 0.5767 -0.8088
vn 0.6894 0.6516 0.3165
vn 0.1450 0.5137 -0.8457
vn -0.9095 0.4148 0.0281
vn 0.9231 -0.2832 -0.2602
vn 0.6066 0.5670 -0.5573
vn 0.8993 -0.4078 -0.1579
vn 0.0301 0.4163 -0.9087
vn -0.8242 -0.1151 0.5545
vn 0.7371 -0.5876 0.3338
vn 0.0971 0.9077 0.4083
vn -0.0598 -0.4635 0.8841
vn 0.4864 0.7883 0.3768
vn -0.0171 -0.3816 0.9242
vn -0.1192 -0.9175 -0.3796
vn -0.3794 -0.8447 -0.3775
vt 0.375000 0.000000
vt 0.671954 0.000480
vt 0.625000 0.260493
vt 0.375000 0.250000
vt 0.375000 0.916667
vt 0.625000 0.916667
vt 0.625000 0.974902
vt 0.375000 1.000000
vt 0.791667 0.500000
vt 0.864507 0.500000
vt 0.849902 0.750000
vt 0.791667 0.750000
vt 0.625000 0.333333
vt 0.375000 0.333333
vt 0.125000 0.500000
vt 0.208333 0.500000
vt 0.208333 0.750000
vt 0.125000 0.750000
vt 0.625000 0.410618
vt 0.375000 0.410618
vt 0.708333 0.500665
vt 0.625000 0.421930
vt 0.296930 0.500000
vt 0.291667 0.500665
vt 0.358130 0.498828
vt 0.405632 0.500000
vt 0.375000 0.507992
vt 0.625000 0.500000
vt 0.538355 0.757042
vt 0.375000 0.750000
vt 0.375000 0.421930
vt 0.397578 0.731893
vt 0.375000 0.818610
vt 0.668492 0.751651
vt 0.690090 0.716421
vt 0.375198 0.852460
vt 0.625000 0.852823
vt 0.306390 0.750000
vt 0.604691 0.815452
vt 0.285621 0.500000
vt 0.272177 0.750000
vt 0.703070 0.500000
vt 0.714379 0.500000
vt 0.727662 0.750000
s 0
usemtl Tile_3
f 3346/3482/3234 3348/3483/3234 3352/3484/3234 3347/3485/3234
f 3353/3486/3235 3354/3487/3235 3348/3488/3235 3346/3489/3235
f 3355/3490/3236 3352/3491/3236 3348/3492/3236 3354/3493/3236
f 3347/3485/3237 3352/3484/3237 3355/3494/3237 3356/3495/3237
f 3347/3496/3238 3356/3497/3238 3353/3498/3238 3346/3499/3238
f 3356/3495/3239 3355/3494/3239 3358/3500/3239 3360/3501/3239
f 3359/3502/3240 3357/3503/3240 3361/3504/3240 3362/3505/3240
f 3358/3500/3241 3359/3502/3241 3362/3505/3241 3360/3501/3241
f 3363/3506/3242 3364/3507/3242 3365/3508/3242
f 3365/3508/3243 3364/3507/3243 3351/3509/3243 3350/3510/3243 3349/3511/3243
f 3361/3512/3244 3357/3503/3244 3351/3509/3244 3364/3507/3244 3363/3506/3244
f 3368/3513/3245 3366/3514/3245 3370/3515/3245 3371/3516/3245
f 3367/3517/3246 3368/3513/3246 3371/3516/3246 3369/3518/3246
f 3362/3505/3247 3361/3504/3247 3363/3506/3247 3365/3508/3247 3349/3511/3247 3366/3519/3247 3368/3513/3247
f 3349/3511/3248 3350/3510/3248 3370/3520/3248 3366/3514/3248
f 3356/3497/3249 3360/3521/3249 3362/3505/3249 3368/3513/3249 3367/3522/3249 3353/3498/3249
f 3367/3517/3250 3369/3518/3250 3354/3487/3250 3353/3486/3250
f 3351/3509/3251 3357/3523/3251 3359/3502/3251 3371/3516/3251 3370/3515/3251 3350/3510/3251
f 3359/3502/3252 3358/3524/3252 3355/3490/3252 3354/3493/3252 3369/3525/3252 3371/3516/3252
f 3372/3482/3253 3373/3485/3253 3378/3484/3253 3374/3483/3253
f 3379/3486/3254 3372/3489/3254 3374/3488/3254 3380/3487/3254
f 3381/3490/3255 3380/3493/3255 3374/3492/3255 3378/3491/3255
f 3373/3485/3256 3382/3495/3256 3381/3494/3256 3378/3484/3256
f 3373/3496/3257 3372/3499/3257 3379/3498/3257 3382/3497/3257
f 3382/3495/3258 3386/3501/3258 3384/3500/3258 3381/3494/3258
f 3385/3502/3259 3388/3505/3259 3387/3504/3259 3383/3503/3259
f 3384/3500/3260 3386/3501/3260 3388/3505/3260 3385/3502/3260
f 3389/3506/3261 3391/3508/3261 3390/3507/3261
f 3391/3508/3262 3375/3511/3262 3376/3510/3262 3377/3509/3262 3390/3507/3262
f 3387/3512/3263 3389/3506/3263 3390/3507/3263 3377/3509/3263 3383/3503/3263
f 3394/3513/3264 3397/3516/3264 3396/3515/3264 3392/3514/3264
f 3393/3517/3265 3395/3518/3265 3397/3516/3265 3394/3513/3265
f 3388/3505/3266 3394/3513/3266 3392/3519/3266 3375/3511/3266 3391/3508/3266 3389/3506/3266 3387/3504/3266
f 3375/3511/3267 3392/3514/3267 3396/3520/3267 3376/3510/3267
f 3382/3497/3268 3379/3498/3268 3393/3522/3268 3394/3513/3268 3388/3505/3268 3386/3521/3268
f 3393/3517/3269 3379/3486/3269 3380/3487/3269 3395/3518/3269
f 3377/3509/3270 3376/3510/3270 3396/3515/3270 3397/3516/3270 3385/3502/3270 3383/3523/3270
f 3385/3502/3271 3397/3516/3271 3395/3525/3271 3380/3493/3271 3381/3490/3271 3384/3524/3271
o Cylinder.037
v -0.873115 4.169670 -0.704966
v -0.875981 3.840993 -1.445669
v -0.847453 4.245580 -0.728059
v -1.336430 4.395270 -0.778941
v -1.307881 4.474399 -0.811925
v -1.294310 4.137067 -1.555961
v -0.852637 3.923721 -1.504549
v -0.980445 4.288650 -0.749244
v -1.133212 4.341903 -0.755345
v -1.110117 4.421422 -0.799186
v -0.954811 4.360107 -0.761823
v -0.981466 4.024414 -1.536629
v -1.012486 3.950326 -1.502315
v -1.125158 4.089115 -1.551883
v -1.103756 4.083344 -1.561095
v -1.140788 4.149969 -1.444292
v -1.142087 4.015527 -1.507636
v -1.158090 4.010607 -1.513194
v -1.155448 4.071377 -1.422686
v -1.294328 4.057391 -1.516673
v -1.331595 4.070570 -1.536737
v -1.349810 4.082855 -1.509169
v -0.873115 4.169670 -0.674098
v -0.875981 3.840993 0.066695
v -0.847453 4.245580 -0.651797
v -1.336431 4.395270 -0.583850
v -1.307881 4.474399 -0.551861
v -1.294310 4.137067 0.191697
v -0.852637 3.923721 0.124851
v -0.980446 4.288650 -0.626308
v -1.133213 4.341903 -0.614767
v -1.110117 4.421422 -0.571768
v -0.954811 4.360107 -0.614596
v -0.981466 4.024414 0.161112
v -1.012487 3.950326 0.127870
v -1.125158 4.089115 0.181477
v -1.103756 4.083344 0.189910
v -1.140788 4.149970 0.074457
v -1.142087 4.015527 0.137849
v -1.158090 4.010607 0.143993
v -1.155448 4.071377 0.053387
v -1.294328 4.057391 0.152409
v -1.331595 4.070571 0.173780
v -1.349810 4.082856 0.146838
vn -0.9641 0.2460 -0.1003
vn 0.0701 -0.2577 -0.9637
vn -0.6872 -0.6637 0.2954
vn 0.0928 0.4847 0.8697
vn -0.0315 -0.4273 -0.9036
vn 0.0018 -0.3506 -0.9365
vn 0.7152 0.6318 -0.2988
vn -0.2412 -0.8859 0.3962
vn -0.4281 -0.8257 0.3673
vn 0.1309 0.4745 0.8705
vn 0.4011 0.8343 -0.3782
vn -0.9570 0.2151 -0.1948
vn 0.9285 -0.1656 0.3324
vn 0.3970 0.9068 -0.1418
vn 0.2530 0.8853 -0.3901
vn 0.8775 -0.4352 0.2014
vn 0.0634 0.4249 0.9030
vn -0.9639 0.2467 0.1006
vn 0.1010 -0.2570 0.9611
vn -0.6921 -0.6594 -0.2935
vn 0.0644 0.4858 -0.8717
vn 0.0012 -0.4276 0.9039
vn 0.0349 -0.3504 0.9359
vn 0.7200 0.6273 0.2967
vn -0.2547 -0.8828 -0.3948
vn -0.4386 -0.8211 -0.3653
vn 0.1002 0.4762 -0.8736
vn 0.4123 0.8298 0.3761
vn -0.9563 0.2166 0.1962
vn 0.9268 -0.1675 -0.3362
vn 0.4012 0.9050 0.1414
vn 0.2660 0.8821 0.3887
vn 0.8759 -0.4379 -0.2027
vn 0.0308 0.4255 -0.9044
vt 0.375000 0.000000
vt 0.625000 0.000000
vt 0.625000 0.250000
vt 0.375000 0.250000
vt 0.375000 0.916667
vt 0.625000 0.916667
vt 0.625000 1.000000
vt 0.375000 1.000000
vt 0.791667 0.500000
vt 0.875000 0.500000
vt 0.875000 0.750000
vt 0.791667 0.750000
vt 0.625000 0.333333
vt 0.375000 0.333333
vt 0.375000 0.750000
vt 0.625000 0.750000
vt 0.625000 0.833333
vt 0.375000 0.833333
vt 0.125000 0.500000
vt 0.208333 0.500000
vt 0.208333 0.750000
vt 0.125000 0.750000
vt 0.625000 0.500000
vt 0.703070 0.500000
vt 0.708333 0.500665
vt 0.708333 0.750000
vt 0.714379 0.500000
vt 0.625000 0.410618
vt 0.375000 0.410618
vt 0.285621 0.500000
vt 0.291667 0.500665
vt 0.291667 0.750000
vt 0.625000 0.421930
vt 0.296930 0.500000
vt 0.358130 0.498828
vt 0.405632 0.500000
vt 0.375000 0.507992
vt 0.375000 0.421930
s 0
usemtl Tile_1
f 3398/3526/3272 3400/3527/3272 3404/3528/3272 3399/3529/3272
f 3405/3530/3273 3408/3531/3273 3400/3532/3273 3398/3533/3273
f 3409/3534/3274 3404/3535/3274 3400/3536/3274 3408/3537/3274
f 3399/3529/3275 3404/3528/3275 3409/3538/3275 3410/3539/3275
f 3401/3540/3276 3402/3541/3276 3407/3542/3276 3406/3543/3276
f 3406/3543/3277 3407/3542/3277 3408/3531/3277 3405/3530/3277
f 3399/3544/3278 3410/3545/3278 3405/3546/3278 3398/3547/3278
f 3403/3548/3279 3411/3549/3279 3413/3550/3279 3407/3551/3279 3402/3541/3279
f 3413/3550/3280 3412/3552/3280 3409/3534/3280 3408/3537/3280 3407/3551/3280
f 3410/3539/3281 3409/3538/3281 3412/3553/3281 3414/3554/3281
f 3410/3545/3282 3414/3555/3282 3416/3556/3282 3406/3557/3282 3405/3546/3282
f 3413/3550/3283 3411/3558/3283 3415/3559/3283 3416/3556/3283
f 3412/3553/3284 3413/3550/3284 3416/3556/3284 3414/3554/3284
f 3417/3560/3285 3418/3561/3285 3419/3562/3285
f 3416/3556/3286 3415/3559/3286 3417/3560/3286 3419/3562/3286 3401/3540/3286 3406/3557/3286
f 3419/3562/3287 3418/3561/3287 3403/3548/3287 3402/3541/3287 3401/3540/3287
f 3415/3563/3288 3411/3558/3288 3403/3548/3288 3418/3561/3288 3417/3560/3288
f 3420/3526/3289 3421/3529/3289 3426/3528/3289 3422/3527/3289
f 3427/3530/3290 3420/3533/3290 3422/3532/3290 3430/3531/3290
f 3431/3534/3291 3430/3537/3291 3422/3536/3291 3426/3535/3291
f 3421/3529/3292 3432/3539/3292 3431/3538/3292 3426/3528/3292
f 3423/3540/3293 3428/3543/3293 3429/3542/3293 3424/3541/3293
f 3428/3543/3294 3427/3530/3294 3430/3531/3294 3429/3542/3294
f 3421/3544/3295 3420/3547/3295 3427/3546/3295 3432/3545/3295
f 3425/3548/3296 3424/3541/3296 3429/3551/3296 3435/3550/3296 3433/3549/3296
f 3435/3550/3297 3429/3551/3297 3430/3537/3297 3431/3534/3297 3434/3552/3297
f 3432/3539/3298 3436/3554/3298 3434/3553/3298 3431/3538/3298
f 3432/3545/3299 3427/3546/3299 3428/3557/3299 3438/3556/3299 3436/3555/3299
f 3435/3550/3300 3438/3556/3300 3437/3559/3300 3433/3558/3300
f 3434/3553/3301 3436/3554/3301 3438/3556/3301 3435/3550/3301
f 3439/3560/3302 3441/3562/3302 3440/3561/3302
f 3438/3556/3303 3428/3557/3303 3423/3540/3303 3441/3562/3303 3439/3560/3303 3437/3559/3303
f 3441/3562/3304 3423/3540/3304 3424/3541/3304 3425/3548/3304 3440/3561/3304
f 3437/3563/3305 3439/3560/3305 3440/3561/3305 3425/3548/3305 3433/3558/3305
o Cylinder.038
v -1.083087 4.197706 -0.718376
v -1.104819 3.874996 -1.470229
v -1.086877 4.305417 -0.759524
v -1.546398 4.425594 -0.767395
v -1.502017 4.462862 -0.806357
v -1.525293 4.157613 -1.569149
v -1.100292 3.969301 -1.526180
v -1.190690 4.316149 -0.761694
v -1.156347 4.380136 -0.790208
v -1.189581 4.041487 -1.575972
v -1.224040 3.980450 -1.506458
v -1.335659 4.118159 -1.567759
v -1.310923 4.110216 -1.566610
v -1.321984 4.161137 -1.461702
v -1.345513 4.036532 -1.535040
v -1.373661 4.047884 -1.528906
v -1.358878 4.091133 -1.422738
v -1.508575 4.070365 -1.532658
v -1.530838 4.120768 -1.557337
v -1.548204 4.096690 -1.509820
v -1.386400 4.380296 -0.773561
v -1.318569 4.369105 -0.776395
v -1.331055 4.396860 -0.844031
v -1.285620 4.434200 -0.804610
v -1.362224 4.449365 -0.798086
v -1.319711 4.416308 -0.887898
v -1.083087 4.197706 -0.653558
v -1.104819 3.874996 0.099083
v -1.086877 4.305417 -0.612273
v -1.546398 4.425594 -0.588914
v -1.502017 4.462862 -0.551164
v -1.525293 4.157613 0.212277
v -1.100292 3.969302 0.154870
v -1.190690 4.316150 -0.606314
v -1.156347 4.380136 -0.579057
v -1.189581 4.041487 0.207923
v -1.224040 3.980450 0.139666
v -1.335660 4.118159 0.204942
v -1.310923 4.110216 0.202931
v -1.321984 4.161137 0.098411
v -1.345513 4.036533 0.172562
v -1.373661 4.047884 0.167383
v -1.358878 4.091133 0.060716
v -1.508576 4.070365 0.175322
v -1.530838 4.120768 0.200615
v -1.548204 4.096691 0.153558
v -1.386400 4.380296 -0.587538
v -1.318569 4.369105 -0.587016
v -1.331055 4.396861 -0.518945
v -1.285620 4.434200 -0.559963
v -1.362224 4.449365 -0.563823
v -1.319711 4.416308 -0.475473
vn -0.9998 0.0122 0.0178
vn -0.0192 -0.3730 -0.9276
vn -0.7251 -0.6233 0.2927
vn 0.1786 0.5907 0.7869
vn 0.7213 0.6238 -0.3010
vn 0.2014 0.5197 0.8302
vn -0.8941 0.4438 -0.0604
vn 0.9094 -0.3248 0.2600
vn 0.6600 0.5448 0.5173
vn 0.8856 -0.4317 0.1713
vn 0.0535 0.4204 0.9058
vn -0.8547 -0.0558 -0.5161
vn 0.7399 -0.6167 -0.2687
vn 0.1035 0.9074 -0.4072
vn -0.0859 -0.4693 -0.8788
vn 0.5182 0.7727 -0.3667
vn -0.0529 -0.3785 -0.9241
vn -0.1315 -0.9147 0.3822
vn -0.4164 -0.8301 0.3708
vn -0.9998 0.0122 -0.0178
vn 0.0147 -0.3730 0.9277
vn -0.7301 -0.6185 -0.2904
vn 0.1506 0.5935 -0.7906
vn 0.7265 0.6189 0.2986
vn 0.1727 0.5227 -0.8349
vn -0.8937 0.4446 0.0605
vn 0.9078 -0.3274 -0.2622
vn 0.6520 0.5499 -0.5220
vn 0.8846 -0.4335 -0.1720
vn 0.0252 0.4201 -0.9071
vn -0.8499 -0.0567 0.5240
vn 0.7442 -0.6124 0.2668
vn 0.1158 0.9062 0.4067
vn -0.0592 -0.4707 0.8803
vn 0.5276 0.7674 0.3642
vn -0.0196 -0.3790 0.9252
vn -0.1434 -0.9131 -0.3816
vn -0.4274 -0.8255 -0.3687
vt 0.375000 0.000000
vt 0.671954 0.000480
vt 0.625000 0.260493
vt 0.375000 0.250000
vt 0.375000 0.916667
vt 0.625000 0.916667
vt 0.625000 0.974902
vt 0.375000 1.000000
vt 0.791667 0.500000
vt 0.864507 0.500000
vt 0.849902 0.750000
vt 0.791667 0.750000
vt 0.625000 0.333333
vt 0.375000 0.333333
vt 0.125000 0.500000
vt 0.208333 0.500000
vt 0.208333 0.750000
vt 0.125000 0.750000
vt 0.625000 0.410618
vt 0.375000 0.410618
vt 0.708333 0.500665
vt 0.625000 0.421930
vt 0.296930 0.500000
vt 0.291667 0.500665
vt 0.358130 0.498828
vt 0.405632 0.500000
vt 0.375000 0.507992
vt 0.625000 0.500000
vt 0.538355 0.757042
vt 0.375000 0.750000
vt 0.375000 0.421930
vt 0.397578 0.731893
vt 0.375000 0.818610
vt 0.668492 0.751651
vt 0.690090 0.716421
vt 0.375198 0.852460
vt 0.625000 0.852823
vt 0.306390 0.750000
vt 0.604691 0.815452
vt 0.285621 0.500000
vt 0.272177 0.750000
vt 0.703070 0.500000
vt 0.714379 0.500000
vt 0.727662 0.750000
s 0
usemtl Tile_3
f 3442/3564/3306 3444/3565/3306 3448/3566/3306 3443/3567/3306
f 3449/3568/3307 3450/3569/3307 3444/3570/3307 3442/3571/3307
f 3451/3572/3308 3448/3573/3308 3444/3574/3308 3450/3575/3308
f 3443/3567/3309 3448/3566/3309 3451/3576/3309 3452/3577/3309
f 3443/3578/3310 3452/3579/3310 3449/3580/3310 3442/3581/3310
f 3452/3577/3311 3451/3576/3311 3454/3582/3311 3456/3583/3311
f 3455/3584/3312 3453/3585/3312 3457/3586/3312 3458/3587/3312
f 3454/3582/3313 3455/3584/3313 3458/3587/3313 3456/3583/3313
f 3459/3588/3314 3460/3589/3314 3461/3590/3314
f 3461/3590/3315 3460/3589/3315 3447/3591/3315 3446/3592/3315 3445/3593/3315
f 3457/3594/3316 3453/3585/3316 3447/3591/3316 3460/3589/3316 3459/3588/3316
f 3464/3595/3317 3462/3596/3317 3466/3597/3317 3467/3598/3317
f 3463/3599/3318 3464/3595/3318 3467/3598/3318 3465/3600/3318
f 3458/3587/3319 3457/3586/3319 3459/3588/3319 3461/3590/3319 3445/3593/3319 3462/3601/3319 3464/3595/3319
f 3445/3593/3320 3446/3592/3320 3466/3602/3320 3462/3596/3320
f 3452/3579/3321 3456/3603/3321 3458/3587/3321 3464/3595/3321 3463/3604/3321 3449/3580/3321
f 3463/3599/3322 3465/3600/3322 3450/3569/3322 3449/3568/3322
f 3447/3591/3323 3453/3605/3323 3455/3584/3323 3467/3598/3323 3466/3597/3323 3446/3592/3323
f 3455/3584/3324 3454/3606/3324 3451/3572/3324 3450/3575/3324 3465/3607/3324 3467/3598/3324
f 3468/3564/3325 3469/3567/3325 3474/3566/3325 3470/3565/3325
f 3475/3568/3326 3468/3571/3326 3470/3570/3326 3476/3569/3326
f 3477/3572/3327 3476/3575/3327 3470/3574/3327 3474/3573/3327
f 3469/3567/3328 3478/3577/3328 3477/3576/3328 3474/3566/3328
f 3469/3578/3329 3468/3581/3329 3475/3580/3329 3478/3579/3329
f 3478/3577/3330 3482/3583/3330 3480/3582/3330 3477/3576/3330
f 3481/3584/3331 3484/3587/3331 3483/3586/3331 3479/3585/3331
f 3480/3582/3332 3482/3583/3332 3484/3587/3332 3481/3584/3332
f 3485/3588/3333 3487/3590/3333 3486/3589/3333
f 3487/3590/3334 3471/3593/3334 3472/3592/3334 3473/3591/3334 3486/3589/3334
f 3483/3594/3335 3485/3588/3335 3486/3589/3335 3473/3591/3335 3479/3585/3335
f 3490/3595/3336 3493/3598/3336 3492/3597/3336 3488/3596/3336
f 3489/3599/3337 3491/3600/3337 3493/3598/3337 3490/3595/3337
f 3484/3587/3338 3490/3595/3338 3488/3601/3338 3471/3593/3338 3487/3590/3338 3485/3588/3338 3483/3586/3338
f 3471/3593/3339 3488/3596/3339 3492/3602/3339 3472/3592/3339
f 3478/3579/3340 3475/3580/3340 3489/3604/3340 3490/3595/3340 3484/3587/3340 3482/3603/3340
f 3489/3599/3341 3475/3568/3341 3476/3569/3341 3491/3600/3341
f 3473/3591/3342 3472/3592/3342 3492/3597/3342 3493/3598/3342 3481/3584/3342 3479/3605/3342
f 3481/3584/3343 3493/3598/3343 3491/3607/3343 3476/3575/3343 3477/3572/3343 3480/3606/3343
o Icosphere
v 1.260324 -0.030159 3.410139
v 1.262721 -0.028328 3.411880
v 0.837407 -0.028328 3.273689
v 0.999865 -0.028328 3.050090
v 1.262721 -0.028328 3.135499
v 1.145166 0.206782 3.497288
v 0.882310 0.206782 3.135499
v 1.145166 0.206782 3.050090
v 1.307624 0.206782 3.273689
vn -0.2764 -0.4472 0.8507
vn 0.6071 -0.7947 -0.0000
vn -0.0035 -1.0000 -0.0025
vn 0.0022 -1.0000 -0.0066
vn 0.9822 -0.1876 -0.0000
vn -0.7236 0.4472 0.5257
vn -0.7946 -0.1876 -0.5774
vn 0.3035 -0.1876 -0.9342
vn 0.7946 0.1876 0.5774
vn -0.3035 0.1876 -0.9342
vn 0.7946 0.1876 -0.5774
vn -0.0000 1.0000 -0.0000
vt 0.271582 0.155477
vt 0.272728 0.157461
vt 0.181819 0.314921
vt 0.273874 0.155477
vt 0.454546 0.157461
vt 1.054331 0.051826
vt 1.056185 0.242389
vt 0.818182 0.157461
vt 0.727271 -0.064058
vt 0.636364 0.157461
vt 0.400214 0.019798
vt 0.363637 0.314921
vt 0.727273 0.314921
vt 0.727273 0.314921
vt 0.545455 0.314921
vt 0.636366 0.537258
vt 0.307454 0.452335
s 0
usemtl Stone_3
f 3494/3608/3344 3495/3609/3344 3499/3610/3344
f 3495/3609/3345 3494/3611/3345 3498/3612/3345
f 3494/3613/3344 3499/3614/3344 3496/3615/3344
f 3494/3616/3346 3496/3615/3346 3497/3617/3346
f 3494/3618/3347 3497/3617/3347 3498/3612/3347
f 3495/3609/3348 3498/3612/3348 3502/3619/3348
f 3496/3615/3349 3499/3614/3349 3500/3620/3349
f 3497/3617/3350 3496/3615/3350 3500/3621/3350
f 3498/3612/3351 3497/3617/3351 3501/3622/3351
f 3495/3609/3352 3502/3619/3352 3499/3610/3352
f 3497/3617/3353 3500/3621/3353 3501/3622/3353
f 3498/3612/3354 3501/3622/3354 3502/3619/3354
f 3501/3622/3355 3500/3621/3355 3499/3623/3355
f 3502/3619/3355 3501/3622/3355 3499/3624/3355
o Icosphere.001
v 0.479164 -0.030159 1.437134
v 0.480905 -0.028328 1.434737
v 0.342715 -0.028328 1.860051
v 0.119115 -0.028328 1.697593
v 0.204524 -0.028328 1.434737
v 0.566314 0.206782 1.552292
v 0.204524 0.206782 1.815148
v 0.119115 0.206782 1.552292
v 0.342715 0.206782 1.389834
vn 0.8507 -0.4472 0.2764
vn -0.0000 -0.7947 -0.6071
vn -0.0025 -1.0000 0.0035
vn -0.0066 -1.0000 -0.0022
vn -0.0000 -0.1876 -0.9822
vn 0.5257 0.4472 0.7236
vn -0.5774 -0.1876 0.7946
vn -0.9342 -0.1876 -0.3035
vn 0.5774 0.1876 -0.7946
vn -0.9342 0.1876 0.3035
vn -0.5774 0.1876 -0.7946
vn -0.0000 1.0000 -0.0000
vt 0.271582 0.155477
vt 0.272728 0.157461
vt 0.181819 0.314921
vt 0.273874 0.155477
vt 0.454546 0.157461
vt 1.054331 0.051826
vt 1.056185 0.242389
vt 0.818182 0.157461
vt 0.727271 -0.064058
vt 0.636364 0.157461
vt 0.400214 0.019798
vt 0.363637 0.314921
vt 0.727273 0.314921
vt 0.727273 0.314921
vt 0.545455 0.314921
vt 0.636366 0.537258
vt 0.307454 0.452335
s 0
usemtl Stone_2
f 3503/3625/3356 3504/3626/3356 3508/3627/3356
f 3504/3626/3357 3503/3628/3357 3507/3629/3357
f 3503/3630/3356 3508/3631/3356 3505/3632/3356
f 3503/3633/3358 3505/3632/3358 3506/3634/3358
f 3503/3635/3359 3506/3634/3359 3507/3629/3359
f 3504/3626/3360 3507/3629/3360 3511/3636/3360
f 3505/3632/3361 3508/3631/3361 3509/3637/3361
f 3506/3634/3362 3505/3632/3362 3509/3638/3362
f 3507/3629/3363 3506/3634/3363 3510/3639/3363
f 3504/3626/3364 3511/3636/3364 3508/3627/3364
f 3506/3634/3365 3509/3638/3365 3510/3639/3365
f 3507/3629/3366 3510/3639/3366 3511/3636/3366
f 3510/3639/3367 3509/3638/3367 3508/3640/3367
f 3511/3636/3367 3510/3639/3367 3508/3641/3367
o Icosphere.002
v -0.862764 -0.030159 1.442760
v -0.860367 -0.028328 1.444501
v -1.285681 -0.028328 1.306310
v -1.123223 -0.028328 1.082711
v -0.860367 -0.028328 1.168120
v -0.977922 0.206782 1.529909
v -1.240778 0.206782 1.168120
v -0.977922 0.206782 1.082711
v -0.815464 0.206782 1.306310
vn -0.2764 -0.4472 0.8507
vn 0.6071 -0.7947 -0.0000
vn -0.0035 -1.0000 -0.0025
vn 0.0022 -1.0000 -0.0066
vn 0.9822 -0.1876 -0.0000
vn -0.7236 0.4472 0.5257
vn -0.7946 -0.1876 -0.5774
vn 0.3035 -0.1876 -0.9342
vn 0.7946 0.1876 0.5774
vn -0.3035 0.1876 -0.9342
vn 0.7946 0.1876 -0.5774
vn -0.0000 1.0000 -0.0000
vt 0.271582 0.155477
vt 0.272728 0.157461
vt 0.181819 0.314921
vt 0.273874 0.155477
vt 0.454546 0.157461
vt 1.054331 0.051826
vt 1.056185 0.242389
vt 0.818182 0.157461
vt 0.727271 -0.064058
vt 0.636364 0.157461
vt 0.400214 0.019798
vt 0.363637 0.314921
vt 0.727273 0.314921
vt 0.727273 0.314921
vt 0.545455 0.314921
vt 0.636366 0.537258
vt 0.307454 0.452335
s 0
usemtl Stone_1
f 3512/3642/3368 3513/3643/3368 3517/3644/3368
f 3513/3643/3369 3512/3645/3369 3516/3646/3369
f 3512/3647/3368 3517/3648/3368 3514/3649/3368
f 3512/3650/3370 3514/3649/3370 3515/3651/3370
f 3512/3652/3371 3515/3651/3371 3516/3646/3371
f 3513/3643/3372 3516/3646/3372 3520/3653/3372
f 3514/3649/3373 3517/3648/3373 3518/3654/3373
f 3515/3651/3374 3514/3649/3374 3518/3655/3374
f 3516/3646/3375 3515/3651/3375 3519/3656/3375
f 3513/3643/3376 3520/3653/3376 3517/3644/3376
f 3515/3651/3377 3518/3655/3377 3519/3656/3377
f 3516/3646/3378 3519/3656/3378 3520/3653/3378
f 3519/3656/3379 3518/3655/3379 3517/3657/3379
f 3520/3653/3379 3519/3656/3379 3517/3658/3379
o Icosphere.003
v 3.540972 0.054163 -3.024981
v 3.544065 0.054830 -3.026438
v 3.113859 0.176705 -3.018846
v 3.127205 -0.083919 -3.109873
v 3.393086 -0.159239 -3.114564
v 3.510910 0.262374 -3.205928
v 3.094050 0.123625 -3.289363
v 3.266619 -0.084001 -3.348521
v 3.524256 0.001749 -3.296955
vn 0.1995 0.6590 0.7252
vn 0.4447 -0.5908 0.6732
vn -0.0819 -0.3324 0.9396
vn -0.0794 -0.3386 0.9376
vn 0.8047 -0.5910 0.0570
vn -0.2816 0.9453 -0.1649
vn -0.9927 -0.0818 0.0887
vn -0.2717 -0.9493 -0.1584
vn 0.9927 0.0818 -0.0887
vn -0.7489 -0.4979 -0.4373
vn 0.3619 -0.8126 -0.4569
vn 0.0775 0.3323 -0.9400
vt 0.271582 0.155477
vt 0.272728 0.157461
vt 0.181819 0.314921
vt 0.273874 0.155477
vt 0.454546 0.157461
vt 1.054331 0.051826
vt 1.056185 0.242389
vt 0.818182 0.157461
vt 0.727271 -0.064058
vt 0.636364 0.157461
vt 0.400214 0.019798
vt 0.363637 0.314921
vt 0.727273 0.314921
vt 0.727273 0.314921
vt 0.545455 0.314921
vt 0.636366 0.537258
vt 0.307454 0.452335
s 0
usemtl Stone_3
f 3521/3659/3380 3522/3660/3380 3526/3661/3380
f 3522/3660/3381 3521/3662/3381 3525/3663/3381
f 3521/3664/3380 3526/3665/3380 3523/3666/3380
f 3521/3667/3382 3523/3666/3382 3524/3668/3382
f 3521/3669/3383 3524/3668/3383 3525/3663/3383
f 3522/3660/3384 3525/3663/3384 3529/3670/3384
f 3523/3666/3385 3526/3665/3385 3527/3671/3385
f 3524/3668/3386 3523/3666/3386 3527/3672/3386
f 3525/3663/3387 3524/3668/3387 3528/3673/3387
f 3522/3660/3388 3529/3670/3388 3526/3661/3388
f 3524/3668/3389 3527/3672/3389 3528/3673/3389
f 3525/3663/3390 3528/3673/3390 3529/3670/3390
f 3528/3673/3391 3527/3672/3391 3526/3674/3391
f 3529/3670/3391 3528/3673/3391 3526/3675/3391
o Icosphere.004
v 0.205773 0.212213 -4.752666
v 0.206418 0.215628 -4.752448
v 0.031509 -0.103623 -5.012205
v 0.301071 -0.156487 -4.981699
v 0.409168 0.040821 -4.821161
v 0.114343 0.334942 -4.984131
v 0.208997 -0.037174 -5.213382
v 0.442403 0.052095 -5.095312
v 0.383906 0.282078 -4.953625
vn -0.8929 0.1413 0.4276
vn 0.2357 -0.1064 0.9660
vn -0.2001 -0.5538 0.8083
vn -0.1934 -0.5533 0.8102
vn 0.6006 0.4322 0.6726
vn -0.7664 0.1842 -0.6154
vn -0.1301 -0.9016 -0.4126
vn 0.8450 -0.5286 0.0807
vn 0.1301 0.9016 0.4126
vn 0.5256 -0.6531 -0.5452
vn 0.9772 0.1712 0.1255
vn 0.1997 0.5503 -0.8108
vt 0.271582 0.155477
vt 0.272728 0.157461
vt 0.181819 0.314921
vt 0.273874 0.155477
vt 0.454546 0.157461
vt 1.054331 0.051826
vt 1.056185 0.242389
vt 0.818182 0.157461
vt 0.727271 -0.064058
vt 0.636364 0.157461
vt 0.400214 0.019798
vt 0.363637 0.314921
vt 0.727273 0.314921
vt 0.727273 0.314921
vt 0.545455 0.314921
vt 0.636366 0.537258
vt 0.307454 0.452335
s 0
usemtl Stone_3
f 3530/3676/3392 3531/3677/3392 3535/3678/3392
f 3531/3677/3393 3530/3679/3393 3534/3680/3393
f 3530/3681/3392 3535/3682/3392 3532/3683/3392
f 3530/3684/3394 3532/3683/3394 3533/3685/3394
f 3530/3686/3395 3533/3685/3395 3534/3680/3395
f 3531/3677/3396 3534/3680/3396 3538/3687/3396
f 3532/3683/3397 3535/3682/3397 3536/3688/3397
f 3533/3685/3398 3532/3683/3398 3536/3689/3398
f 3534/3680/3399 3533/3685/3399 3537/3690/3399
f 3531/3677/3400 3538/3687/3400 3535/3678/3400
f 3533/3685/3401 3536/3689/3401 3537/3690/3401
f 3534/3680/3402 3537/3690/3402 3538/3687/3402
f 3537/3690/3403 3536/3689/3403 3535/3691/3403
f 3538/3687/3403 3537/3690/3403 3535/3692/3403
o Icosphere.005
v -0.671060 0.089604 -2.375298
v -0.667991 0.090783 -2.376448
v -1.110995 0.140568 -2.411912
v -1.046302 -0.113439 -2.499571
v -0.772512 -0.144206 -2.477653
v -0.716946 0.291894 -2.559610
v -1.095257 0.087672 -2.682733
v -0.886066 -0.088329 -2.723363
v -0.652253 0.037886 -2.647269
vn 0.0169 0.6755 0.7372
vn 0.4673 -0.5168 0.7173
vn -0.1179 -0.3507 0.9290
vn -0.1143 -0.3564 0.9273
vn 0.8811 -0.4520 0.1395
vn -0.4151 0.8881 -0.1976
vn -0.9697 -0.2440 -0.0087
vn -0.0958 -0.9793 -0.1784
vn 0.9697 0.2440 0.0087
vn -0.6108 -0.6092 -0.5057
vn 0.5331 -0.7378 -0.4141
vn 0.1138 0.3499 -0.9299
vt 0.271582 0.155477
vt 0.272728 0.157461
vt 0.181819 0.314921
vt 0.273874 0.155477
vt 0.454546 0.157461
vt 1.054331 0.051826
vt 1.056185 0.242389
vt 0.818182 0.157461
vt 0.727271 -0.064058
vt 0.636364 0.157461
vt 0.400214 0.019798
vt 0.363637 0.314921
vt 0.727273 0.314921
vt 0.727273 0.314921
vt 0.545455 0.314921
vt 0.636366 0.537258
vt 0.307454 0.452335
s 0
usemtl Stone_1
f 3539/3693/3404 3540/3694/3404 3544/3695/3404
f 3540/3694/3405 3539/3696/3405 3543/3697/3405
f 3539/3698/3404 3544/3699/3404 3541/3700/3404
f 3539/3701/3406 3541/3700/3406 3542/3702/3406
f 3539/3703/3407 3542/3702/3407 3543/3697/3407
f 3540/3694/3408 3543/3697/3408 3547/3704/3408
f 3541/3700/3409 3544/3699/3409 3545/3705/3409
f 3542/3702/3410 3541/3700/3410 3545/3706/3410
f 3543/3697/3411 3542/3702/3411 3546/3707/3411
f 3540/3694/3412 3547/3704/3412 3544/3695/3412
f 3542/3702/3413 3545/3706/3413 3546/3707/3413
f 3543/3697/3414 3546/3707/3414 3547/3704/3414
f 3546/3707/3415 3545/3706/3415 3544/3708/3415
f 3547/3704/3415 3546/3707/3415 3544/3709/3415
o Icosphere.006
v -0.810472 -0.058428 2.851068
v -0.948075 -0.055968 2.943047
v -1.021428 -0.071781 2.804870
v -0.980132 -0.066717 2.631612
v -0.841863 -0.080261 2.687097
v -0.904645 0.090321 2.914015
v -1.039759 0.033681 2.849870
v -1.025007 0.064016 2.703436
v -0.872069 0.089621 2.669379
v -0.792924 0.059855 2.773818
vn 0.0625 -0.9908 0.1200
vn 0.1836 -0.9829 0.0150
vn -0.1157 -0.9922 0.0462
vn 0.9586 -0.2411 -0.1514
vn 0.5557 -0.0000 0.8314
vn -0.8131 -0.3422 0.4708
vn -0.9520 -0.1989 -0.2327
vn 0.3696 -0.0311 -0.9287
vn 0.7825 0.2550 0.5681
vn -0.5108 0.3107 0.8016
vn -0.9852 -0.1184 -0.1238
vn -0.2621 0.3940 -0.8809
vn 0.8054 0.0820 -0.5870
vn 0.3072 0.9509 0.0382
vn -0.3653 0.9295 -0.0513
vn -0.1209 0.9744 0.1897
vt 0.272728 0.157461
vt 0.216542 0.014804
vt 0.454546 0.157461
vt 0.874365 0.014801
vt 0.818182 0.157461
vt 0.636364 0.157461
vt 0.545453 -0.070426
vt 0.363637 0.314921
vt 0.090910 0.157461
vt 0.181819 0.314921
vt 1.000000 0.157461
vt 0.909091 0.314921
vt 0.727273 0.314921
vt 0.545455 0.314921
vt 0.000000 0.314921
vt 0.419820 0.452335
vt 0.090909 0.537258
vt 0.671087 0.452332
s 0
usemtl Stone_3
f 3548/3710/3416 3549/3711/3416 3552/3712/3416
f 3549/3713/3417 3550/3714/3417 3551/3715/3417
f 3549/3716/3418 3551/3715/3418 3552/3712/3418
f 3548/3710/3419 3552/3712/3419 3557/3717/3419
f 3549/3718/3420 3548/3710/3420 3553/3719/3420
f 3550/3714/3421 3549/3720/3421 3554/3721/3421
f 3551/3715/3422 3550/3714/3422 3555/3722/3422
f 3552/3712/3423 3551/3715/3423 3556/3723/3423
f 3548/3710/3424 3557/3717/3424 3553/3719/3424
f 3549/3718/3425 3553/3719/3425 3554/3724/3425
f 3550/3714/3426 3554/3721/3426 3555/3722/3426
f 3551/3715/3427 3555/3722/3427 3556/3723/3427
f 3552/3712/3428 3556/3723/3428 3557/3717/3428
f 3553/3719/3429 3557/3717/3429 3556/3725/3429
f 3554/3724/3430 3553/3719/3430 3556/3726/3430
f 3555/3722/3431 3554/3721/3431 3556/3727/3431
o Icosphere.007
v -2.437837 0.125662 0.311476
v -2.485108 0.006993 0.206197
v -2.473630 -0.086742 0.331916
v -2.412855 -0.077242 0.499145
v -2.417553 0.069169 0.468784
v -2.331382 0.025976 0.194484
v -2.389940 -0.110048 0.254870
v -2.317444 -0.124971 0.385646
v -2.257399 0.015244 0.429685
v -2.301378 0.114482 0.350470
vn -0.9583 0.2064 0.1977
vn -0.9004 0.3054 0.3099
vn -0.9694 0.0196 0.2447
vn -0.0202 0.9401 0.3402
vn -0.1392 0.6876 -0.7126
vn -0.5956 -0.6691 -0.4445
vn -0.2856 -0.9453 0.1575
vn 0.2962 0.2030 0.9333
vn 0.2147 0.8312 -0.5129
vn -0.0207 -0.3982 -0.9171
vn -0.2460 -0.9689 0.0258
vn 0.5755 -0.4590 0.6768
vn 0.3814 0.6740 0.6326
vn 0.9395 0.1873 -0.2870
vn 0.8290 -0.4824 -0.2828
vn 0.8454 -0.2074 -0.4923
vt 0.272728 0.157461
vt 0.216542 0.014804
vt 0.454546 0.157461
vt 0.874365 0.014801
vt 0.818182 0.157461
vt 0.636364 0.157461
vt 0.545453 -0.070426
vt 0.363637 0.314921
vt 0.090910 0.157461
vt 0.181819 0.314921
vt 1.000000 0.157461
vt 0.909091 0.314921
vt 0.727273 0.314921
vt 0.545455 0.314921
vt 0.000000 0.314921
vt 0.419820 0.452335
vt 0.090909 0.537258
vt 0.671087 0.452332
s 0
usemtl Stone_2
f 3558/3728/3432 3559/3729/3432 3562/3730/3432
f 3559/3731/3433 3560/3732/3433 3561/3733/3433
f 3559/3734/3434 3561/3733/3434 3562/3730/3434
f 3558/3728/3435 3562/3730/3435 3567/3735/3435
f 3559/3736/3436 3558/3728/3436 3563/3737/3436
f 3560/3732/3437 3559/3738/3437 3564/3739/3437
f 3561/3733/3438 3560/3732/3438 3565/3740/3438
f 3562/3730/3439 3561/3733/3439 3566/3741/3439
f 3558/3728/3440 3567/3735/3440 3563/3737/3440
f 3559/3736/3441 3563/3737/3441 3564/3742/3441
f 3560/3732/3442 3564/3739/3442 3565/3740/3442
f 3561/3733/3443 3565/3740/3443 3566/3741/3443
f 3562/3730/3444 3566/3741/3444 3567/3735/3444
f 3563/3737/3445 3567/3735/3445 3566/3743/3445
f 3564/3742/3446 3563/3737/3446 3566/3744/3446
f 3565/3740/3447 3564/3739/3447 3566/3745/3447
o Icosphere.008
v 1.457690 -0.097167 1.525315
v 1.433647 -0.226525 1.625758
v 1.297354 -0.155271 1.658472
v 1.218516 0.001188 1.625994
v 1.327348 0.009401 1.523678
v 1.518255 -0.119985 1.700724
v 1.369241 -0.151392 1.749579
v 1.304307 -0.015980 1.754869
v 1.387569 0.086612 1.666849
v 1.482792 0.024072 1.595582
vn -0.4085 -0.5112 -0.7562
vn -0.3967 -0.3739 -0.8383
vn -0.5600 -0.5284 -0.6381
vn 0.3495 0.4146 -0.8402
vn 0.8380 -0.4232 -0.3444
vn -0.3734 -0.8664 0.3315
vn -0.8110 -0.3050 0.4992
vn -0.3652 0.8749 -0.3182
vn 0.9450 -0.0061 -0.3271
vn 0.3501 -0.7089 0.6123
vn -0.7219 -0.3691 0.5853
vn -0.4879 0.7617 0.4263
vn 0.1615 0.8386 -0.5202
vn 0.7035 0.5238 0.4803
vn 0.2388 0.3024 0.9228
vn 0.5546 0.2348 0.7983
vt 0.272728 0.157461
vt 0.216542 0.014804
vt 0.454546 0.157461
vt 0.874365 0.014801
vt 0.818182 0.157461
vt 0.636364 0.157461
vt 0.545453 -0.070426
vt 0.363637 0.314921
vt 0.090910 0.157461
vt 0.181819 0.314921
vt 1.000000 0.157461
vt 0.909091 0.314921
vt 0.727273 0.314921
vt 0.545455 0.314921
vt 0.000000 0.314921
vt 0.419820 0.452335
vt 0.090909 0.537258
vt 0.671087 0.452332
s 0
usemtl Stone_2
f 3568/3746/3448 3569/3747/3448 3572/3748/3448
f 3569/3749/3449 3570/3750/3449 3571/3751/3449
f 3569/3752/3450 3571/3751/3450 3572/3748/3450
f 3568/3746/3451 3572/3748/3451 3577/3753/3451
f 3569/3754/3452 3568/3746/3452 3573/3755/3452
f 3570/3750/3453 3569/3756/3453 3574/3757/3453
f 3571/3751/3454 3570/3750/3454 3575/3758/3454
f 3572/3748/3455 3571/3751/3455 3576/3759/3455
f 3568/3746/3456 3577/3753/3456 3573/3755/3456
f 3569/3754/3457 3573/3755/3457 3574/3760/3457
f 3570/3750/3458 3574/3757/3458 3575/3758/3458
f 3571/3751/3459 3575/3758/3459 3576/3759/3459
f 3572/3748/3460 3576/3759/3460 3577/3753/3460
f 3573/3755/3461 3577/3753/3461 3576/3761/3461
f 3574/3760/3462 3573/3755/3462 3576/3762/3462
f 3575/3758/3463 3574/3757/3463 3576/3763/3463
o Icosphere.009
v 3.142200 -0.058428 -1.540613
v 3.234178 -0.055968 -1.403010
v 3.096002 -0.071781 -1.329658
v 2.922743 -0.066717 -1.370954
v 2.978228 -0.080261 -1.509223
v 3.205147 0.090321 -1.446440
v 3.141002 0.033681 -1.311327
v 2.994568 0.064016 -1.326079
v 2.960511 0.089621 -1.479016
v 3.064950 0.059855 -1.558162
vn 0.1200 -0.9908 -0.0625
vn 0.0150 -0.9829 -0.1836
vn 0.0462 -0.9922 0.1157
vn -0.1514 -0.2411 -0.9586
vn 0.8314 -0.0000 -0.5557
vn 0.4708 -0.3422 0.8131
vn -0.2327 -0.1989 0.9520
vn -0.9287 -0.0311 -0.3696
vn 0.5681 0.2550 -0.7825
vn 0.8016 0.3107 0.5108
vn -0.1238 -0.1184 0.9852
vn -0.8809 0.3940 0.2621
vn -0.5870 0.0820 -0.8054
vn 0.0382 0.9509 -0.3072
vn -0.0513 0.9295 0.3653
vn 0.1897 0.9744 0.1209
vt 0.272728 0.157461
vt 0.216542 0.014804
vt 0.454546 0.157461
vt 0.874365 0.014801
vt 0.818182 0.157461
vt 0.636364 0.157461
vt 0.545453 -0.070426
vt 0.363637 0.314921
vt 0.090910 0.157461
vt 0.181819 0.314921
vt 1.000000 0.157461
vt 0.909091 0.314921
vt 0.727273 0.314921
vt 0.545455 0.314921
vt 0.000000 0.314921
vt 0.419820 0.452335
vt 0.090909 0.537258
vt 0.671087 0.452332
s 0
usemtl Stone_1
f 3578/3764/3464 3579/3765/3464 3582/3766/3464
f 3579/3767/3465 3580/3768/3465 3581/3769/3465
f 3579/3770/3466 3581/3769/3466 3582/3766/3466
f 3578/3764/3467 3582/3766/3467 3587/3771/3467
f 3579/3772/3468 3578/3764/3468 3583/3773/3468
f 3580/3768/3469 3579/3774/3469 3584/3775/3469
f 3581/3769/3470 3580/3768/3470 3585/3776/3470
f 3582/3766/3471 3581/3769/3471 3586/3777/3471
f 3578/3764/3472 3587/3771/3472 3583/3773/3472
f 3579/3772/3473 3583/3773/3473 3584/3778/3473
f 3580/3768/3474 3584/3775/3474 3585/3776/3474
f 3581/3769/3475 3585/3776/3475 3586/3777/3475
f 3582/3766/3476 3586/3777/3476 3587/3771/3476
f 3583/3773/3477 3587/3771/3477 3586/3779/3477
f 3584/3778/3478 3583/3773/3478 3586/3780/3478
f 3585/3776/3479 3584/3775/3479 3586/3781/3479
o Icosphere.010
v -0.058747 -0.058428 -2.958541
v 0.091550 -0.055968 -3.027861
v 0.142384 -0.071781 -2.879911
v 0.074493 -0.066717 -2.715246
v -0.053393 -0.080261 -2.791677
v 0.044114 0.090321 -3.005981
v 0.167530 0.033681 -2.921489
v 0.130052 0.064016 -2.779166
v -0.026330 0.089621 -2.769453
v -0.088164 0.059855 -2.884987
vn -0.0429 -0.9908 -0.1283
vn -0.1790 -0.9829 -0.0436
vn 0.1215 -0.9922 -0.0275
vn -0.9705 -0.2411 -0.0004
vn -0.4188 -0.0000 -0.9081
vn 0.8768 -0.3422 -0.3378
vn 0.9039 -0.1989 0.3788
vn -0.5103 -0.0311 0.8594
vn -0.6839 0.2550 -0.6835
vn 0.6299 0.3107 -0.7118
vn 0.9537 -0.1184 0.2764
vn 0.1211 0.3940 0.9111
vn -0.8873 0.0820 0.4538
vn -0.2975 0.9509 -0.0858
vn 0.3528 0.9295 0.1078
vn 0.1491 0.9744 -0.1684
vt 0.272728 0.157461
vt 0.216542 0.014804
vt 0.454546 0.157461
vt 0.874365 0.014801
vt 0.818182 0.157461
vt 0.636364 0.157461
vt 0.545453 -0.070426
vt 0.363637 0.314921
vt 0.090910 0.157461
vt 0.181819 0.314921
vt 1.000000 0.157461
vt 0.909091 0.314921
vt 0.727273 0.314921
vt 0.545455 0.314921
vt 0.000000 0.314921
vt 0.419820 0.452335
vt 0.090909 0.537258
vt 0.671087 0.452332
s 0
usemtl Stone_2
f 3588/3782/3480 3589/3783/3480 3592/3784/3480
f 3589/3785/3481 3590/3786/3481 3591/3787/3481
f 3589/3788/3482 3591/3787/3482 3592/3784/3482
f 3588/3782/3483 3592/3784/3483 3597/3789/3483
f 3589/3790/3484 3588/3782/3484 3593/3791/3484
f 3590/3786/3485 3589/3792/3485 3594/3793/3485
f 3591/3787/3486 3590/3786/3486 3595/3794/3486
f 3592/3784/3487 3591/3787/3487 3596/3795/3487
f 3588/3782/3488 3597/3789/3488 3593/3791/3488
f 3589/3790/3489 3593/3791/3489 3594/3796/3489
f 3590/3786/3490 3594/3793/3490 3595/3794/3490
f 3591/3787/3491 3595/3794/3491 3596/3795/3491
f 3592/3784/3492 3596/3795/3492 3597/3789/3492
f 3593/3791/3493 3597/3789/3493 3596/3797/3493
f 3594/3796/3494 3593/3791/3494 3596/3798/3494
f 3595/3794/3495 3594/3793/3495 3596/3799/3495
o Icosphere.011
v 1.677058 0.081893 -3.296369
v 1.558019 0.145808 -3.391998
v 1.460876 0.079147 -3.287870
v 1.471304 -0.033500 -3.150206
v 1.616360 0.001274 -3.161591
v 1.602606 0.009594 -3.451890
v 1.455783 0.024690 -3.390299
v 1.446025 -0.089651 -3.293285
v 1.591652 -0.141447 -3.257018
v 1.686394 -0.059821 -3.306197
vn 0.0352 0.8506 0.5247
vn 0.1363 0.7717 0.6212
vn -0.1530 0.8192 0.5527
vn 0.9045 0.0301 0.4254
vn 0.6924 0.4681 -0.5491
vn -0.7332 0.6148 -0.2904
vn -0.9864 0.0822 0.1420
vn 0.1989 -0.5683 0.7984
vn 0.8813 0.0902 -0.4639
vn -0.3467 0.2801 -0.8952
vn -0.9962 0.0875 0.0030
vn -0.3936 -0.8300 0.3953
vn 0.6928 -0.4798 0.5383
vn 0.3542 -0.7487 -0.5604
vn -0.3238 -0.7389 -0.5909
vn -0.0391 -0.6445 -0.7636
vt 0.272728 0.157461
vt 0.216542 0.014804
vt 0.454546 0.157461
vt 0.874365 0.014801
vt 0.818182 0.157461
vt 0.636364 0.157461
vt 0.545453 -0.070426
vt 0.363637 0.314921
vt 0.090910 0.157461
vt 0.181819 0.314921
vt 1.000000 0.157461
vt 0.909091 0.314921
vt 0.727273 0.314921
vt 0.545455 0.314921
vt 0.000000 0.314921
vt 0.419820 0.452335
vt 0.090909 0.537258
vt 0.671087 0.452332
s 0
usemtl Stone_1
f 3598/3800/3496 3599/3801/3496 3602/3802/3496
f 3599/3803/3497 3600/3804/3497 3601/3805/3497
f 3599/3806/3498 3601/3805/3498 3602/3802/3498
f 3598/3800/3499 3602/3802/3499 3607/3807/3499
f 3599/3808/3500 3598/3800/3500 3603/3809/3500
f 3600/3804/3501 3599/3810/3501 3604/3811/3501
f 3601/3805/3502 3600/3804/3502 3605/3812/3502
f 3602/3802/3503 3601/3805/3503 3606/3813/3503
f 3598/3800/3504 3607/3807/3504 3603/3809/3504
f 3599/3808/3505 3603/3809/3505 3604/3814/3505
f 3600/3804/3506 3604/3811/3506 3605/3812/3506
f 3601/3805/3507 3605/3812/3507 3606/3813/3507
f 3602/3802/3508 3606/3813/3508 3607/3807/3508
f 3603/3809/3509 3607/3807/3509 3606/3815/3509
f 3604/3814/3510 3603/3809/3510 3606/3816/3510
f 3605/3812/3511 3604/3811/3511 3606/3817/3511
